[Licensing::Module] Trying to connect to existing licensing client channel...
Built from '6000.5/staging' branch; Version is '6000.5.0f1 (88b47c5e7076) revision 8959100'; Using compiler version '194234433'; Build Type 'Release'
OS: 'Windows 11  (10.0.26200) Professional' Language: 'ja' Physical Memory: 16208 MB
BatchMode: 1, IsHumanControllingUs: 0, StartBugReporterOnCrash: 0, Is64bit: 1
System  architecture: x64
Process architecture: x64
Date: 2026-08-06T05:40:19Z
[Licensing::IpcConnector] Successfully connected to: "LicenseClient-ikesakutarou" at "2026-08-06T05:40:19.0191433Z"

COMMAND LINE ARGUMENTS:
C:\Program Files\Unity\Hub\Editor\6000.5.0f1\Editor\Unity.exe
-adb2
-batchMode
-noUpm
-name
AssetImportWorkerHW2
-projectPath
C:/Users/ikesakutarou/t6-M6/Molkky
-logFile
Logs/AssetImportWorkerHW2.log
-srvPort
54571
-parentPid
15024
-analyticsCloudUserId
15669559352791
-analyticsCloudProjectId
ca0305d8-fd50-418a-928d-79e1b140c2d6
-analyticsLocalProjectId
3e589db341a320c4cadce79fc2ab57c8
-licensingIpc
LicenseClient-ikesakutarou
-noDiagnosticSwitchPersistentStore
-job-worker-count
5
-background-job-worker-count
8
-asset-garbage-collectors
1
-force-d3d12
-name
AssetImport
Successfully changed project path to: C:/Users/ikesakutarou/t6-M6/Molkky
C:/Users/ikesakutarou/t6-M6/Molkky
[UnityMemory] Configuration Parameters - Can be set up in boot.config
    "memorysetup-temp-allocator-size-gi-baking-worker=262144"
    "memorysetup-temp-allocator-size-gi-baking-worker=262144"
    "memorysetup-temp-allocator-size-gi-baking-worker=262144"
    "memorysetup-temp-allocator-size-gi-baking-worker=262144"
    "memorysetup-temp-allocator-size-gi-baking-worker=262144"
    "memorysetup-temp-allocator-size-nav-mesh-worker=65536"
    "memorysetup-temp-allocator-size-audio-worker=65536"
    "memorysetup-temp-allocator-size-cloud-worker=32768"
    "memorysetup-temp-allocator-size-gfx=262144"
    "memorysetup-temp-allocator-size-preload-manager=33554432"
    "memorysetup-allocator-temp-initial-block-size-main=262144"
    "memorysetup-allocator-temp-initial-block-size-worker=262144"
    "memorysetup-temp-allocator-size-job-worker=262144"
    "memorysetup-temp-allocator-size-background-worker=32768"
    "memorysetup-bucket-allocator-granularity=16"
    "memorysetup-bucket-allocator-bucket-count=8"
    "memorysetup-bucket-allocator-block-size=33554432"
    "memorysetup-bucket-allocator-block-count=8"
    "memorysetup-main-allocator-block-size=16777216"
    "memorysetup-thread-allocator-block-size=16777216"
    "memorysetup-main-allocator-mimalloc-enabled=0"
    "memorysetup-gfx-main-allocator-block-size=16777216"
    "memorysetup-gfx-thread-allocator-block-size=16777216"
    "memorysetup-cache-allocator-block-size=4194304"
    "memorysetup-typetree-allocator-block-size=2097152"
    "memorysetup-profiler-bucket-allocator-granularity=16"
    "memorysetup-profiler-bucket-allocator-bucket-count=8"
    "memorysetup-profiler-bucket-allocator-block-size=33554432"
    "memorysetup-profiler-bucket-allocator-block-count=8"
    "memorysetup-profiler-allocator-block-size=16777216"
    "memorysetup-profiler-editor-allocator-block-size=1048576"
    "memorysetup-temp-allocator-size-main=16777216"
    "memorysetup-job-temp-allocator-block-size=2097152"
    "memorysetup-job-temp-allocator-block-size-background=1048576"
    "memorysetup-job-temp-allocator-reduction-small-platforms=262144"
Player connection [18688]  Target information:

Player connection [18688]  * "[IP] 100.64.1.39 [Port] 0 [Flags] 2 [Guid] 259623792 [EditorId] 259623792 [Version] 1048832 [Id] WindowsEditor(7,池朔太郎) [Debug] 1 [PackageName] WindowsEditor [ProjectName] Editor" 

Player connection [18688] Host joined multi-casting on [225.0.0.222:54997]...
Player connection [18688] Host joined alternative multi-casting on [225.0.0.222:34997]...
JobSystem: Creating JobQueue using job-worker-count value 5
Input System module state changed to: Initialized.
[Physics::Module] Initialized fallback backend.
[Physics::Module] Id: 0xdecafbad
Library Redirect Path: Library/
[Physics::Module] Selected backend.
[Physics::Module] Name: PhysX
[Physics::Module] Id: 0xf2b8ea05
[Physics::Module] SDK Version: 4.1.2
[Physics::Module] Integration Version: 1.0.0
[Physics::Module] Threading Mode: Multi-Threaded
Refreshing native plugins compatible for Editor in 46.94 ms, found 5 plugins.
Preloading 1 native plugins for Editor in 5.53 ms.
Initialize engine version: 6000.5.0f1 (88b47c5e7076)
[Subsystems] Discovering subsystems at path C:/Program Files/Unity/Hub/Editor/6000.5.0f1/Editor/Data/Resources/UnitySubsystems
[Subsystems] Discovering subsystems at path C:/Users/ikesakutarou/t6-M6/Molkky/Assets
Forcing GfxDevice: Direct3D 12
GfxDevice: creating device client; kGfxThreadingModeNonThreaded
d3d12: failed to query info queue interface (0x80004002).
Direct3D:
    Version:         Direct3D 12 [level 12.1]
    Renderer:        Intel(R) Iris(R) Xe Graphics (ID=0x46a8)
    Vendor:          Intel
    VRAM:            8104 MB
    App VRAM Budget: 7442 MB
    Driver:          32.0.101.6737
    Unified Memory Architecture
    Cache Coherent UMA
Initialize mono
Mono path[0] = 'C:/Program Files/Unity/Hub/Editor/6000.5.0f1/Editor/Data/Managed'
Mono path[1] = 'C:/Program Files/Unity/Hub/Editor/6000.5.0f1/Editor/Data/BCLExtensions/runtime/netstandard2.1'
Mono path[2] = 'C:/Program Files/Unity/Hub/Editor/6000.5.0f1/Editor/Data/MonoBleedingEdge/lib/mono/unityjit-win32'
Mono config path = 'C:/Program Files/Unity/Hub/Editor/6000.5.0f1/Editor/Data/MonoBleedingEdge/etc'
Using monoOptions --debugger-agent=transport=dt_socket,embedding=1,server=y,suspend=n,address=127.0.0.1:56404
CodeReloadManager initialized
Begin MonoManager ReloadAssembly
Registering precompiled unity dll's ...
Register platform support module: C:/Program Files/Unity/Hub/Editor/6000.5.0f1/Editor/Data/PlaybackEngines/WebGLSupport/UnityEditor.WebGL.Extensions.dll
Register platform support module: C:/Program Files/Unity/Hub/Editor/6000.5.0f1/Editor/Data/PlaybackEngines/WindowsStandaloneSupport/UnityEditor.WindowsStandalone.Extensions.dll
Registered in 0.008712 seconds.
Native extension for WindowsStandalone target not found
Native extension for WebGL target not found
Package Manager log level set to [2]
[Package Manager] Failed to launch server process. Reason: Unity was launched with the -noUpm command-line argument
[Package Manager] Unable to send message (not connected to server process).
[Package Manager] Cannot connect to Unity Package Manager local server
ScheduleIndexationOnStartup MainProcess:False IndexOnStartup:True
Mono: successfully reloaded assembly
- Finished resetting the current domain, in  1.273 seconds
Domain Reload Profiling: 2718ms
	BeginReloadAssembly (335ms)
	RebuildCommonClasses (9ms)
	RebuildNativeTypeToScriptingClass (34ms)
	initialDomainReloadingComplete (235ms)
	LoadAllAssembliesAndSetupDomain (824ms)
		LoadAssemblies (334ms)
		AnalyzeDomain (591ms)
			TypeCache.Refresh (587ms)
				TypeCache.ScanAssembly (547ms)
	FinalizeReload (1280ms)
		SetupLoadedEditorAssemblies (0ms)
			InitializePlatformSupportModulesInManaged (8ms)
			BeforeProcessingInitializeOnLoad (265ms)
			ProcessInitializeOnLoadAttributes (347ms)
			ProcessInitializeOnLoadMethodAttributes (425ms)
[Licensing::Client] Error: HandshakeResponse reported an error:
	ResponseCode: 505
	ResponseStatus: Unsupported protocol version '1.18.1'.
[Licensing::Module] Error: Failed to handshake to channel: "LicenseClient-ikesakutarou"
[Licensing::IpcConnector] LicenseClient-ikesakutarou channel disconnected successfully.
[Licensing::IpcConnector] Successfully connected to: "LicenseClient-ikesakutarou-6000.5.0" at "2026-08-06T05:40:24.4671077Z"
[Licensing::Client] Code 10 while verifying Licensing Client signature (process Id: 14008, path: "C:/Program Files/Unity/Hub/Editor/6000.5.0f1/Editor/Data/Resources/Licensing/Client/Unity.Licensing.Client.exe")
[Licensing::Module] LicensingClient has failed validation; ignoring
[Licensing::Client] Handshaking with LicensingClient:
  Version:                 1.18.1+9fbee8e
  Session Id:              ad72dba9f4a34b99964491837976c50a
  Correlation Id:          e1a1703fd55ecff7c4bb4c7cc750ab58
  External correlation Id: 676581254196939833
  Machine Id:              VZgJXSmVxX7U+tBjatLkCvjor/o=
[Licensing::Module] Successfully connected to LicensingClient on channel: "LicenseClient-ikesakutarou-6000.5.0" (connect: 0.00s, validation: 0.01s, handshake: 0.03s)
[Licensing::IpcConnector] Successfully connected to: "LicenseClient-ikesakutarou-6000.5.0-notifications" at "2026-08-06T05:40:24.5097882Z"
[Licensing::Module] Licensing Background thread has ended after 5.49s
Initializing Unity extensions:
[Licensing::Client] Successfully resolved entitlement details
[Licensing::Module] License group:
  Id: F4-S82E-258Q-RRPW-KWCH-XXXX
  Product: Unity Personal
  Type: ULF
  Expiration: Unlimited
[Licensing::Module] License group:
  Id: 15669559352791-UnityPersXXXX
  Product: Unity Personal
  Type: Assigned
  Expiration: Unlimited
Curl error 3: URL rejected: Malformed input to a URL function
========================================================================
Worker process is ready to serve import requests
Import Worker Mode flag is 0x00
Begin MonoManager ReloadAssembly
Symbol file LoadedFromMemory is not a mono symbol file
Symbol file LoadedFromMemory is not a mono symbol file
Refreshing native plugins compatible for Editor in 20.13 ms, found 5 plugins.
Native extension for WindowsStandalone target not found
Native extension for WebGL target not found
[Package Manager] Failed to launch server process. Reason: Unity was launched with the -noUpm command-line argument
[Package Manager] Unable to send message (not connected to server process).
[Package Manager] Cannot connect to Unity Package Manager local server
Refreshing native plugins compatible for Editor in 18.01 ms, found 5 plugins.
[Package Manager] Failed to launch server process. Reason: Unity was launched with the -noUpm command-line argument
[Package Manager] Unable to send message (not connected to server process).
[Package Manager] Cannot connect to Unity Package Manager local server
[MODES] ModeService[none].Initialize
[MODES] ModeService[none].LoadModes
[MODES] Loading mode Default (0) for mode-current-id-Molkky
[Licensing::Client] Error: Code 404 while processing request (status: Found 0 entitlement groups and 0 free entitlements matching requested entitlement ids)
ScheduleIndexationOnStartup MainProcess:False IndexOnStartup:True
Mono: successfully reloaded assembly
- Finished resetting the current domain, in  4.829 seconds
Domain Reload Profiling: 8675ms
	BeginReloadAssembly (416ms)
		DisableScriptedObjects (9ms)
		CreateAndSetChildDomain (59ms)
	RebuildCommonClasses (38ms)
	RebuildNativeTypeToScriptingClass (31ms)
	initialDomainReloadingComplete (391ms)
	LoadAllAssembliesAndSetupDomain (2968ms)
		LoadAssemblies (1653ms)
		AnalyzeDomain (1240ms)
			TypeCache.Refresh (973ms)
				TypeCache.ScanAssembly (907ms)
			BuildScriptInfoCaches (243ms)
			ResolveRequiredComponents (17ms)
	FinalizeReload (4831ms)
		SetupLoadedEditorAssemblies (0ms)
			InitializePlatformSupportModulesInManaged (5ms)
			BeforeProcessingInitializeOnLoad (265ms)
			ProcessInitializeOnLoadAttributes (2642ms)
			ProcessInitializeOnLoadMethodAttributes (1158ms)
			AfterProcessingInitializeOnLoad (10ms)
		AwakeInstancesAfterBackupRestoration (8ms)
AcceleratorClientConnectionCallback - disconnected - :0
Launched and connected shader compiler UnityShaderCompiler.exe after 0.08 seconds
Refreshing native plugins compatible for Editor in 14.08 ms, found 5 plugins.
Unloading 66 Unused Serialized files (Serialized files now loaded: 0)
Curl error 3: URL rejected: Malformed input to a URL function
Unloading 10411 unused Assets / (21.9 MB). Loaded Objects now: 11308.
Memory consumption went from 495.2 MB to 473.2 MB.
Total: 54.697400 ms (FindLiveObjects: 2.206800 ms CreateObjectMapping: 11.552100 ms MarkObjects: 29.140600 ms  DeleteObjects: 11.792300 ms)

========================================================================
Received Import Request.
  Time of request: 2026-08-06T05:41:00.1911066Z
  Time since last request: 1534.34189020000008 seconds.
  importAddress: GUID: 41af3c690a8e7294cb0855f33fdf9188 - Path: Assets/New_number.mat - Importer: ScriptedImporter/UnityEditor.QuickSearchModule:UnityEditor.Search:ASIAI0B
Importing 'GUID: 41af3c690a8e7294cb0855f33fdf9188 - Path: Assets/New_number.mat - Importer: ScriptedImporter/UnityEditor.QuickSearchModule:UnityEditor.Search:ASIAI0B' with importer (ScriptedImporter : UnityEditor.QuickSearchModule:UnityEditor.Search:ASIAI0B)
Imported 'GUID: 41af3c690a8e7294cb0855f33fdf9188' -> (Import Result ID: 'c32323da9e6712e80de52d63e7640ff0') in 0.229 seconds [static and dynamic dependencies]. Details - ImportResultOutputID=3565a77d40e51c501b16c241ee0223d5 DependenciesID=ce07e3445f20a4488b783fb5c81b6076 StaticDependenciesID=8ede19fcc866bebeba61f09771b85561 
Number of updated asset objects reloaded before import = 0
Number of asset objects unloaded after import = 2
========================================================================
Received Prepare
AcceleratorClientConnectionCallback - disconnected - :0
Refreshing native plugins compatible for Editor in 34.65 ms, found 5 plugins.
Unloading 66 Unused Serialized files (Serialized files now loaded: 0)
Unloading 10389 unused Assets / (20.6 MB). Loaded Objects now: 11311.
Memory consumption went from 494.2 MB to 473.7 MB.
Total: 153.731000 ms (FindLiveObjects: 6.675500 ms CreateObjectMapping: 29.120300 ms MarkObjects: 99.958300 ms  DeleteObjects: 17.971100 ms)

Prepare: number of updated asset objects reloaded= 0
========================================================================
Received Import Request.
  Time of request: 2026-08-06T05:54:14.6330898Z
  Time since last request: 794.17067520000001 seconds.
  importAddress: GUID: d8d7796a4d642ce42856007227a63568 - Path: Assets/Mo.cs - Importer: ScriptedImporter/UnityEditor.QuickSearchModule:UnityEditor.Search:ASIAI0B
Importing 'GUID: d8d7796a4d642ce42856007227a63568 - Path: Assets/Mo.cs - Importer: ScriptedImporter/UnityEditor.QuickSearchModule:UnityEditor.Search:ASIAI0B' with importer (ScriptedImporter : UnityEditor.QuickSearchModule:UnityEditor.Search:ASIAI0B)
Imported 'GUID: d8d7796a4d642ce42856007227a63568' -> (Import Result ID: 'd3b839c120368c1a6884976340cb04a2') in 0.059 seconds [static and dynamic dependencies]. Details - ImportResultOutputID=36cbef2f58dbfbf0a1b997a02dc03896 DependenciesID=fb8888bbb9b7056a531d1c0c02115157 StaticDependenciesID=090a5928f44b294aa7a96507c64af398 
Number of updated asset objects reloaded before import = 0
Number of asset objects unloaded after import = 0
========================================================================
Received Import Request.
  Time of request: 2026-08-06T05:54:14.864632Z
  Time since last request: 0.1211796 seconds.
  importAddress: GUID: d8d7796a4d642ce42856007227a63568 - Path: Assets/Mo.cs - Importer: PreviewImporter
Importing 'GUID: d8d7796a4d642ce42856007227a63568 - Path: Assets/Mo.cs - Importer: PreviewImporter' with importer (PreviewImporter)
Imported 'GUID: d8d7796a4d642ce42856007227a63568' -> (Import Result ID: '806a42e677dadf2b615cd979dbb0dba3') in 0.010 seconds [static and dynamic dependencies]. Details - ImportResultOutputID=7b622c8119b16525a70b104a1d34e412 DependenciesID=d77c29902085661d85351d6fda506951 StaticDependenciesID=89a890ccc12e44b5e1466c963c480666 
Number of updated asset objects reloaded before import = 0
Number of asset objects unloaded after import = 0
========================================================================
Received Prepare
AcceleratorClientConnectionCallback - disconnected - :0
[Licensing::Client] Successfully resolved entitlement details
[Licensing::Module] License group:
  Id: F4-S82E-258Q-RRPW-KWCH-XXXX
  Product: Unity Personal
  Type: ULF
  Expiration: Unlimited
[Licensing::Module] License group:
  Id: 15669559352791-UnityPersXXXX
  Product: Unity Personal
  Type: Assigned
  Expiration: Unlimited
Begin MonoManager ReloadAssembly
Symbol file LoadedFromMemory is not a mono symbol file
Symbol file LoadedFromMemory is not a mono symbol file
Refreshing native plugins compatible for Editor in 22.76 ms, found 5 plugins.
Native extension for WindowsStandalone target not found
Native extension for WebGL target not found
[Package Manager] Failed to launch server process. Reason: Unity was launched with the -noUpm command-line argument
[Package Manager] Unable to send message (not connected to server process).
[Package Manager] Cannot connect to Unity Package Manager local server
Refreshing native plugins compatible for Editor in 34.99 ms, found 5 plugins.
[Package Manager] Failed to launch server process. Reason: Unity was launched with the -noUpm command-line argument
[Package Manager] Unable to send message (not connected to server process).
[Package Manager] Cannot connect to Unity Package Manager local server
[MODES] ModeService[none].Initialize
[MODES] ModeService[none].LoadModes
[Licensing::Client] Error: Code 404 while processing request (status: Found 0 entitlement groups and 0 free entitlements matching requested entitlement ids)
ScheduleIndexationOnStartup MainProcess:False IndexOnStartup:True
Mono: successfully reloaded assembly
- Finished resetting the current domain, in  5.266 seconds
Domain Reload Profiling: 8889ms
	BeginReloadAssembly (688ms)
		DisableScriptedObjects (17ms)
		CreateAndSetChildDomain (223ms)
	RebuildCommonClasses (24ms)
	RebuildNativeTypeToScriptingClass (41ms)
	initialDomainReloadingComplete (412ms)
	LoadAllAssembliesAndSetupDomain (2456ms)
		LoadAssemblies (1461ms)
		AnalyzeDomain (883ms)
			TypeCache.Refresh (35ms)
			BuildScriptInfoCaches (821ms)
			ResolveRequiredComponents (21ms)
	FinalizeReload (5268ms)
		SetupLoadedEditorAssemblies (0ms)
			InitializePlatformSupportModulesInManaged (6ms)
			BeforeProcessingInitializeOnLoad (377ms)
			ProcessInitializeOnLoadAttributes (2402ms)
			ProcessInitializeOnLoadMethodAttributes (1466ms)
			AfterProcessingInitializeOnLoad (16ms)
		AwakeInstancesAfterBackupRestoration (47ms)
Refreshing native plugins compatible for Editor in 16.16 ms, found 5 plugins.
Unloading 66 Unused Serialized files (Serialized files now loaded: 0)
Unloading 10409 unused Assets / (21.9 MB). Loaded Objects now: 11356.
Memory consumption went from 496.6 MB to 474.7 MB.
Total: 67.440400 ms (FindLiveObjects: 2.402200 ms CreateObjectMapping: 12.507800 ms MarkObjects: 39.938200 ms  DeleteObjects: 12.589100 ms)

Prepare: number of updated asset objects reloaded= 0
========================================================================
Received Prepare
AcceleratorClientConnectionCallback - disconnected - :0
Refreshing native plugins compatible for Editor in 20.40 ms, found 5 plugins.
Unloading 66 Unused Serialized files (Serialized files now loaded: 0)
Unloading 10389 unused Assets / (21.5 MB). Loaded Objects now: 11356.
Memory consumption went from 500.0 MB to 478.5 MB.
Total: 72.384300 ms (FindLiveObjects: 2.252900 ms CreateObjectMapping: 14.157800 ms MarkObjects: 39.541200 ms  DeleteObjects: 16.429700 ms)

Prepare: number of updated asset objects reloaded= 0
========================================================================
Received Import Request.
  Time of request: 2026-08-06T05:54:52.6310846Z
  Time since last request: 37.6938245 seconds.
  importAddress: GUID: d8d7796a4d642ce42856007227a63568 - Path: Assets/MolkkyItemHandler.cs - Importer: PreviewImporter
Importing 'GUID: d8d7796a4d642ce42856007227a63568 - Path: Assets/MolkkyItemHandler.cs - Importer: PreviewImporter' with importer (PreviewImporter)
Imported 'GUID: d8d7796a4d642ce42856007227a63568' -> (Import Result ID: '94f834652aa83bb357fd796736adecfc') in 0.025 seconds [static and dynamic dependencies]. Details - ImportResultOutputID=7b622c8119b16525a70b104a1d34e412 DependenciesID=6358eb6b51c7608152c3fb3956857c2c StaticDependenciesID=ee52a093b5033363589b0b273f1576f5 
Number of updated asset objects reloaded before import = 0
Number of asset objects unloaded after import = 0
========================================================================
Received Import Request.
  Time of request: 2026-08-06T05:54:52.7062567Z
  Time since last request: 0.010976 seconds.
  importAddress: GUID: d8d7796a4d642ce42856007227a63568 - Path: Assets/MolkkyItemHandler.cs - Importer: PreviewImporter
Importing 'GUID: d8d7796a4d642ce42856007227a63568 - Path: Assets/MolkkyItemHandler.cs - Importer: PreviewImporter' with importer (PreviewImporter)
Imported 'GUID: d8d7796a4d642ce42856007227a63568' -> (Import Result ID: '94f834652aa83bb357fd796736adecfc') in 0.009 seconds [static and dynamic dependencies]. Details - ImportResultOutputID=7b622c8119b16525a70b104a1d34e412 DependenciesID=6358eb6b51c7608152c3fb3956857c2c StaticDependenciesID=ee52a093b5033363589b0b273f1576f5 
Number of updated asset objects reloaded before import = 0
Number of asset objects unloaded after import = 0
========================================================================
Received Import Request.
  Time of request: 2026-08-06T05:54:52.7532171Z
  Time since last request: 0.0015402 seconds.
  importAddress: GUID: d8d7796a4d642ce42856007227a63568 - Path: Assets/MolkkyItemHandler.cs - Importer: PreviewImporter
Importing 'GUID: d8d7796a4d642ce42856007227a63568 - Path: Assets/MolkkyItemHandler.cs - Importer: PreviewImporter' with importer (PreviewImporter)
Imported 'GUID: d8d7796a4d642ce42856007227a63568' -> (Import Result ID: '94f834652aa83bb357fd796736adecfc') in 0.002 seconds [static and dynamic dependencies]. Details - ImportResultOutputID=7b622c8119b16525a70b104a1d34e412 DependenciesID=6358eb6b51c7608152c3fb3956857c2c StaticDependenciesID=ee52a093b5033363589b0b273f1576f5 
Number of updated asset objects reloaded before import = 0
Number of asset objects unloaded after import = 0
========================================================================
Received Import Request.
  Time of request: 2026-08-06T05:54:52.8231985Z
  Time since last request: 0.0367217 seconds.
  importAddress: GUID: d8d7796a4d642ce42856007227a63568 - Path: Assets/MolkkyItemHandler.cs - Importer: PreviewImporter
Importing 'GUID: d8d7796a4d642ce42856007227a63568 - Path: Assets/MolkkyItemHandler.cs - Importer: PreviewImporter' with importer (PreviewImporter)
Imported 'GUID: d8d7796a4d642ce42856007227a63568' -> (Import Result ID: '94f834652aa83bb357fd796736adecfc') in 0.002 seconds [static and dynamic dependencies]. Details - ImportResultOutputID=7b622c8119b16525a70b104a1d34e412 DependenciesID=6358eb6b51c7608152c3fb3956857c2c StaticDependenciesID=ee52a093b5033363589b0b273f1576f5 
Number of updated asset objects reloaded before import = 0
Number of asset objects unloaded after import = 0
========================================================================
Received Import Request.
  Time of request: 2026-08-06T05:54:52.876353Z
  Time since last request: 0.0149784 seconds.
  importAddress: GUID: d8d7796a4d642ce42856007227a63568 - Path: Assets/MolkkyItemHandler.cs - Importer: PreviewImporter
Importing 'GUID: d8d7796a4d642ce42856007227a63568 - Path: Assets/MolkkyItemHandler.cs - Importer: PreviewImporter' with importer (PreviewImporter)
Imported 'GUID: d8d7796a4d642ce42856007227a63568' -> (Import Result ID: '94f834652aa83bb357fd796736adecfc') in 0.002 seconds [static and dynamic dependencies]. Details - ImportResultOutputID=7b622c8119b16525a70b104a1d34e412 DependenciesID=6358eb6b51c7608152c3fb3956857c2c StaticDependenciesID=ee52a093b5033363589b0b273f1576f5 
Number of updated asset objects reloaded before import = 0
Number of asset objects unloaded after import = 0
========================================================================
Received Import Request.
  Time of request: 2026-08-06T05:54:52.9303458Z
  Time since last request: 0.0176129 seconds.
  importAddress: GUID: d8d7796a4d642ce42856007227a63568 - Path: Assets/MolkkyItemHandler.cs - Importer: PreviewImporter
Importing 'GUID: d8d7796a4d642ce42856007227a63568 - Path: Assets/MolkkyItemHandler.cs - Importer: PreviewImporter' with importer (PreviewImporter)
Imported 'GUID: d8d7796a4d642ce42856007227a63568' -> (Import Result ID: '94f834652aa83bb357fd796736adecfc') in 0.002 seconds [static and dynamic dependencies]. Details - ImportResultOutputID=7b622c8119b16525a70b104a1d34e412 DependenciesID=6358eb6b51c7608152c3fb3956857c2c StaticDependenciesID=ee52a093b5033363589b0b273f1576f5 
Number of updated asset objects reloaded before import = 0
Number of asset objects unloaded after import = 0
========================================================================
Received Import Request.
  Time of request: 2026-08-06T05:54:52.9782235Z
  Time since last request: 0.0141921 seconds.
  importAddress: GUID: d8d7796a4d642ce42856007227a63568 - Path: Assets/MolkkyItemHandler.cs - Importer: PreviewImporter
Importing 'GUID: d8d7796a4d642ce42856007227a63568 - Path: Assets/MolkkyItemHandler.cs - Importer: PreviewImporter' with importer (PreviewImporter)
Imported 'GUID: d8d7796a4d642ce42856007227a63568' -> (Import Result ID: '94f834652aa83bb357fd796736adecfc') in 0.002 seconds [static and dynamic dependencies]. Details - ImportResultOutputID=7b622c8119b16525a70b104a1d34e412 DependenciesID=6358eb6b51c7608152c3fb3956857c2c StaticDependenciesID=ee52a093b5033363589b0b273f1576f5 
Number of updated asset objects reloaded before import = 0
Number of asset objects unloaded after import = 0
========================================================================
Received Import Request.
  Time of request: 2026-08-06T05:54:53.0280234Z
  Time since last request: 0.0109267 seconds.
  importAddress: GUID: d8d7796a4d642ce42856007227a63568 - Path: Assets/MolkkyItemHandler.cs - Importer: PreviewImporter
Importing 'GUID: d8d7796a4d642ce42856007227a63568 - Path: Assets/MolkkyItemHandler.cs - Importer: PreviewImporter' with importer (PreviewImporter)
Imported 'GUID: d8d7796a4d642ce42856007227a63568' -> (Import Result ID: '94f834652aa83bb357fd796736adecfc') in 0.003 seconds [static and dynamic dependencies]. Details - ImportResultOutputID=7b622c8119b16525a70b104a1d34e412 DependenciesID=6358eb6b51c7608152c3fb3956857c2c StaticDependenciesID=ee52a093b5033363589b0b273f1576f5 
Number of updated asset objects reloaded before import = 0
Number of asset objects unloaded after import = 0
========================================================================
Received Import Request.
  Time of request: 2026-08-06T05:54:53.0800582Z
  Time since last request: 0.0124941 seconds.
  importAddress: GUID: d8d7796a4d642ce42856007227a63568 - Path: Assets/MolkkyItemHandler.cs - Importer: PreviewImporter
Importing 'GUID: d8d7796a4d642ce42856007227a63568 - Path: Assets/MolkkyItemHandler.cs - Importer: PreviewImporter' with importer (PreviewImporter)
Imported 'GUID: d8d7796a4d642ce42856007227a63568' -> (Import Result ID: '94f834652aa83bb357fd796736adecfc') in 0.002 seconds [static and dynamic dependencies]. Details - ImportResultOutputID=7b622c8119b16525a70b104a1d34e412 DependenciesID=6358eb6b51c7608152c3fb3956857c2c StaticDependenciesID=ee52a093b5033363589b0b273f1576f5 
Number of updated asset objects reloaded before import = 0
Number of asset objects unloaded after import = 0
========================================================================
Received Import Request.
  Time of request: 2026-08-06T05:54:53.1291557Z
  Time since last request: 0.0132333 seconds.
  importAddress: GUID: d8d7796a4d642ce42856007227a63568 - Path: Assets/MolkkyItemHandler.cs - Importer: PreviewImporter
Importing 'GUID: d8d7796a4d642ce42856007227a63568 - Path: Assets/MolkkyItemHandler.cs - Importer: PreviewImporter' with importer (PreviewImporter)
Imported 'GUID: d8d7796a4d642ce42856007227a63568' -> (Import Result ID: '94f834652aa83bb357fd796736adecfc') in 0.002 seconds [static and dynamic dependencies]. Details - ImportResultOutputID=7b622c8119b16525a70b104a1d34e412 DependenciesID=6358eb6b51c7608152c3fb3956857c2c StaticDependenciesID=ee52a093b5033363589b0b273f1576f5 
Number of updated asset objects reloaded before import = 0
Number of asset objects unloaded after import = 0
========================================================================
Received Import Request.
  Time of request: 2026-08-06T05:54:53.1787592Z
  Time since last request: 0.0137549 seconds.
  importAddress: GUID: d8d7796a4d642ce42856007227a63568 - Path: Assets/MolkkyItemHandler.cs - Importer: PreviewImporter
Importing 'GUID: d8d7796a4d642ce42856007227a63568 - Path: Assets/MolkkyItemHandler.cs - Importer: PreviewImporter' with importer (PreviewImporter)
Imported 'GUID: d8d7796a4d642ce42856007227a63568' -> (Import Result ID: '94f834652aa83bb357fd796736adecfc') in 0.002 seconds [static and dynamic dependencies]. Details - ImportResultOutputID=7b622c8119b16525a70b104a1d34e412 DependenciesID=6358eb6b51c7608152c3fb3956857c2c StaticDependenciesID=ee52a093b5033363589b0b273f1576f5 
Number of updated asset objects reloaded before import = 0
Number of asset objects unloaded after import = 0
========================================================================
Received Import Request.
  Time of request: 2026-08-06T05:54:53.2298103Z
  Time since last request: 0.0169445 seconds.
  importAddress: GUID: d8d7796a4d642ce42856007227a63568 - Path: Assets/MolkkyItemHandler.cs - Importer: PreviewImporter
Importing 'GUID: d8d7796a4d642ce42856007227a63568 - Path: Assets/MolkkyItemHandler.cs - Importer: PreviewImporter' with importer (PreviewImporter)
Imported 'GUID: d8d7796a4d642ce42856007227a63568' -> (Import Result ID: '94f834652aa83bb357fd796736adecfc') in 0.002 seconds [static and dynamic dependencies]. Details - ImportResultOutputID=7b622c8119b16525a70b104a1d34e412 DependenciesID=6358eb6b51c7608152c3fb3956857c2c StaticDependenciesID=ee52a093b5033363589b0b273f1576f5 
Number of updated asset objects reloaded before import = 0
Number of asset objects unloaded after import = 0
========================================================================
Received Import Request.
  Time of request: 2026-08-06T05:54:53.2788283Z
  Time since last request: 0.0132887 seconds.
  importAddress: GUID: d8d7796a4d642ce42856007227a63568 - Path: Assets/MolkkyItemHandler.cs - Importer: PreviewImporter
Importing 'GUID: d8d7796a4d642ce42856007227a63568 - Path: Assets/MolkkyItemHandler.cs - Importer: PreviewImporter' with importer (PreviewImporter)
Imported 'GUID: d8d7796a4d642ce42856007227a63568' -> (Import Result ID: '94f834652aa83bb357fd796736adecfc') in 0.002 seconds [static and dynamic dependencies]. Details - ImportResultOutputID=7b622c8119b16525a70b104a1d34e412 DependenciesID=6358eb6b51c7608152c3fb3956857c2c StaticDependenciesID=ee52a093b5033363589b0b273f1576f5 
Number of updated asset objects reloaded before import = 0
Number of asset objects unloaded after import = 0
========================================================================
Received Import Request.
  Time of request: 2026-08-06T05:54:53.3859016Z
  Time since last request: 0.0674431 seconds.
  importAddress: GUID: d8d7796a4d642ce42856007227a63568 - Path: Assets/MolkkyItemHandler.cs - Importer: PreviewImporter
Importing 'GUID: d8d7796a4d642ce42856007227a63568 - Path: Assets/MolkkyItemHandler.cs - Importer: PreviewImporter' with importer (PreviewImporter)
Imported 'GUID: d8d7796a4d642ce42856007227a63568' -> (Import Result ID: '94f834652aa83bb357fd796736adecfc') in 0.002 seconds [static and dynamic dependencies]. Details - ImportResultOutputID=7b622c8119b16525a70b104a1d34e412 DependenciesID=6358eb6b51c7608152c3fb3956857c2c StaticDependenciesID=ee52a093b5033363589b0b273f1576f5 
Number of updated asset objects reloaded before import = 0
Number of asset objects unloaded after import = 0
========================================================================
Received Import Request.
  Time of request: 2026-08-06T05:54:53.4923476Z
  Time since last request: 0.0637167 seconds.
  importAddress: GUID: d8d7796a4d642ce42856007227a63568 - Path: Assets/MolkkyItemHandler.cs - Importer: PreviewImporter
Importing 'GUID: d8d7796a4d642ce42856007227a63568 - Path: Assets/MolkkyItemHandler.cs - Importer: PreviewImporter' with importer (PreviewImporter)
Imported 'GUID: d8d7796a4d642ce42856007227a63568' -> (Import Result ID: '94f834652aa83bb357fd796736adecfc') in 0.002 seconds [static and dynamic dependencies]. Details - ImportResultOutputID=7b622c8119b16525a70b104a1d34e412 DependenciesID=6358eb6b51c7608152c3fb3956857c2c StaticDependenciesID=ee52a093b5033363589b0b273f1576f5 
Number of updated asset objects reloaded before import = 0
Number of asset objects unloaded after import = 0
========================================================================
Received Import Request.
  Time of request: 2026-08-06T05:54:53.6038138Z
  Time since last request: 0.0634015 seconds.
  importAddress: GUID: d8d7796a4d642ce42856007227a63568 - Path: Assets/MolkkyItemHandler.cs - Importer: PreviewImporter
Importing 'GUID: d8d7796a4d642ce42856007227a63568 - Path: Assets/MolkkyItemHandler.cs - Importer: PreviewImporter' with importer (PreviewImporter)
Imported 'GUID: d8d7796a4d642ce42856007227a63568' -> (Import Result ID: '94f834652aa83bb357fd796736adecfc') in 0.001 seconds [static and dynamic dependencies]. Details - ImportResultOutputID=7b622c8119b16525a70b104a1d34e412 DependenciesID=6358eb6b51c7608152c3fb3956857c2c StaticDependenciesID=ee52a093b5033363589b0b273f1576f5 
Number of updated asset objects reloaded before import = 0
Number of asset objects unloaded after import = 0
========================================================================
Received Import Request.
  Time of request: 2026-08-06T05:54:53.6878721Z
  Time since last request: 0.0386161 seconds.
  importAddress: GUID: d8d7796a4d642ce42856007227a63568 - Path: Assets/MolkkyItemHandler.cs - Importer: PreviewImporter
Importing 'GUID: d8d7796a4d642ce42856007227a63568 - Path: Assets/MolkkyItemHandler.cs - Importer: PreviewImporter' with importer (PreviewImporter)
Imported 'GUID: d8d7796a4d642ce42856007227a63568' -> (Import Result ID: '94f834652aa83bb357fd796736adecfc') in 0.002 seconds [static and dynamic dependencies]. Details - ImportResultOutputID=7b622c8119b16525a70b104a1d34e412 DependenciesID=6358eb6b51c7608152c3fb3956857c2c StaticDependenciesID=ee52a093b5033363589b0b273f1576f5 
Number of updated asset objects reloaded before import = 0
Number of asset objects unloaded after import = 0
========================================================================
Received Prepare
AcceleratorClientConnectionCallback - disconnected - :0
Refreshing native plugins compatible for Editor in 33.31 ms, found 5 plugins.
Unloading 66 Unused Serialized files (Serialized files now loaded: 0)
Unloading 10389 unused Assets / (21.5 MB). Loaded Objects now: 11356.
Memory consumption went from 496.7 MB to 475.2 MB.
Total: 68.771800 ms (FindLiveObjects: 4.442000 ms CreateObjectMapping: 12.637300 ms MarkObjects: 34.513300 ms  DeleteObjects: 17.174100 ms)

Prepare: number of updated asset objects reloaded= 0
========================================================================
Received Import Request.
  Time of request: 2026-08-06T05:54:56.280124Z
  Time since last request: 2.5535702 seconds.
  importAddress: GUID: d8d7796a4d642ce42856007227a63568 - Path: Assets/Script/MolkkyItemHandler.cs - Importer: PreviewImporter
Importing 'GUID: d8d7796a4d642ce42856007227a63568 - Path: Assets/Script/MolkkyItemHandler.cs - Importer: PreviewImporter' with importer (PreviewImporter)
Imported 'GUID: d8d7796a4d642ce42856007227a63568' -> (Import Result ID: '94f834652aa83bb357fd796736adecfc') in 0.001 seconds [static and dynamic dependencies]. Details - ImportResultOutputID=7b622c8119b16525a70b104a1d34e412 DependenciesID=6358eb6b51c7608152c3fb3956857c2c StaticDependenciesID=ee52a093b5033363589b0b273f1576f5 
Number of updated asset objects reloaded before import = 0
Number of asset objects unloaded after import = 0
========================================================================
Received Import Request.
  Time of request: 2026-08-06T05:54:56.333799Z
  Time since last request: 0.01084 seconds.
  importAddress: GUID: d8d7796a4d642ce42856007227a63568 - Path: Assets/Script/MolkkyItemHandler.cs - Importer: PreviewImporter
Importing 'GUID: d8d7796a4d642ce42856007227a63568 - Path: Assets/Script/MolkkyItemHandler.cs - Importer: PreviewImporter' with importer (PreviewImporter)
Imported 'GUID: d8d7796a4d642ce42856007227a63568' -> (Import Result ID: '94f834652aa83bb357fd796736adecfc') in 0.005 seconds [static and dynamic dependencies]. Details - ImportResultOutputID=7b622c8119b16525a70b104a1d34e412 DependenciesID=6358eb6b51c7608152c3fb3956857c2c StaticDependenciesID=ee52a093b5033363589b0b273f1576f5 
Number of updated asset objects reloaded before import = 0
Number of asset objects unloaded after import = 0
========================================================================
Received Import Request.
  Time of request: 2026-08-06T05:54:56.3781191Z
  Time since last request: 0.0039535 seconds.
  importAddress: GUID: d8d7796a4d642ce42856007227a63568 - Path: Assets/Script/MolkkyItemHandler.cs - Importer: PreviewImporter
Importing 'GUID: d8d7796a4d642ce42856007227a63568 - Path: Assets/Script/MolkkyItemHandler.cs - Importer: PreviewImporter' with importer (PreviewImporter)
Imported 'GUID: d8d7796a4d642ce42856007227a63568' -> (Import Result ID: '94f834652aa83bb357fd796736adecfc') in 0.002 seconds [static and dynamic dependencies]. Details - ImportResultOutputID=7b622c8119b16525a70b104a1d34e412 DependenciesID=6358eb6b51c7608152c3fb3956857c2c StaticDependenciesID=ee52a093b5033363589b0b273f1576f5 
Number of updated asset objects reloaded before import = 0
Number of asset objects unloaded after import = 0
========================================================================
Received Import Request.
  Time of request: 2026-08-06T05:54:56.4340959Z
  Time since last request: 0.0116953 seconds.
  importAddress: GUID: d8d7796a4d642ce42856007227a63568 - Path: Assets/Script/MolkkyItemHandler.cs - Importer: PreviewImporter
Importing 'GUID: d8d7796a4d642ce42856007227a63568 - Path: Assets/Script/MolkkyItemHandler.cs - Importer: PreviewImporter' with importer (PreviewImporter)
Imported 'GUID: d8d7796a4d642ce42856007227a63568' -> (Import Result ID: '94f834652aa83bb357fd796736adecfc') in 0.001 seconds [static and dynamic dependencies]. Details - ImportResultOutputID=7b622c8119b16525a70b104a1d34e412 DependenciesID=6358eb6b51c7608152c3fb3956857c2c StaticDependenciesID=ee52a093b5033363589b0b273f1576f5 
Number of updated asset objects reloaded before import = 0
Number of asset objects unloaded after import = 0
========================================================================
Received Import Request.
  Time of request: 2026-08-06T05:54:57.9623333Z
  Time since last request: 1.4921605 seconds.
  importAddress: GUID: d8d7796a4d642ce42856007227a63568 - Path: Assets/Script/MolkkyItemHandler.cs - Importer: PreviewImporter
Importing 'GUID: d8d7796a4d642ce42856007227a63568 - Path: Assets/Script/MolkkyItemHandler.cs - Importer: PreviewImporter' with importer (PreviewImporter)
Imported 'GUID: d8d7796a4d642ce42856007227a63568' -> (Import Result ID: '94f834652aa83bb357fd796736adecfc') in 0.004 seconds [static and dynamic dependencies]. Details - ImportResultOutputID=7b622c8119b16525a70b104a1d34e412 DependenciesID=6358eb6b51c7608152c3fb3956857c2c StaticDependenciesID=ee52a093b5033363589b0b273f1576f5 
Number of updated asset objects reloaded before import = 0
Number of asset objects unloaded after import = 0
========================================================================
Received Import Request.
  Time of request: 2026-08-06T05:54:58.1152454Z
  Time since last request: 0.0576858 seconds.
  importAddress: GUID: d8d7796a4d642ce42856007227a63568 - Path: Assets/Script/MolkkyItemHandler.cs - Importer: PreviewImporter
Importing 'GUID: d8d7796a4d642ce42856007227a63568 - Path: Assets/Script/MolkkyItemHandler.cs - Importer: PreviewImporter' with importer (PreviewImporter)
Imported 'GUID: d8d7796a4d642ce42856007227a63568' -> (Import Result ID: '94f834652aa83bb357fd796736adecfc') in 0.005 seconds [static and dynamic dependencies]. Details - ImportResultOutputID=7b622c8119b16525a70b104a1d34e412 DependenciesID=6358eb6b51c7608152c3fb3956857c2c StaticDependenciesID=ee52a093b5033363589b0b273f1576f5 
Number of updated asset objects reloaded before import = 0
Number of asset objects unloaded after import = 0
========================================================================
Received Import Request.
  Time of request: 2026-08-06T05:54:58.2432712Z
  Time since last request: 0.0324239 seconds.
  importAddress: GUID: d8d7796a4d642ce42856007227a63568 - Path: Assets/Script/MolkkyItemHandler.cs - Importer: PreviewImporter
Importing 'GUID: d8d7796a4d642ce42856007227a63568 - Path: Assets/Script/MolkkyItemHandler.cs - Importer: PreviewImporter' with importer (PreviewImporter)
Imported 'GUID: d8d7796a4d642ce42856007227a63568' -> (Import Result ID: '94f834652aa83bb357fd796736adecfc') in 0.004 seconds [static and dynamic dependencies]. Details - ImportResultOutputID=7b622c8119b16525a70b104a1d34e412 DependenciesID=6358eb6b51c7608152c3fb3956857c2c StaticDependenciesID=ee52a093b5033363589b0b273f1576f5 
Number of updated asset objects reloaded before import = 0
Number of asset objects unloaded after import = 0
========================================================================
Received Import Request.
  Time of request: 2026-08-06T05:54:58.3419565Z
  Time since last request: 0.0229663 seconds.
  importAddress: GUID: d8d7796a4d642ce42856007227a63568 - Path: Assets/Script/MolkkyItemHandler.cs - Importer: PreviewImporter
Importing 'GUID: d8d7796a4d642ce42856007227a63568 - Path: Assets/Script/MolkkyItemHandler.cs - Importer: PreviewImporter' with importer (PreviewImporter)
Imported 'GUID: d8d7796a4d642ce42856007227a63568' -> (Import Result ID: '94f834652aa83bb357fd796736adecfc') in 0.003 seconds [static and dynamic dependencies]. Details - ImportResultOutputID=7b622c8119b16525a70b104a1d34e412 DependenciesID=6358eb6b51c7608152c3fb3956857c2c StaticDependenciesID=ee52a093b5033363589b0b273f1576f5 
Number of updated asset objects reloaded before import = 0
Number of asset objects unloaded after import = 0
========================================================================
Received Import Request.
  Time of request: 2026-08-06T05:54:58.442634Z
  Time since last request: 0.0219333 seconds.
  importAddress: GUID: d8d7796a4d642ce42856007227a63568 - Path: Assets/Script/MolkkyItemHandler.cs - Importer: PreviewImporter
Importing 'GUID: d8d7796a4d642ce42856007227a63568 - Path: Assets/Script/MolkkyItemHandler.cs - Importer: PreviewImporter' with importer (PreviewImporter)
Imported 'GUID: d8d7796a4d642ce42856007227a63568' -> (Import Result ID: '94f834652aa83bb357fd796736adecfc') in 0.003 seconds [static and dynamic dependencies]. Details - ImportResultOutputID=7b622c8119b16525a70b104a1d34e412 DependenciesID=6358eb6b51c7608152c3fb3956857c2c StaticDependenciesID=ee52a093b5033363589b0b273f1576f5 
Number of updated asset objects reloaded before import = 0
Number of asset objects unloaded after import = 0
========================================================================
Received Import Request.
  Time of request: 2026-08-06T05:54:58.5477049Z
  Time since last request: 0.0273568 seconds.
  importAddress: GUID: d8d7796a4d642ce42856007227a63568 - Path: Assets/Script/MolkkyItemHandler.cs - Importer: PreviewImporter
Importing 'GUID: d8d7796a4d642ce42856007227a63568 - Path: Assets/Script/MolkkyItemHandler.cs - Importer: PreviewImporter' with importer (PreviewImporter)
Imported 'GUID: d8d7796a4d642ce42856007227a63568' -> (Import Result ID: '94f834652aa83bb357fd796736adecfc') in 0.003 seconds [static and dynamic dependencies]. Details - ImportResultOutputID=7b622c8119b16525a70b104a1d34e412 DependenciesID=6358eb6b51c7608152c3fb3956857c2c StaticDependenciesID=ee52a093b5033363589b0b273f1576f5 
Number of updated asset objects reloaded before import = 0
Number of asset objects unloaded after import = 0
========================================================================
Received Import Request.
  Time of request: 2026-08-06T05:54:58.6727434Z
  Time since last request: 0.0538509 seconds.
  importAddress: GUID: d8d7796a4d642ce42856007227a63568 - Path: Assets/Script/MolkkyItemHandler.cs - Importer: PreviewImporter
Importing 'GUID: d8d7796a4d642ce42856007227a63568 - Path: Assets/Script/MolkkyItemHandler.cs - Importer: PreviewImporter' with importer (PreviewImporter)
Imported 'GUID: d8d7796a4d642ce42856007227a63568' -> (Import Result ID: '94f834652aa83bb357fd796736adecfc') in 0.003 seconds [static and dynamic dependencies]. Details - ImportResultOutputID=7b622c8119b16525a70b104a1d34e412 DependenciesID=6358eb6b51c7608152c3fb3956857c2c StaticDependenciesID=ee52a093b5033363589b0b273f1576f5 
Number of updated asset objects reloaded before import = 0
Number of asset objects unloaded after import = 0
========================================================================
Received Import Request.
  Time of request: 2026-08-06T05:54:58.7951663Z
  Time since last request: 0.0305539 seconds.
  importAddress: GUID: d8d7796a4d642ce42856007227a63568 - Path: Assets/Script/MolkkyItemHandler.cs - Importer: PreviewImporter
Importing 'GUID: d8d7796a4d642ce42856007227a63568 - Path: Assets/Script/MolkkyItemHandler.cs - Importer: PreviewImporter' with importer (PreviewImporter)
Imported 'GUID: d8d7796a4d642ce42856007227a63568' -> (Import Result ID: '94f834652aa83bb357fd796736adecfc') in 0.005 seconds [static and dynamic dependencies]. Details - ImportResultOutputID=7b622c8119b16525a70b104a1d34e412 DependenciesID=6358eb6b51c7608152c3fb3956857c2c StaticDependenciesID=ee52a093b5033363589b0b273f1576f5 
Number of updated asset objects reloaded before import = 0
Number of asset objects unloaded after import = 0
========================================================================
Received Import Request.
  Time of request: 2026-08-06T05:54:59.0025159Z
  Time since last request: 0.0035886 seconds.
  importAddress: GUID: d8d7796a4d642ce42856007227a63568 - Path: Assets/Script/MolkkyItemHandler.cs - Importer: PreviewImporter
Importing 'GUID: d8d7796a4d642ce42856007227a63568 - Path: Assets/Script/MolkkyItemHandler.cs - Importer: PreviewImporter' with importer (PreviewImporter)
Imported 'GUID: d8d7796a4d642ce42856007227a63568' -> (Import Result ID: '94f834652aa83bb357fd796736adecfc') in 0.004 seconds [static and dynamic dependencies]. Details - ImportResultOutputID=7b622c8119b16525a70b104a1d34e412 DependenciesID=6358eb6b51c7608152c3fb3956857c2c StaticDependenciesID=ee52a093b5033363589b0b273f1576f5 
Number of updated asset objects reloaded before import = 0
Number of asset objects unloaded after import = 0
========================================================================
Received Import Request.
  Time of request: 2026-08-06T05:54:59.1332474Z
  Time since last request: 0.06148 seconds.
  importAddress: GUID: d8d7796a4d642ce42856007227a63568 - Path: Assets/Script/MolkkyItemHandler.cs - Importer: PreviewImporter
Importing 'GUID: d8d7796a4d642ce42856007227a63568 - Path: Assets/Script/MolkkyItemHandler.cs - Importer: PreviewImporter' with importer (PreviewImporter)
Imported 'GUID: d8d7796a4d642ce42856007227a63568' -> (Import Result ID: '94f834652aa83bb357fd796736adecfc') in 0.002 seconds [static and dynamic dependencies]. Details - ImportResultOutputID=7b622c8119b16525a70b104a1d34e412 DependenciesID=6358eb6b51c7608152c3fb3956857c2c StaticDependenciesID=ee52a093b5033363589b0b273f1576f5 
Number of updated asset objects reloaded before import = 0
Number of asset objects unloaded after import = 0
========================================================================
Received Import Request.
  Time of request: 2026-08-06T05:54:59.2183003Z
  Time since last request: 0.0130894 seconds.
  importAddress: GUID: d8d7796a4d642ce42856007227a63568 - Path: Assets/Script/MolkkyItemHandler.cs - Importer: PreviewImporter
Importing 'GUID: d8d7796a4d642ce42856007227a63568 - Path: Assets/Script/MolkkyItemHandler.cs - Importer: PreviewImporter' with importer (PreviewImporter)
Imported 'GUID: d8d7796a4d642ce42856007227a63568' -> (Import Result ID: '94f834652aa83bb357fd796736adecfc') in 0.044 seconds [static and dynamic dependencies]. Details - ImportResultOutputID=7b622c8119b16525a70b104a1d34e412 DependenciesID=6358eb6b51c7608152c3fb3956857c2c StaticDependenciesID=ee52a093b5033363589b0b273f1576f5 
Number of updated asset objects reloaded before import = 0
Number of asset objects unloaded after import = 0
========================================================================
Received Import Request.
  Time of request: 2026-08-06T05:54:59.3324143Z
  Time since last request: 0.0037797 seconds.
  importAddress: GUID: d8d7796a4d642ce42856007227a63568 - Path: Assets/Script/MolkkyItemHandler.cs - Importer: PreviewImporter
Importing 'GUID: d8d7796a4d642ce42856007227a63568 - Path: Assets/Script/MolkkyItemHandler.cs - Importer: PreviewImporter' with importer (PreviewImporter)
Imported 'GUID: d8d7796a4d642ce42856007227a63568' -> (Import Result ID: '94f834652aa83bb357fd796736adecfc') in 0.004 seconds [static and dynamic dependencies]. Details - ImportResultOutputID=7b622c8119b16525a70b104a1d34e412 DependenciesID=6358eb6b51c7608152c3fb3956857c2c StaticDependenciesID=ee52a093b5033363589b0b273f1576f5 
Number of updated asset objects reloaded before import = 0
Number of asset objects unloaded after import = 0
========================================================================
Received Import Request.
  Time of request: 2026-08-06T05:54:59.4388405Z
  Time since last request: 0.0396894 seconds.
  importAddress: GUID: d8d7796a4d642ce42856007227a63568 - Path: Assets/Script/MolkkyItemHandler.cs - Importer: PreviewImporter
Importing 'GUID: d8d7796a4d642ce42856007227a63568 - Path: Assets/Script/MolkkyItemHandler.cs - Importer: PreviewImporter' with importer (PreviewImporter)
Imported 'GUID: d8d7796a4d642ce42856007227a63568' -> (Import Result ID: '94f834652aa83bb357fd796736adecfc') in 0.002 seconds [static and dynamic dependencies]. Details - ImportResultOutputID=7b622c8119b16525a70b104a1d34e412 DependenciesID=6358eb6b51c7608152c3fb3956857c2c StaticDependenciesID=ee52a093b5033363589b0b273f1576f5 
Number of updated asset objects reloaded before import = 0
Number of asset objects unloaded after import = 0
========================================================================
Received Import Request.
  Time of request: 2026-08-06T05:54:59.5104854Z
  Time since last request: 0.007218 seconds.
  importAddress: GUID: d8d7796a4d642ce42856007227a63568 - Path: Assets/Script/MolkkyItemHandler.cs - Importer: PreviewImporter
Importing 'GUID: d8d7796a4d642ce42856007227a63568 - Path: Assets/Script/MolkkyItemHandler.cs - Importer: PreviewImporter' with importer (PreviewImporter)
Imported 'GUID: d8d7796a4d642ce42856007227a63568' -> (Import Result ID: '94f834652aa83bb357fd796736adecfc') in 0.002 seconds [static and dynamic dependencies]. Details - ImportResultOutputID=7b622c8119b16525a70b104a1d34e412 DependenciesID=6358eb6b51c7608152c3fb3956857c2c StaticDependenciesID=ee52a093b5033363589b0b273f1576f5 
Number of updated asset objects reloaded before import = 0
Number of asset objects unloaded after import = 0
========================================================================
Received Import Request.
  Time of request: 2026-08-06T05:54:59.6034047Z
  Time since last request: 0.0397958 seconds.
  importAddress: GUID: d8d7796a4d642ce42856007227a63568 - Path: Assets/Script/MolkkyItemHandler.cs - Importer: PreviewImporter
Importing 'GUID: d8d7796a4d642ce42856007227a63568 - Path: Assets/Script/MolkkyItemHandler.cs - Importer: PreviewImporter' with importer (PreviewImporter)
Imported 'GUID: d8d7796a4d642ce42856007227a63568' -> (Import Result ID: '94f834652aa83bb357fd796736adecfc') in 0.003 seconds [static and dynamic dependencies]. Details - ImportResultOutputID=7b622c8119b16525a70b104a1d34e412 DependenciesID=6358eb6b51c7608152c3fb3956857c2c StaticDependenciesID=ee52a093b5033363589b0b273f1576f5 
Number of updated asset objects reloaded before import = 0
Number of asset objects unloaded after import = 0
========================================================================
Received Import Request.
  Time of request: 2026-08-06T05:54:59.686958Z
  Time since last request: 0.0222651 seconds.
  importAddress: GUID: d8d7796a4d642ce42856007227a63568 - Path: Assets/Script/MolkkyItemHandler.cs - Importer: PreviewImporter
Importing 'GUID: d8d7796a4d642ce42856007227a63568 - Path: Assets/Script/MolkkyItemHandler.cs - Importer: PreviewImporter' with importer (PreviewImporter)
Imported 'GUID: d8d7796a4d642ce42856007227a63568' -> (Import Result ID: '94f834652aa83bb357fd796736adecfc') in 0.003 seconds [static and dynamic dependencies]. Details - ImportResultOutputID=7b622c8119b16525a70b104a1d34e412 DependenciesID=6358eb6b51c7608152c3fb3956857c2c StaticDependenciesID=ee52a093b5033363589b0b273f1576f5 
Number of updated asset objects reloaded before import = 0
Number of asset objects unloaded after import = 0
========================================================================
Received Import Request.
  Time of request: 2026-08-06T05:54:59.7867638Z
  Time since last request: 0.0234656 seconds.
  importAddress: GUID: d8d7796a4d642ce42856007227a63568 - Path: Assets/Script/MolkkyItemHandler.cs - Importer: PreviewImporter
Importing 'GUID: d8d7796a4d642ce42856007227a63568 - Path: Assets/Script/MolkkyItemHandler.cs - Importer: PreviewImporter' with importer (PreviewImporter)
Imported 'GUID: d8d7796a4d642ce42856007227a63568' -> (Import Result ID: '94f834652aa83bb357fd796736adecfc') in 0.002 seconds [static and dynamic dependencies]. Details - ImportResultOutputID=7b622c8119b16525a70b104a1d34e412 DependenciesID=6358eb6b51c7608152c3fb3956857c2c StaticDependenciesID=ee52a093b5033363589b0b273f1576f5 
Number of updated asset objects reloaded before import = 0
Number of asset objects unloaded after import = 0
========================================================================
Received Import Request.
  Time of request: 2026-08-06T05:54:59.857213Z
  Time since last request: 0.0143138 seconds.
  importAddress: GUID: d8d7796a4d642ce42856007227a63568 - Path: Assets/Script/MolkkyItemHandler.cs - Importer: PreviewImporter
Importing 'GUID: d8d7796a4d642ce42856007227a63568 - Path: Assets/Script/MolkkyItemHandler.cs - Importer: PreviewImporter' with importer (PreviewImporter)
Imported 'GUID: d8d7796a4d642ce42856007227a63568' -> (Import Result ID: '94f834652aa83bb357fd796736adecfc') in 0.002 seconds [static and dynamic dependencies]. Details - ImportResultOutputID=7b622c8119b16525a70b104a1d34e412 DependenciesID=6358eb6b51c7608152c3fb3956857c2c StaticDependenciesID=ee52a093b5033363589b0b273f1576f5 
Number of updated asset objects reloaded before import = 0
Number of asset objects unloaded after import = 0
========================================================================
Received Import Request.
  Time of request: 2026-08-06T05:54:59.9350033Z
  Time since last request: 0.0196262 seconds.
  importAddress: GUID: d8d7796a4d642ce42856007227a63568 - Path: Assets/Script/MolkkyItemHandler.cs - Importer: PreviewImporter
Importing 'GUID: d8d7796a4d642ce42856007227a63568 - Path: Assets/Script/MolkkyItemHandler.cs - Importer: PreviewImporter' with importer (PreviewImporter)
Imported 'GUID: d8d7796a4d642ce42856007227a63568' -> (Import Result ID: '94f834652aa83bb357fd796736adecfc') in 0.003 seconds [static and dynamic dependencies]. Details - ImportResultOutputID=7b622c8119b16525a70b104a1d34e412 DependenciesID=6358eb6b51c7608152c3fb3956857c2c StaticDependenciesID=ee52a093b5033363589b0b273f1576f5 
Number of updated asset objects reloaded before import = 0
Number of asset objects unloaded after import = 0
========================================================================
Received Import Request.
  Time of request: 2026-08-06T05:55:00.0015296Z
  Time since last request: 0.0169125 seconds.
  importAddress: GUID: d8d7796a4d642ce42856007227a63568 - Path: Assets/Script/MolkkyItemHandler.cs - Importer: PreviewImporter
Importing 'GUID: d8d7796a4d642ce42856007227a63568 - Path: Assets/Script/MolkkyItemHandler.cs - Importer: PreviewImporter' with importer (PreviewImporter)
Imported 'GUID: d8d7796a4d642ce42856007227a63568' -> (Import Result ID: '94f834652aa83bb357fd796736adecfc') in 0.002 seconds [static and dynamic dependencies]. Details - ImportResultOutputID=7b622c8119b16525a70b104a1d34e412 DependenciesID=6358eb6b51c7608152c3fb3956857c2c StaticDependenciesID=ee52a093b5033363589b0b273f1576f5 
Number of updated asset objects reloaded before import = 0
Number of asset objects unloaded after import = 0
========================================================================
Received Import Request.
  Time of request: 2026-08-06T05:55:00.1017822Z
  Time since last request: 0.0233814 seconds.
  importAddress: GUID: d8d7796a4d642ce42856007227a63568 - Path: Assets/Script/MolkkyItemHandler.cs - Importer: PreviewImporter
Importing 'GUID: d8d7796a4d642ce42856007227a63568 - Path: Assets/Script/MolkkyItemHandler.cs - Importer: PreviewImporter' with importer (PreviewImporter)
Imported 'GUID: d8d7796a4d642ce42856007227a63568' -> (Import Result ID: '94f834652aa83bb357fd796736adecfc') in 0.003 seconds [static and dynamic dependencies]. Details - ImportResultOutputID=7b622c8119b16525a70b104a1d34e412 DependenciesID=6358eb6b51c7608152c3fb3956857c2c StaticDependenciesID=ee52a093b5033363589b0b273f1576f5 
Number of updated asset objects reloaded before import = 0
Number of asset objects unloaded after import = 0
========================================================================
Received Import Request.
  Time of request: 2026-08-06T05:55:00.191122Z
  Time since last request: 0.0126084 seconds.
  importAddress: GUID: d8d7796a4d642ce42856007227a63568 - Path: Assets/Script/MolkkyItemHandler.cs - Importer: PreviewImporter
Importing 'GUID: d8d7796a4d642ce42856007227a63568 - Path: Assets/Script/MolkkyItemHandler.cs - Importer: PreviewImporter' with importer (PreviewImporter)
Imported 'GUID: d8d7796a4d642ce42856007227a63568' -> (Import Result ID: '94f834652aa83bb357fd796736adecfc') in 0.004 seconds [static and dynamic dependencies]. Details - ImportResultOutputID=7b622c8119b16525a70b104a1d34e412 DependenciesID=6358eb6b51c7608152c3fb3956857c2c StaticDependenciesID=ee52a093b5033363589b0b273f1576f5 
Number of updated asset objects reloaded before import = 0
Number of asset objects unloaded after import = 0
========================================================================
Received Import Request.
  Time of request: 2026-08-06T05:55:00.3062855Z
  Time since last request: 0.0284163 seconds.
  importAddress: GUID: d8d7796a4d642ce42856007227a63568 - Path: Assets/Script/MolkkyItemHandler.cs - Importer: PreviewImporter
Importing 'GUID: d8d7796a4d642ce42856007227a63568 - Path: Assets/Script/MolkkyItemHandler.cs - Importer: PreviewImporter' with importer (PreviewImporter)
Imported 'GUID: d8d7796a4d642ce42856007227a63568' -> (Import Result ID: '94f834652aa83bb357fd796736adecfc') in 0.003 seconds [static and dynamic dependencies]. Details - ImportResultOutputID=7b622c8119b16525a70b104a1d34e412 DependenciesID=6358eb6b51c7608152c3fb3956857c2c StaticDependenciesID=ee52a093b5033363589b0b273f1576f5 
Number of updated asset objects reloaded before import = 0
Number of asset objects unloaded after import = 0
========================================================================
Received Import Request.
  Time of request: 2026-08-06T05:55:00.3934486Z
  Time since last request: 0.0205912 seconds.
  importAddress: GUID: d8d7796a4d642ce42856007227a63568 - Path: Assets/Script/MolkkyItemHandler.cs - Importer: PreviewImporter
Importing 'GUID: d8d7796a4d642ce42856007227a63568 - Path: Assets/Script/MolkkyItemHandler.cs - Importer: PreviewImporter' with importer (PreviewImporter)
Imported 'GUID: d8d7796a4d642ce42856007227a63568' -> (Import Result ID: '94f834652aa83bb357fd796736adecfc') in 0.003 seconds [static and dynamic dependencies]. Details - ImportResultOutputID=7b622c8119b16525a70b104a1d34e412 DependenciesID=6358eb6b51c7608152c3fb3956857c2c StaticDependenciesID=ee52a093b5033363589b0b273f1576f5 
Number of updated asset objects reloaded before import = 0
Number of asset objects unloaded after import = 0
========================================================================
Received Import Request.
  Time of request: 2026-08-06T05:55:00.4670327Z
  Time since last request: 0.0062401 seconds.
  importAddress: GUID: d8d7796a4d642ce42856007227a63568 - Path: Assets/Script/MolkkyItemHandler.cs - Importer: PreviewImporter
Importing 'GUID: d8d7796a4d642ce42856007227a63568 - Path: Assets/Script/MolkkyItemHandler.cs - Importer: PreviewImporter' with importer (PreviewImporter)
Imported 'GUID: d8d7796a4d642ce42856007227a63568' -> (Import Result ID: '94f834652aa83bb357fd796736adecfc') in 0.004 seconds [static and dynamic dependencies]. Details - ImportResultOutputID=7b622c8119b16525a70b104a1d34e412 DependenciesID=6358eb6b51c7608152c3fb3956857c2c StaticDependenciesID=ee52a093b5033363589b0b273f1576f5 
Number of updated asset objects reloaded before import = 0
Number of asset objects unloaded after import = 0
========================================================================
Received Import Request.
  Time of request: 2026-08-06T05:55:00.560645Z
  Time since last request: 0.0289245 seconds.
  importAddress: GUID: d8d7796a4d642ce42856007227a63568 - Path: Assets/Script/MolkkyItemHandler.cs - Importer: PreviewImporter
Importing 'GUID: d8d7796a4d642ce42856007227a63568 - Path: Assets/Script/MolkkyItemHandler.cs - Importer: PreviewImporter' with importer (PreviewImporter)
Imported 'GUID: d8d7796a4d642ce42856007227a63568' -> (Import Result ID: '94f834652aa83bb357fd796736adecfc') in 0.002 seconds [static and dynamic dependencies]. Details - ImportResultOutputID=7b622c8119b16525a70b104a1d34e412 DependenciesID=6358eb6b51c7608152c3fb3956857c2c StaticDependenciesID=ee52a093b5033363589b0b273f1576f5 
Number of updated asset objects reloaded before import = 0
Number of asset objects unloaded after import = 0
========================================================================
Received Import Request.
  Time of request: 2026-08-06T05:55:00.6405781Z
  Time since last request: 0.0037113 seconds.
  importAddress: GUID: d8d7796a4d642ce42856007227a63568 - Path: Assets/Script/MolkkyItemHandler.cs - Importer: PreviewImporter
Importing 'GUID: d8d7796a4d642ce42856007227a63568 - Path: Assets/Script/MolkkyItemHandler.cs - Importer: PreviewImporter' with importer (PreviewImporter)
Imported 'GUID: d8d7796a4d642ce42856007227a63568' -> (Import Result ID: '94f834652aa83bb357fd796736adecfc') in 0.002 seconds [static and dynamic dependencies]. Details - ImportResultOutputID=7b622c8119b16525a70b104a1d34e412 DependenciesID=6358eb6b51c7608152c3fb3956857c2c StaticDependenciesID=ee52a093b5033363589b0b273f1576f5 
Number of updated asset objects reloaded before import = 0
Number of asset objects unloaded after import = 0
========================================================================
Received Import Request.
  Time of request: 2026-08-06T05:55:00.7289611Z
  Time since last request: 0.0333871 seconds.
  importAddress: GUID: d8d7796a4d642ce42856007227a63568 - Path: Assets/Script/MolkkyItemHandler.cs - Importer: PreviewImporter
Importing 'GUID: d8d7796a4d642ce42856007227a63568 - Path: Assets/Script/MolkkyItemHandler.cs - Importer: PreviewImporter' with importer (PreviewImporter)
Imported 'GUID: d8d7796a4d642ce42856007227a63568' -> (Import Result ID: '94f834652aa83bb357fd796736adecfc') in 0.003 seconds [static and dynamic dependencies]. Details - ImportResultOutputID=7b622c8119b16525a70b104a1d34e412 DependenciesID=6358eb6b51c7608152c3fb3956857c2c StaticDependenciesID=ee52a093b5033363589b0b273f1576f5 
Number of updated asset objects reloaded before import = 0
Number of asset objects unloaded after import = 0
========================================================================
Received Import Request.
  Time of request: 2026-08-06T05:55:00.8039572Z
  Time since last request: 0.0118657 seconds.
  importAddress: GUID: d8d7796a4d642ce42856007227a63568 - Path: Assets/Script/MolkkyItemHandler.cs - Importer: PreviewImporter
Importing 'GUID: d8d7796a4d642ce42856007227a63568 - Path: Assets/Script/MolkkyItemHandler.cs - Importer: PreviewImporter' with importer (PreviewImporter)
Imported 'GUID: d8d7796a4d642ce42856007227a63568' -> (Import Result ID: '94f834652aa83bb357fd796736adecfc') in 0.003 seconds [static and dynamic dependencies]. Details - ImportResultOutputID=7b622c8119b16525a70b104a1d34e412 DependenciesID=6358eb6b51c7608152c3fb3956857c2c StaticDependenciesID=ee52a093b5033363589b0b273f1576f5 
Number of updated asset objects reloaded before import = 0
Number of asset objects unloaded after import = 0
========================================================================
Received Import Request.
  Time of request: 2026-08-06T05:55:00.9457728Z
  Time since last request: 0.0636022 seconds.
  importAddress: GUID: d8d7796a4d642ce42856007227a63568 - Path: Assets/Script/MolkkyItemHandler.cs - Importer: PreviewImporter
Importing 'GUID: d8d7796a4d642ce42856007227a63568 - Path: Assets/Script/MolkkyItemHandler.cs - Importer: PreviewImporter' with importer (PreviewImporter)
Imported 'GUID: d8d7796a4d642ce42856007227a63568' -> (Import Result ID: '94f834652aa83bb357fd796736adecfc') in 0.004 seconds [static and dynamic dependencies]. Details - ImportResultOutputID=7b622c8119b16525a70b104a1d34e412 DependenciesID=6358eb6b51c7608152c3fb3956857c2c StaticDependenciesID=ee52a093b5033363589b0b273f1576f5 
Number of updated asset objects reloaded before import = 0
Number of asset objects unloaded after import = 0
========================================================================
Received Import Request.
  Time of request: 2026-08-06T05:55:01.0310351Z
  Time since last request: 0.0107386 seconds.
  importAddress: GUID: d8d7796a4d642ce42856007227a63568 - Path: Assets/Script/MolkkyItemHandler.cs - Importer: PreviewImporter
Importing 'GUID: d8d7796a4d642ce42856007227a63568 - Path: Assets/Script/MolkkyItemHandler.cs - Importer: PreviewImporter' with importer (PreviewImporter)
Imported 'GUID: d8d7796a4d642ce42856007227a63568' -> (Import Result ID: '94f834652aa83bb357fd796736adecfc') in 0.004 seconds [static and dynamic dependencies]. Details - ImportResultOutputID=7b622c8119b16525a70b104a1d34e412 DependenciesID=6358eb6b51c7608152c3fb3956857c2c StaticDependenciesID=ee52a093b5033363589b0b273f1576f5 
Number of updated asset objects reloaded before import = 0
Number of asset objects unloaded after import = 0
========================================================================
Received Import Request.
  Time of request: 2026-08-06T05:55:01.1474026Z
  Time since last request: 0.0268087 seconds.
  importAddress: GUID: d8d7796a4d642ce42856007227a63568 - Path: Assets/Script/MolkkyItemHandler.cs - Importer: PreviewImporter
Importing 'GUID: d8d7796a4d642ce42856007227a63568 - Path: Assets/Script/MolkkyItemHandler.cs - Importer: PreviewImporter' with importer (PreviewImporter)
Imported 'GUID: d8d7796a4d642ce42856007227a63568' -> (Import Result ID: '94f834652aa83bb357fd796736adecfc') in 0.003 seconds [static and dynamic dependencies]. Details - ImportResultOutputID=7b622c8119b16525a70b104a1d34e412 DependenciesID=6358eb6b51c7608152c3fb3956857c2c StaticDependenciesID=ee52a093b5033363589b0b273f1576f5 
Number of updated asset objects reloaded before import = 0
Number of asset objects unloaded after import = 0
========================================================================
Received Import Request.
  Time of request: 2026-08-06T05:55:01.2672398Z
  Time since last request: 0.0258437 seconds.
  importAddress: GUID: d8d7796a4d642ce42856007227a63568 - Path: Assets/Script/MolkkyItemHandler.cs - Importer: PreviewImporter
Importing 'GUID: d8d7796a4d642ce42856007227a63568 - Path: Assets/Script/MolkkyItemHandler.cs - Importer: PreviewImporter' with importer (PreviewImporter)
Imported 'GUID: d8d7796a4d642ce42856007227a63568' -> (Import Result ID: '94f834652aa83bb357fd796736adecfc') in 0.005 seconds [static and dynamic dependencies]. Details - ImportResultOutputID=7b622c8119b16525a70b104a1d34e412 DependenciesID=6358eb6b51c7608152c3fb3956857c2c StaticDependenciesID=ee52a093b5033363589b0b273f1576f5 
Number of updated asset objects reloaded before import = 0
Number of asset objects unloaded after import = 0
========================================================================
Received Import Request.
  Time of request: 2026-08-06T05:55:01.3950688Z
  Time since last request: 0.0367304 seconds.
  importAddress: GUID: d8d7796a4d642ce42856007227a63568 - Path: Assets/Script/MolkkyItemHandler.cs - Importer: PreviewImporter
Importing 'GUID: d8d7796a4d642ce42856007227a63568 - Path: Assets/Script/MolkkyItemHandler.cs - Importer: PreviewImporter' with importer (PreviewImporter)
Imported 'GUID: d8d7796a4d642ce42856007227a63568' -> (Import Result ID: '94f834652aa83bb357fd796736adecfc') in 0.005 seconds [static and dynamic dependencies]. Details - ImportResultOutputID=7b622c8119b16525a70b104a1d34e412 DependenciesID=6358eb6b51c7608152c3fb3956857c2c StaticDependenciesID=ee52a093b5033363589b0b273f1576f5 
Number of updated asset objects reloaded before import = 0
Number of asset objects unloaded after import = 0
========================================================================
Received Import Request.
  Time of request: 2026-08-06T05:55:01.5398466Z
  Time since last request: 0.029567 seconds.
  importAddress: GUID: d8d7796a4d642ce42856007227a63568 - Path: Assets/Script/MolkkyItemHandler.cs - Importer: PreviewImporter
Importing 'GUID: d8d7796a4d642ce42856007227a63568 - Path: Assets/Script/MolkkyItemHandler.cs - Importer: PreviewImporter' with importer (PreviewImporter)
Imported 'GUID: d8d7796a4d642ce42856007227a63568' -> (Import Result ID: '94f834652aa83bb357fd796736adecfc') in 0.009 seconds [static and dynamic dependencies]. Details - ImportResultOutputID=7b622c8119b16525a70b104a1d34e412 DependenciesID=6358eb6b51c7608152c3fb3956857c2c StaticDependenciesID=ee52a093b5033363589b0b273f1576f5 
Number of updated asset objects reloaded before import = 0
Number of asset objects unloaded after import = 0
========================================================================
Received Import Request.
  Time of request: 2026-08-06T05:55:01.698706Z
  Time since last request: 0.0348219 seconds.
  importAddress: GUID: d8d7796a4d642ce42856007227a63568 - Path: Assets/Script/MolkkyItemHandler.cs - Importer: PreviewImporter
Importing 'GUID: d8d7796a4d642ce42856007227a63568 - Path: Assets/Script/MolkkyItemHandler.cs - Importer: PreviewImporter' with importer (PreviewImporter)
Imported 'GUID: d8d7796a4d642ce42856007227a63568' -> (Import Result ID: '94f834652aa83bb357fd796736adecfc') in 0.003 seconds [static and dynamic dependencies]. Details - ImportResultOutputID=7b622c8119b16525a70b104a1d34e412 DependenciesID=6358eb6b51c7608152c3fb3956857c2c StaticDependenciesID=ee52a093b5033363589b0b273f1576f5 
Number of updated asset objects reloaded before import = 0
Number of asset objects unloaded after import = 0
========================================================================
Received Import Request.
  Time of request: 2026-08-06T05:55:01.8044417Z
  Time since last request: 0.0112831 seconds.
  importAddress: GUID: d8d7796a4d642ce42856007227a63568 - Path: Assets/Script/MolkkyItemHandler.cs - Importer: PreviewImporter
Importing 'GUID: d8d7796a4d642ce42856007227a63568 - Path: Assets/Script/MolkkyItemHandler.cs - Importer: PreviewImporter' with importer (PreviewImporter)
Imported 'GUID: d8d7796a4d642ce42856007227a63568' -> (Import Result ID: '94f834652aa83bb357fd796736adecfc') in 0.003 seconds [static and dynamic dependencies]. Details - ImportResultOutputID=7b622c8119b16525a70b104a1d34e412 DependenciesID=6358eb6b51c7608152c3fb3956857c2c StaticDependenciesID=ee52a093b5033363589b0b273f1576f5 
Number of updated asset objects reloaded before import = 0
Number of asset objects unloaded after import = 0
========================================================================
Received Import Request.
  Time of request: 2026-08-06T05:55:01.9502475Z
  Time since last request: 0.0799553 seconds.
  importAddress: GUID: d8d7796a4d642ce42856007227a63568 - Path: Assets/Script/MolkkyItemHandler.cs - Importer: PreviewImporter
Importing 'GUID: d8d7796a4d642ce42856007227a63568 - Path: Assets/Script/MolkkyItemHandler.cs - Importer: PreviewImporter' with importer (PreviewImporter)
Imported 'GUID: d8d7796a4d642ce42856007227a63568' -> (Import Result ID: '94f834652aa83bb357fd796736adecfc') in 0.006 seconds [static and dynamic dependencies]. Details - ImportResultOutputID=7b622c8119b16525a70b104a1d34e412 DependenciesID=6358eb6b51c7608152c3fb3956857c2c StaticDependenciesID=ee52a093b5033363589b0b273f1576f5 
Number of updated asset objects reloaded before import = 0
Number of asset objects unloaded after import = 0
========================================================================
Received Import Request.
  Time of request: 2026-08-06T05:55:02.0458225Z
  Time since last request: 0.0127026 seconds.
  importAddress: GUID: d8d7796a4d642ce42856007227a63568 - Path: Assets/Script/MolkkyItemHandler.cs - Importer: PreviewImporter
Importing 'GUID: d8d7796a4d642ce42856007227a63568 - Path: Assets/Script/MolkkyItemHandler.cs - Importer: PreviewImporter' with importer (PreviewImporter)
Imported 'GUID: d8d7796a4d642ce42856007227a63568' -> (Import Result ID: '94f834652aa83bb357fd796736adecfc') in 0.003 seconds [static and dynamic dependencies]. Details - ImportResultOutputID=7b622c8119b16525a70b104a1d34e412 DependenciesID=6358eb6b51c7608152c3fb3956857c2c StaticDependenciesID=ee52a093b5033363589b0b273f1576f5 
Number of updated asset objects reloaded before import = 0
Number of asset objects unloaded after import = 0
========================================================================
Received Import Request.
  Time of request: 2026-08-06T05:55:02.1797804Z
  Time since last request: 0.0614289 seconds.
  importAddress: GUID: d8d7796a4d642ce42856007227a63568 - Path: Assets/Script/MolkkyItemHandler.cs - Importer: PreviewImporter
Importing 'GUID: d8d7796a4d642ce42856007227a63568 - Path: Assets/Script/MolkkyItemHandler.cs - Importer: PreviewImporter' with importer (PreviewImporter)
Imported 'GUID: d8d7796a4d642ce42856007227a63568' -> (Import Result ID: '94f834652aa83bb357fd796736adecfc') in 0.004 seconds [static and dynamic dependencies]. Details - ImportResultOutputID=7b622c8119b16525a70b104a1d34e412 DependenciesID=6358eb6b51c7608152c3fb3956857c2c StaticDependenciesID=ee52a093b5033363589b0b273f1576f5 
Number of updated asset objects reloaded before import = 0
Number of asset objects unloaded after import = 0
========================================================================
Received Import Request.
  Time of request: 2026-08-06T05:55:02.3181769Z
  Time since last request: 0.0324377 seconds.
  importAddress: GUID: d8d7796a4d642ce42856007227a63568 - Path: Assets/Script/MolkkyItemHandler.cs - Importer: PreviewImporter
Importing 'GUID: d8d7796a4d642ce42856007227a63568 - Path: Assets/Script/MolkkyItemHandler.cs - Importer: PreviewImporter' with importer (PreviewImporter)
Imported 'GUID: d8d7796a4d642ce42856007227a63568' -> (Import Result ID: '94f834652aa83bb357fd796736adecfc') in 0.004 seconds [static and dynamic dependencies]. Details - ImportResultOutputID=7b622c8119b16525a70b104a1d34e412 DependenciesID=6358eb6b51c7608152c3fb3956857c2c StaticDependenciesID=ee52a093b5033363589b0b273f1576f5 
Number of updated asset objects reloaded before import = 0
Number of asset objects unloaded after import = 0
========================================================================
Received Import Request.
  Time of request: 2026-08-06T05:55:02.4478611Z
  Time since last request: 0.0293232 seconds.
  importAddress: GUID: d8d7796a4d642ce42856007227a63568 - Path: Assets/Script/MolkkyItemHandler.cs - Importer: PreviewImporter
Importing 'GUID: d8d7796a4d642ce42856007227a63568 - Path: Assets/Script/MolkkyItemHandler.cs - Importer: PreviewImporter' with importer (PreviewImporter)
Imported 'GUID: d8d7796a4d642ce42856007227a63568' -> (Import Result ID: '94f834652aa83bb357fd796736adecfc') in 0.004 seconds [static and dynamic dependencies]. Details - ImportResultOutputID=7b622c8119b16525a70b104a1d34e412 DependenciesID=6358eb6b51c7608152c3fb3956857c2c StaticDependenciesID=ee52a093b5033363589b0b273f1576f5 
Number of updated asset objects reloaded before import = 0
Number of asset objects unloaded after import = 0
========================================================================
Received Import Request.
  Time of request: 2026-08-06T05:55:02.5935887Z
  Time since last request: 0.0448074 seconds.
  importAddress: GUID: d8d7796a4d642ce42856007227a63568 - Path: Assets/Script/MolkkyItemHandler.cs - Importer: PreviewImporter
Importing 'GUID: d8d7796a4d642ce42856007227a63568 - Path: Assets/Script/MolkkyItemHandler.cs - Importer: PreviewImporter' with importer (PreviewImporter)
Imported 'GUID: d8d7796a4d642ce42856007227a63568' -> (Import Result ID: '94f834652aa83bb357fd796736adecfc') in 0.002 seconds [static and dynamic dependencies]. Details - ImportResultOutputID=7b622c8119b16525a70b104a1d34e412 DependenciesID=6358eb6b51c7608152c3fb3956857c2c StaticDependenciesID=ee52a093b5033363589b0b273f1576f5 
Number of updated asset objects reloaded before import = 0
Number of asset objects unloaded after import = 0
========================================================================
Received Import Request.
  Time of request: 2026-08-06T05:55:02.7111901Z
  Time since last request: 0.0228721 seconds.
  importAddress: GUID: d8d7796a4d642ce42856007227a63568 - Path: Assets/Script/MolkkyItemHandler.cs - Importer: PreviewImporter
Importing 'GUID: d8d7796a4d642ce42856007227a63568 - Path: Assets/Script/MolkkyItemHandler.cs - Importer: PreviewImporter' with importer (PreviewImporter)
Imported 'GUID: d8d7796a4d642ce42856007227a63568' -> (Import Result ID: '94f834652aa83bb357fd796736adecfc') in 0.006 seconds [static and dynamic dependencies]. Details - ImportResultOutputID=7b622c8119b16525a70b104a1d34e412 DependenciesID=6358eb6b51c7608152c3fb3956857c2c StaticDependenciesID=ee52a093b5033363589b0b273f1576f5 
Number of updated asset objects reloaded before import = 0
Number of asset objects unloaded after import = 0
========================================================================
Received Import Request.
  Time of request: 2026-08-06T05:55:02.8642781Z
  Time since last request: 0.0348351 seconds.
  importAddress: GUID: d8d7796a4d642ce42856007227a63568 - Path: Assets/Script/MolkkyItemHandler.cs - Importer: PreviewImporter
Importing 'GUID: d8d7796a4d642ce42856007227a63568 - Path: Assets/Script/MolkkyItemHandler.cs - Importer: PreviewImporter' with importer (PreviewImporter)
Imported 'GUID: d8d7796a4d642ce42856007227a63568' -> (Import Result ID: '94f834652aa83bb357fd796736adecfc') in 0.004 seconds [static and dynamic dependencies]. Details - ImportResultOutputID=7b622c8119b16525a70b104a1d34e412 DependenciesID=6358eb6b51c7608152c3fb3956857c2c StaticDependenciesID=ee52a093b5033363589b0b273f1576f5 
Number of updated asset objects reloaded before import = 0
Number of asset objects unloaded after import = 0
========================================================================
Received Import Request.
  Time of request: 2026-08-06T05:55:03.0266413Z
  Time since last request: 0.054245 seconds.
  importAddress: GUID: d8d7796a4d642ce42856007227a63568 - Path: Assets/Script/MolkkyItemHandler.cs - Importer: PreviewImporter
Importing 'GUID: d8d7796a4d642ce42856007227a63568 - Path: Assets/Script/MolkkyItemHandler.cs - Importer: PreviewImporter' with importer (PreviewImporter)
Imported 'GUID: d8d7796a4d642ce42856007227a63568' -> (Import Result ID: '94f834652aa83bb357fd796736adecfc') in 0.003 seconds [static and dynamic dependencies]. Details - ImportResultOutputID=7b622c8119b16525a70b104a1d34e412 DependenciesID=6358eb6b51c7608152c3fb3956857c2c StaticDependenciesID=ee52a093b5033363589b0b273f1576f5 
Number of updated asset objects reloaded before import = 0
Number of asset objects unloaded after import = 0
========================================================================
Received Import Request.
  Time of request: 2026-08-06T05:55:03.1453939Z
  Time since last request: 0.0284748 seconds.
  importAddress: GUID: d8d7796a4d642ce42856007227a63568 - Path: Assets/Script/MolkkyItemHandler.cs - Importer: PreviewImporter
Importing 'GUID: d8d7796a4d642ce42856007227a63568 - Path: Assets/Script/MolkkyItemHandler.cs - Importer: PreviewImporter' with importer (PreviewImporter)
Imported 'GUID: d8d7796a4d642ce42856007227a63568' -> (Import Result ID: '94f834652aa83bb357fd796736adecfc') in 0.003 seconds [static and dynamic dependencies]. Details - ImportResultOutputID=7b622c8119b16525a70b104a1d34e412 DependenciesID=6358eb6b51c7608152c3fb3956857c2c StaticDependenciesID=ee52a093b5033363589b0b273f1576f5 
Number of updated asset objects reloaded before import = 0
Number of asset objects unloaded after import = 0
========================================================================
Received Import Request.
  Time of request: 2026-08-06T05:55:03.2396899Z
  Time since last request: 0.0192961 seconds.
  importAddress: GUID: d8d7796a4d642ce42856007227a63568 - Path: Assets/Script/MolkkyItemHandler.cs - Importer: PreviewImporter
Importing 'GUID: d8d7796a4d642ce42856007227a63568 - Path: Assets/Script/MolkkyItemHandler.cs - Importer: PreviewImporter' with importer (PreviewImporter)
Imported 'GUID: d8d7796a4d642ce42856007227a63568' -> (Import Result ID: '94f834652aa83bb357fd796736adecfc') in 0.008 seconds [static and dynamic dependencies]. Details - ImportResultOutputID=7b622c8119b16525a70b104a1d34e412 DependenciesID=6358eb6b51c7608152c3fb3956857c2c StaticDependenciesID=ee52a093b5033363589b0b273f1576f5 
Number of updated asset objects reloaded before import = 0
Number of asset objects unloaded after import = 0
========================================================================
Received Import Request.
  Time of request: 2026-08-06T05:55:03.369719Z
  Time since last request: 0.0069975 seconds.
  importAddress: GUID: d8d7796a4d642ce42856007227a63568 - Path: Assets/Script/MolkkyItemHandler.cs - Importer: PreviewImporter
Importing 'GUID: d8d7796a4d642ce42856007227a63568 - Path: Assets/Script/MolkkyItemHandler.cs - Importer: PreviewImporter' with importer (PreviewImporter)
Imported 'GUID: d8d7796a4d642ce42856007227a63568' -> (Import Result ID: '94f834652aa83bb357fd796736adecfc') in 0.004 seconds [static and dynamic dependencies]. Details - ImportResultOutputID=7b622c8119b16525a70b104a1d34e412 DependenciesID=6358eb6b51c7608152c3fb3956857c2c StaticDependenciesID=ee52a093b5033363589b0b273f1576f5 
Number of updated asset objects reloaded before import = 0
Number of asset objects unloaded after import = 0
========================================================================
Received Import Request.
  Time of request: 2026-08-06T05:55:03.4731178Z
  Time since last request: 0.0298214 seconds.
  importAddress: GUID: d8d7796a4d642ce42856007227a63568 - Path: Assets/Script/MolkkyItemHandler.cs - Importer: PreviewImporter
Importing 'GUID: d8d7796a4d642ce42856007227a63568 - Path: Assets/Script/MolkkyItemHandler.cs - Importer: PreviewImporter' with importer (PreviewImporter)
Imported 'GUID: d8d7796a4d642ce42856007227a63568' -> (Import Result ID: '94f834652aa83bb357fd796736adecfc') in 0.002 seconds [static and dynamic dependencies]. Details - ImportResultOutputID=7b622c8119b16525a70b104a1d34e412 DependenciesID=6358eb6b51c7608152c3fb3956857c2c StaticDependenciesID=ee52a093b5033363589b0b273f1576f5 
Number of updated asset objects reloaded before import = 0
Number of asset objects unloaded after import = 0
========================================================================
Received Import Request.
  Time of request: 2026-08-06T05:55:03.5521173Z
  Time since last request: 0.0210059 seconds.
  importAddress: GUID: d8d7796a4d642ce42856007227a63568 - Path: Assets/Script/MolkkyItemHandler.cs - Importer: PreviewImporter
Importing 'GUID: d8d7796a4d642ce42856007227a63568 - Path: Assets/Script/MolkkyItemHandler.cs - Importer: PreviewImporter' with importer (PreviewImporter)
Imported 'GUID: d8d7796a4d642ce42856007227a63568' -> (Import Result ID: '94f834652aa83bb357fd796736adecfc') in 0.002 seconds [static and dynamic dependencies]. Details - ImportResultOutputID=7b622c8119b16525a70b104a1d34e412 DependenciesID=6358eb6b51c7608152c3fb3956857c2c StaticDependenciesID=ee52a093b5033363589b0b273f1576f5 
Number of updated asset objects reloaded before import = 0
Number of asset objects unloaded after import = 0
========================================================================
Received Import Request.
  Time of request: 2026-08-06T05:55:03.6256263Z
  Time since last request: 0.0096563 seconds.
  importAddress: GUID: d8d7796a4d642ce42856007227a63568 - Path: Assets/Script/MolkkyItemHandler.cs - Importer: PreviewImporter
Importing 'GUID: d8d7796a4d642ce42856007227a63568 - Path: Assets/Script/MolkkyItemHandler.cs - Importer: PreviewImporter' with importer (PreviewImporter)
Imported 'GUID: d8d7796a4d642ce42856007227a63568' -> (Import Result ID: '94f834652aa83bb357fd796736adecfc') in 0.004 seconds [static and dynamic dependencies]. Details - ImportResultOutputID=7b622c8119b16525a70b104a1d34e412 DependenciesID=6358eb6b51c7608152c3fb3956857c2c StaticDependenciesID=ee52a093b5033363589b0b273f1576f5 
Number of updated asset objects reloaded before import = 0
Number of asset objects unloaded after import = 0
========================================================================
Received Import Request.
  Time of request: 2026-08-06T05:55:03.7349522Z
  Time since last request: 0.0425489 seconds.
  importAddress: GUID: d8d7796a4d642ce42856007227a63568 - Path: Assets/Script/MolkkyItemHandler.cs - Importer: PreviewImporter
Importing 'GUID: d8d7796a4d642ce42856007227a63568 - Path: Assets/Script/MolkkyItemHandler.cs - Importer: PreviewImporter' with importer (PreviewImporter)
Imported 'GUID: d8d7796a4d642ce42856007227a63568' -> (Import Result ID: '94f834652aa83bb357fd796736adecfc') in 0.003 seconds [static and dynamic dependencies]. Details - ImportResultOutputID=7b622c8119b16525a70b104a1d34e412 DependenciesID=6358eb6b51c7608152c3fb3956857c2c StaticDependenciesID=ee52a093b5033363589b0b273f1576f5 
Number of updated asset objects reloaded before import = 0
Number of asset objects unloaded after import = 0
========================================================================
Received Import Request.
  Time of request: 2026-08-06T05:55:03.8311786Z
  Time since last request: 0.0281473 seconds.
  importAddress: GUID: d8d7796a4d642ce42856007227a63568 - Path: Assets/Script/MolkkyItemHandler.cs - Importer: PreviewImporter
Importing 'GUID: d8d7796a4d642ce42856007227a63568 - Path: Assets/Script/MolkkyItemHandler.cs - Importer: PreviewImporter' with importer (PreviewImporter)
Imported 'GUID: d8d7796a4d642ce42856007227a63568' -> (Import Result ID: '94f834652aa83bb357fd796736adecfc') in 0.002 seconds [static and dynamic dependencies]. Details - ImportResultOutputID=7b622c8119b16525a70b104a1d34e412 DependenciesID=6358eb6b51c7608152c3fb3956857c2c StaticDependenciesID=ee52a093b5033363589b0b273f1576f5 
Number of updated asset objects reloaded before import = 0
Number of asset objects unloaded after import = 0
========================================================================
Received Import Request.
  Time of request: 2026-08-06T05:55:03.9227466Z
  Time since last request: 0.0353531 seconds.
  importAddress: GUID: d8d7796a4d642ce42856007227a63568 - Path: Assets/Script/MolkkyItemHandler.cs - Importer: PreviewImporter
Importing 'GUID: d8d7796a4d642ce42856007227a63568 - Path: Assets/Script/MolkkyItemHandler.cs - Importer: PreviewImporter' with importer (PreviewImporter)
Imported 'GUID: d8d7796a4d642ce42856007227a63568' -> (Import Result ID: '94f834652aa83bb357fd796736adecfc') in 0.004 seconds [static and dynamic dependencies]. Details - ImportResultOutputID=7b622c8119b16525a70b104a1d34e412 DependenciesID=6358eb6b51c7608152c3fb3956857c2c StaticDependenciesID=ee52a093b5033363589b0b273f1576f5 
Number of updated asset objects reloaded before import = 0
Number of asset objects unloaded after import = 0
========================================================================
Received Import Request.
  Time of request: 2026-08-06T05:55:04.1214924Z
  Time since last request: 0.0086438 seconds.
  importAddress: GUID: d8d7796a4d642ce42856007227a63568 - Path: Assets/Script/MolkkyItemHandler.cs - Importer: PreviewImporter
Importing 'GUID: d8d7796a4d642ce42856007227a63568 - Path: Assets/Script/MolkkyItemHandler.cs - Importer: PreviewImporter' with importer (PreviewImporter)
Imported 'GUID: d8d7796a4d642ce42856007227a63568' -> (Import Result ID: '94f834652aa83bb357fd796736adecfc') in 0.002 seconds [static and dynamic dependencies]. Details - ImportResultOutputID=7b622c8119b16525a70b104a1d34e412 DependenciesID=6358eb6b51c7608152c3fb3956857c2c StaticDependenciesID=ee52a093b5033363589b0b273f1576f5 
Number of updated asset objects reloaded before import = 0
Number of asset objects unloaded after import = 0
========================================================================
Received Import Request.
  Time of request: 2026-08-06T05:55:04.260928Z
  Time since last request: 0.0733717 seconds.
  importAddress: GUID: d8d7796a4d642ce42856007227a63568 - Path: Assets/Script/MolkkyItemHandler.cs - Importer: PreviewImporter
Importing 'GUID: d8d7796a4d642ce42856007227a63568 - Path: Assets/Script/MolkkyItemHandler.cs - Importer: PreviewImporter' with importer (PreviewImporter)
Imported 'GUID: d8d7796a4d642ce42856007227a63568' -> (Import Result ID: '00000000000000000000000000000000') in 0.001 seconds
Import Error Code:(4)
Message: Build asset version error: assets/script/molkkyitemhandler.cs in SourceAssetDB has modification time of '2026-08-06T05:54:09.6859304Z' while content on disk has modification time of '2026-08-06T05:55:04.2306198Z'
  ERROR: Build asset version error: assets/script/molkkyitemhandler.cs in SourceAssetDB has modification time of '2026-08-06T05:54:09.6859304Z' while content on disk has modification time of '2026-08-06T05:55:04.2306198Z'
Number of updated asset objects reloaded before import = 0
Number of asset objects unloaded after import = 0
========================================================================
Received Import Request.
  Time of request: 2026-08-06T05:55:04.3623698Z
  Time since last request: 0.0283425 seconds.
  importAddress: GUID: d8d7796a4d642ce42856007227a63568 - Path: Assets/Script/MolkkyItemHandler.cs - Importer: PreviewImporter
Importing 'GUID: d8d7796a4d642ce42856007227a63568 - Path: Assets/Script/MolkkyItemHandler.cs - Importer: PreviewImporter' with importer (PreviewImporter)
Imported 'GUID: d8d7796a4d642ce42856007227a63568' -> (Import Result ID: '00000000000000000000000000000000') in 0.003 seconds
Import Error Code:(4)
Message: Build asset version error: assets/script/molkkyitemhandler.cs in SourceAssetDB has modification time of '2026-08-06T05:54:09.6859304Z' while content on disk has modification time of '2026-08-06T05:55:04.2306198Z'
  ERROR: Build asset version error: assets/script/molkkyitemhandler.cs in SourceAssetDB has modification time of '2026-08-06T05:54:09.6859304Z' while content on disk has modification time of '2026-08-06T05:55:04.2306198Z'
Number of updated asset objects reloaded before import = 0
Number of asset objects unloaded after import = 0
========================================================================
Received Import Request.
  Time of request: 2026-08-06T05:55:04.4530701Z
  Time since last request: 0.006163 seconds.
  importAddress: GUID: d8d7796a4d642ce42856007227a63568 - Path: Assets/Script/MolkkyItemHandler.cs - Importer: PreviewImporter
Importing 'GUID: d8d7796a4d642ce42856007227a63568 - Path: Assets/Script/MolkkyItemHandler.cs - Importer: PreviewImporter' with importer (PreviewImporter)
Imported 'GUID: d8d7796a4d642ce42856007227a63568' -> (Import Result ID: '00000000000000000000000000000000') in 0.002 seconds
Import Error Code:(4)
Message: Build asset version error: assets/script/molkkyitemhandler.cs in SourceAssetDB has modification time of '2026-08-06T05:54:09.6859304Z' while content on disk has modification time of '2026-08-06T05:55:04.2306198Z'
  ERROR: Build asset version error: assets/script/molkkyitemhandler.cs in SourceAssetDB has modification time of '2026-08-06T05:54:09.6859304Z' while content on disk has modification time of '2026-08-06T05:55:04.2306198Z'
Number of updated asset objects reloaded before import = 0
Number of asset objects unloaded after import = 0
========================================================================
Received Import Request.
  Time of request: 2026-08-06T05:55:04.5694861Z
  Time since last request: 0.0460218 seconds.
  importAddress: GUID: d8d7796a4d642ce42856007227a63568 - Path: Assets/Script/MolkkyItemHandler.cs - Importer: PreviewImporter
Importing 'GUID: d8d7796a4d642ce42856007227a63568 - Path: Assets/Script/MolkkyItemHandler.cs - Importer: PreviewImporter' with importer (PreviewImporter)
Imported 'GUID: d8d7796a4d642ce42856007227a63568' -> (Import Result ID: '00000000000000000000000000000000') in 0.002 seconds
Import Error Code:(4)
Message: Build asset version error: assets/script/molkkyitemhandler.cs in SourceAssetDB has modification time of '2026-08-06T05:54:09.6859304Z' while content on disk has modification time of '2026-08-06T05:55:04.2306198Z'
  ERROR: Build asset version error: assets/script/molkkyitemhandler.cs in SourceAssetDB has modification time of '2026-08-06T05:54:09.6859304Z' while content on disk has modification time of '2026-08-06T05:55:04.2306198Z'
Number of updated asset objects reloaded before import = 0
Number of asset objects unloaded after import = 0
========================================================================
Received Import Request.
  Time of request: 2026-08-06T05:55:04.660315Z
  Time since last request: 0.015968 seconds.
  importAddress: GUID: d8d7796a4d642ce42856007227a63568 - Path: Assets/Script/MolkkyItemHandler.cs - Importer: PreviewImporter
Importing 'GUID: d8d7796a4d642ce42856007227a63568 - Path: Assets/Script/MolkkyItemHandler.cs - Importer: PreviewImporter' with importer (PreviewImporter)
Imported 'GUID: d8d7796a4d642ce42856007227a63568' -> (Import Result ID: '00000000000000000000000000000000') in 0.002 seconds
Import Error Code:(4)
Message: Build asset version error: assets/script/molkkyitemhandler.cs in SourceAssetDB has modification time of '2026-08-06T05:54:09.6859304Z' while content on disk has modification time of '2026-08-06T05:55:04.2306198Z'
  ERROR: Build asset version error: assets/script/molkkyitemhandler.cs in SourceAssetDB has modification time of '2026-08-06T05:54:09.6859304Z' while content on disk has modification time of '2026-08-06T05:55:04.2306198Z'
Number of updated asset objects reloaded before import = 0
Number of asset objects unloaded after import = 0
========================================================================
Received Import Request.
  Time of request: 2026-08-06T05:55:04.7616284Z
  Time since last request: 0.0324086 seconds.
  importAddress: GUID: d8d7796a4d642ce42856007227a63568 - Path: Assets/Script/MolkkyItemHandler.cs - Importer: PreviewImporter
Importing 'GUID: d8d7796a4d642ce42856007227a63568 - Path: Assets/Script/MolkkyItemHandler.cs - Importer: PreviewImporter' with importer (PreviewImporter)
Imported 'GUID: d8d7796a4d642ce42856007227a63568' -> (Import Result ID: '00000000000000000000000000000000') in 0.003 seconds
Import Error Code:(4)
Message: Build asset version error: assets/script/molkkyitemhandler.cs in SourceAssetDB has modification time of '2026-08-06T05:54:09.6859304Z' while content on disk has modification time of '2026-08-06T05:55:04.2306198Z'
  ERROR: Build asset version error: assets/script/molkkyitemhandler.cs in SourceAssetDB has modification time of '2026-08-06T05:54:09.6859304Z' while content on disk has modification time of '2026-08-06T05:55:04.2306198Z'
Number of updated asset objects reloaded before import = 0
Number of asset objects unloaded after import = 0
========================================================================
Received Import Request.
  Time of request: 2026-08-06T05:55:04.8618159Z
  Time since last request: 0.0251368 seconds.
  importAddress: GUID: d8d7796a4d642ce42856007227a63568 - Path: Assets/Script/MolkkyItemHandler.cs - Importer: PreviewImporter
Importing 'GUID: d8d7796a4d642ce42856007227a63568 - Path: Assets/Script/MolkkyItemHandler.cs - Importer: PreviewImporter' with importer (PreviewImporter)
Imported 'GUID: d8d7796a4d642ce42856007227a63568' -> (Import Result ID: '00000000000000000000000000000000') in 0.003 seconds
Import Error Code:(4)
Message: Build asset version error: assets/script/molkkyitemhandler.cs in SourceAssetDB has modification time of '2026-08-06T05:54:09.6859304Z' while content on disk has modification time of '2026-08-06T05:55:04.2306198Z'
  ERROR: Build asset version error: assets/script/molkkyitemhandler.cs in SourceAssetDB has modification time of '2026-08-06T05:54:09.6859304Z' while content on disk has modification time of '2026-08-06T05:55:04.2306198Z'
Number of updated asset objects reloaded before import = 0
Number of asset objects unloaded after import = 0
========================================================================
Received Import Request.
  Time of request: 2026-08-06T05:55:04.9803761Z
  Time since last request: 0.0482587 seconds.
  importAddress: GUID: d8d7796a4d642ce42856007227a63568 - Path: Assets/Script/MolkkyItemHandler.cs - Importer: PreviewImporter
Importing 'GUID: d8d7796a4d642ce42856007227a63568 - Path: Assets/Script/MolkkyItemHandler.cs - Importer: PreviewImporter' with importer (PreviewImporter)
Imported 'GUID: d8d7796a4d642ce42856007227a63568' -> (Import Result ID: '00000000000000000000000000000000') in 0.003 seconds
Import Error Code:(4)
Message: Build asset version error: assets/script/molkkyitemhandler.cs in SourceAssetDB has modification time of '2026-08-06T05:54:09.6859304Z' while content on disk has modification time of '2026-08-06T05:55:04.2306198Z'
  ERROR: Build asset version error: assets/script/molkkyitemhandler.cs in SourceAssetDB has modification time of '2026-08-06T05:54:09.6859304Z' while content on disk has modification time of '2026-08-06T05:55:04.2306198Z'
Number of updated asset objects reloaded before import = 0
Number of asset objects unloaded after import = 0
========================================================================
Received Import Request.
  Time of request: 2026-08-06T05:55:05.104561Z
  Time since last request: 0.0486359 seconds.
  importAddress: GUID: d8d7796a4d642ce42856007227a63568 - Path: Assets/Script/MolkkyItemHandler.cs - Importer: PreviewImporter
Importing 'GUID: d8d7796a4d642ce42856007227a63568 - Path: Assets/Script/MolkkyItemHandler.cs - Importer: PreviewImporter' with importer (PreviewImporter)
Imported 'GUID: d8d7796a4d642ce42856007227a63568' -> (Import Result ID: '00000000000000000000000000000000') in 0.002 seconds
Import Error Code:(4)
Message: Build asset version error: assets/script/molkkyitemhandler.cs in SourceAssetDB has modification time of '2026-08-06T05:54:09.6859304Z' while content on disk has modification time of '2026-08-06T05:55:04.2306198Z'
  ERROR: Build asset version error: assets/script/molkkyitemhandler.cs in SourceAssetDB has modification time of '2026-08-06T05:54:09.6859304Z' while content on disk has modification time of '2026-08-06T05:55:04.2306198Z'
Number of updated asset objects reloaded before import = 0
Number of asset objects unloaded after import = 0
========================================================================
Received Import Request.
  Time of request: 2026-08-06T05:55:05.2146007Z
  Time since last request: 0.0136672 seconds.
  importAddress: GUID: d8d7796a4d642ce42856007227a63568 - Path: Assets/Script/MolkkyItemHandler.cs - Importer: PreviewImporter
Importing 'GUID: d8d7796a4d642ce42856007227a63568 - Path: Assets/Script/MolkkyItemHandler.cs - Importer: PreviewImporter' with importer (PreviewImporter)
Imported 'GUID: d8d7796a4d642ce42856007227a63568' -> (Import Result ID: '00000000000000000000000000000000') in 0.002 seconds
Import Error Code:(4)
Message: Build asset version error: assets/script/molkkyitemhandler.cs in SourceAssetDB has modification time of '2026-08-06T05:54:09.6859304Z' while content on disk has modification time of '2026-08-06T05:55:04.2306198Z'
  ERROR: Build asset version error: assets/script/molkkyitemhandler.cs in SourceAssetDB has modification time of '2026-08-06T05:54:09.6859304Z' while content on disk has modification time of '2026-08-06T05:55:04.2306198Z'
Number of updated asset objects reloaded before import = 0
Number of asset objects unloaded after import = 0
========================================================================
Received Import Request.
  Time of request: 2026-08-06T05:55:05.32134Z
  Time since last request: 0.04276 seconds.
  importAddress: GUID: d8d7796a4d642ce42856007227a63568 - Path: Assets/Script/MolkkyItemHandler.cs - Importer: PreviewImporter
Importing 'GUID: d8d7796a4d642ce42856007227a63568 - Path: Assets/Script/MolkkyItemHandler.cs - Importer: PreviewImporter' with importer (PreviewImporter)
Imported 'GUID: d8d7796a4d642ce42856007227a63568' -> (Import Result ID: '00000000000000000000000000000000') in 0.003 seconds
Import Error Code:(4)
Message: Build asset version error: assets/script/molkkyitemhandler.cs in SourceAssetDB has modification time of '2026-08-06T05:54:09.6859304Z' while content on disk has modification time of '2026-08-06T05:55:04.2306198Z'
  ERROR: Build asset version error: assets/script/molkkyitemhandler.cs in SourceAssetDB has modification time of '2026-08-06T05:54:09.6859304Z' while content on disk has modification time of '2026-08-06T05:55:04.2306198Z'
Number of updated asset objects reloaded before import = 0
Number of asset objects unloaded after import = 0
========================================================================
Received Import Request.
  Time of request: 2026-08-06T05:55:05.4068939Z
  Time since last request: 0.0023204 seconds.
  importAddress: GUID: d8d7796a4d642ce42856007227a63568 - Path: Assets/Script/MolkkyItemHandler.cs - Importer: PreviewImporter
Importing 'GUID: d8d7796a4d642ce42856007227a63568 - Path: Assets/Script/MolkkyItemHandler.cs - Importer: PreviewImporter' with importer (PreviewImporter)
Imported 'GUID: d8d7796a4d642ce42856007227a63568' -> (Import Result ID: '00000000000000000000000000000000') in 0.002 seconds
Import Error Code:(4)
Message: Build asset version error: assets/script/molkkyitemhandler.cs in SourceAssetDB has modification time of '2026-08-06T05:54:09.6859304Z' while content on disk has modification time of '2026-08-06T05:55:04.2306198Z'
  ERROR: Build asset version error: assets/script/molkkyitemhandler.cs in SourceAssetDB has modification time of '2026-08-06T05:54:09.6859304Z' while content on disk has modification time of '2026-08-06T05:55:04.2306198Z'
Number of updated asset objects reloaded before import = 0
Number of asset objects unloaded after import = 0
========================================================================
Received Import Request.
  Time of request: 2026-08-06T05:55:05.5190312Z
  Time since last request: 0.0519765 seconds.
  importAddress: GUID: d8d7796a4d642ce42856007227a63568 - Path: Assets/Script/MolkkyItemHandler.cs - Importer: PreviewImporter
Importing 'GUID: d8d7796a4d642ce42856007227a63568 - Path: Assets/Script/MolkkyItemHandler.cs - Importer: PreviewImporter' with importer (PreviewImporter)
Imported 'GUID: d8d7796a4d642ce42856007227a63568' -> (Import Result ID: '00000000000000000000000000000000') in 0.003 seconds
Import Error Code:(4)
Message: Build asset version error: assets/script/molkkyitemhandler.cs in SourceAssetDB has modification time of '2026-08-06T05:54:09.6859304Z' while content on disk has modification time of '2026-08-06T05:55:04.2306198Z'
  ERROR: Build asset version error: assets/script/molkkyitemhandler.cs in SourceAssetDB has modification time of '2026-08-06T05:54:09.6859304Z' while content on disk has modification time of '2026-08-06T05:55:04.2306198Z'
Number of updated asset objects reloaded before import = 0
Number of asset objects unloaded after import = 0
========================================================================
Received Import Request.
  Time of request: 2026-08-06T05:55:05.6322233Z
  Time since last request: 0.0377165 seconds.
  importAddress: GUID: d8d7796a4d642ce42856007227a63568 - Path: Assets/Script/MolkkyItemHandler.cs - Importer: PreviewImporter
Importing 'GUID: d8d7796a4d642ce42856007227a63568 - Path: Assets/Script/MolkkyItemHandler.cs - Importer: PreviewImporter' with importer (PreviewImporter)
Imported 'GUID: d8d7796a4d642ce42856007227a63568' -> (Import Result ID: '00000000000000000000000000000000') in 0.003 seconds
Import Error Code:(4)
Message: Build asset version error: assets/script/molkkyitemhandler.cs in SourceAssetDB has modification time of '2026-08-06T05:54:09.6859304Z' while content on disk has modification time of '2026-08-06T05:55:04.2306198Z'
  ERROR: Build asset version error: assets/script/molkkyitemhandler.cs in SourceAssetDB has modification time of '2026-08-06T05:54:09.6859304Z' while content on disk has modification time of '2026-08-06T05:55:04.2306198Z'
Number of updated asset objects reloaded before import = 0
Number of asset objects unloaded after import = 0
========================================================================
Received Import Request.
  Time of request: 2026-08-06T05:55:05.7557132Z
  Time since last request: 0.0305751 seconds.
  importAddress: GUID: d8d7796a4d642ce42856007227a63568 - Path: Assets/Script/MolkkyItemHandler.cs - Importer: PreviewImporter
Importing 'GUID: d8d7796a4d642ce42856007227a63568 - Path: Assets/Script/MolkkyItemHandler.cs - Importer: PreviewImporter' with importer (PreviewImporter)
Imported 'GUID: d8d7796a4d642ce42856007227a63568' -> (Import Result ID: '00000000000000000000000000000000') in 0.002 seconds
Import Error Code:(4)
Message: Build asset version error: assets/script/molkkyitemhandler.cs in SourceAssetDB has modification time of '2026-08-06T05:54:09.6859304Z' while content on disk has modification time of '2026-08-06T05:55:04.2306198Z'
  ERROR: Build asset version error: assets/script/molkkyitemhandler.cs in SourceAssetDB has modification time of '2026-08-06T05:54:09.6859304Z' while content on disk has modification time of '2026-08-06T05:55:04.2306198Z'
Number of updated asset objects reloaded before import = 0
Number of asset objects unloaded after import = 0
========================================================================
Received Import Request.
  Time of request: 2026-08-06T05:55:05.8568974Z
  Time since last request: 0.0203872 seconds.
  importAddress: GUID: d8d7796a4d642ce42856007227a63568 - Path: Assets/Script/MolkkyItemHandler.cs - Importer: PreviewImporter
Importing 'GUID: d8d7796a4d642ce42856007227a63568 - Path: Assets/Script/MolkkyItemHandler.cs - Importer: PreviewImporter' with importer (PreviewImporter)
Imported 'GUID: d8d7796a4d642ce42856007227a63568' -> (Import Result ID: '00000000000000000000000000000000') in 0.003 seconds
Import Error Code:(4)
Message: Build asset version error: assets/script/molkkyitemhandler.cs in SourceAssetDB has modification time of '2026-08-06T05:54:09.6859304Z' while content on disk has modification time of '2026-08-06T05:55:04.2306198Z'
  ERROR: Build asset version error: assets/script/molkkyitemhandler.cs in SourceAssetDB has modification time of '2026-08-06T05:54:09.6859304Z' while content on disk has modification time of '2026-08-06T05:55:04.2306198Z'
Number of updated asset objects reloaded before import = 0
Number of asset objects unloaded after import = 0
========================================================================
Received Import Request.
  Time of request: 2026-08-06T05:55:05.9604212Z
  Time since last request: 0.0236415 seconds.
  importAddress: GUID: d8d7796a4d642ce42856007227a63568 - Path: Assets/Script/MolkkyItemHandler.cs - Importer: PreviewImporter
Importing 'GUID: d8d7796a4d642ce42856007227a63568 - Path: Assets/Script/MolkkyItemHandler.cs - Importer: PreviewImporter' with importer (PreviewImporter)
Imported 'GUID: d8d7796a4d642ce42856007227a63568' -> (Import Result ID: '00000000000000000000000000000000') in 0.003 seconds
Import Error Code:(4)
Message: Build asset version error: assets/script/molkkyitemhandler.cs in SourceAssetDB has modification time of '2026-08-06T05:54:09.6859304Z' while content on disk has modification time of '2026-08-06T05:55:04.2306198Z'
  ERROR: Build asset version error: assets/script/molkkyitemhandler.cs in SourceAssetDB has modification time of '2026-08-06T05:54:09.6859304Z' while content on disk has modification time of '2026-08-06T05:55:04.2306198Z'
Number of updated asset objects reloaded before import = 0
Number of asset objects unloaded after import = 0
========================================================================
Received Import Request.
  Time of request: 2026-08-06T05:55:06.0665704Z
  Time since last request: 0.0157323 seconds.
  importAddress: GUID: d8d7796a4d642ce42856007227a63568 - Path: Assets/Script/MolkkyItemHandler.cs - Importer: PreviewImporter
Importing 'GUID: d8d7796a4d642ce42856007227a63568 - Path: Assets/Script/MolkkyItemHandler.cs - Importer: PreviewImporter' with importer (PreviewImporter)
Imported 'GUID: d8d7796a4d642ce42856007227a63568' -> (Import Result ID: '00000000000000000000000000000000') in 0.002 seconds
Import Error Code:(4)
Message: Build asset version error: assets/script/molkkyitemhandler.cs in SourceAssetDB has modification time of '2026-08-06T05:54:09.6859304Z' while content on disk has modification time of '2026-08-06T05:55:04.2306198Z'
  ERROR: Build asset version error: assets/script/molkkyitemhandler.cs in SourceAssetDB has modification time of '2026-08-06T05:54:09.6859304Z' while content on disk has modification time of '2026-08-06T05:55:04.2306198Z'
Number of updated asset objects reloaded before import = 0
Number of asset objects unloaded after import = 0
========================================================================
Received Import Request.
  Time of request: 2026-08-06T05:55:06.2889981Z
  Time since last request: 0.0181609 seconds.
  importAddress: GUID: d8d7796a4d642ce42856007227a63568 - Path: Assets/Script/MolkkyItemHandler.cs - Importer: PreviewImporter
Importing 'GUID: d8d7796a4d642ce42856007227a63568 - Path: Assets/Script/MolkkyItemHandler.cs - Importer: PreviewImporter' with importer (PreviewImporter)
Imported 'GUID: d8d7796a4d642ce42856007227a63568' -> (Import Result ID: '00000000000000000000000000000000') in 0.002 seconds
Import Error Code:(4)
Message: Build asset version error: assets/script/molkkyitemhandler.cs in SourceAssetDB has modification time of '2026-08-06T05:54:09.6859304Z' while content on disk has modification time of '2026-08-06T05:55:04.2306198Z'
  ERROR: Build asset version error: assets/script/molkkyitemhandler.cs in SourceAssetDB has modification time of '2026-08-06T05:54:09.6859304Z' while content on disk has modification time of '2026-08-06T05:55:04.2306198Z'
Number of updated asset objects reloaded before import = 0
Number of asset objects unloaded after import = 0
========================================================================
Received Import Request.
  Time of request: 2026-08-06T05:55:06.3838512Z
  Time since last request: 0.0297835 seconds.
  importAddress: GUID: d8d7796a4d642ce42856007227a63568 - Path: Assets/Script/MolkkyItemHandler.cs - Importer: PreviewImporter
Importing 'GUID: d8d7796a4d642ce42856007227a63568 - Path: Assets/Script/MolkkyItemHandler.cs - Importer: PreviewImporter' with importer (PreviewImporter)
Imported 'GUID: d8d7796a4d642ce42856007227a63568' -> (Import Result ID: '00000000000000000000000000000000') in 0.002 seconds
Import Error Code:(4)
Message: Build asset version error: assets/script/molkkyitemhandler.cs in SourceAssetDB has modification time of '2026-08-06T05:54:09.6859304Z' while content on disk has modification time of '2026-08-06T05:55:04.2306198Z'
  ERROR: Build asset version error: assets/script/molkkyitemhandler.cs in SourceAssetDB has modification time of '2026-08-06T05:54:09.6859304Z' while content on disk has modification time of '2026-08-06T05:55:04.2306198Z'
Number of updated asset objects reloaded before import = 0
Number of asset objects unloaded after import = 0
========================================================================
Received Import Request.
  Time of request: 2026-08-06T05:55:06.5386531Z
  Time since last request: 0.0102222 seconds.
  importAddress: GUID: d8d7796a4d642ce42856007227a63568 - Path: Assets/Script/MolkkyItemHandler.cs - Importer: PreviewImporter
Importing 'GUID: d8d7796a4d642ce42856007227a63568 - Path: Assets/Script/MolkkyItemHandler.cs - Importer: PreviewImporter' with importer (PreviewImporter)
Imported 'GUID: d8d7796a4d642ce42856007227a63568' -> (Import Result ID: '00000000000000000000000000000000') in 0.003 seconds
Import Error Code:(4)
Message: Build asset version error: assets/script/molkkyitemhandler.cs in SourceAssetDB has modification time of '2026-08-06T05:54:09.6859304Z' while content on disk has modification time of '2026-08-06T05:55:04.2306198Z'
  ERROR: Build asset version error: assets/script/molkkyitemhandler.cs in SourceAssetDB has modification time of '2026-08-06T05:54:09.6859304Z' while content on disk has modification time of '2026-08-06T05:55:04.2306198Z'
Number of updated asset objects reloaded before import = 0
Number of asset objects unloaded after import = 0
========================================================================
Received Import Request.
  Time of request: 2026-08-06T05:55:06.6988305Z
  Time since last request: 0.0726504 seconds.
  importAddress: GUID: d8d7796a4d642ce42856007227a63568 - Path: Assets/Script/MolkkyItemHandler.cs - Importer: PreviewImporter
Importing 'GUID: d8d7796a4d642ce42856007227a63568 - Path: Assets/Script/MolkkyItemHandler.cs - Importer: PreviewImporter' with importer (PreviewImporter)
Imported 'GUID: d8d7796a4d642ce42856007227a63568' -> (Import Result ID: '00000000000000000000000000000000') in 0.002 seconds
Import Error Code:(4)
Message: Build asset version error: assets/script/molkkyitemhandler.cs in SourceAssetDB has modification time of '2026-08-06T05:54:09.6859304Z' while content on disk has modification time of '2026-08-06T05:55:04.2306198Z'
  ERROR: Build asset version error: assets/script/molkkyitemhandler.cs in SourceAssetDB has modification time of '2026-08-06T05:54:09.6859304Z' while content on disk has modification time of '2026-08-06T05:55:04.2306198Z'
Number of updated asset objects reloaded before import = 0
Number of asset objects unloaded after import = 0
========================================================================
Received Import Request.
  Time of request: 2026-08-06T05:55:06.7988886Z
  Time since last request: 0.0274011 seconds.
  importAddress: GUID: d8d7796a4d642ce42856007227a63568 - Path: Assets/Script/MolkkyItemHandler.cs - Importer: PreviewImporter
Importing 'GUID: d8d7796a4d642ce42856007227a63568 - Path: Assets/Script/MolkkyItemHandler.cs - Importer: PreviewImporter' with importer (PreviewImporter)
Imported 'GUID: d8d7796a4d642ce42856007227a63568' -> (Import Result ID: '00000000000000000000000000000000') in 0.003 seconds
Import Error Code:(4)
Message: Build asset version error: assets/script/molkkyitemhandler.cs in SourceAssetDB has modification time of '2026-08-06T05:54:09.6859304Z' while content on disk has modification time of '2026-08-06T05:55:04.2306198Z'
  ERROR: Build asset version error: assets/script/molkkyitemhandler.cs in SourceAssetDB has modification time of '2026-08-06T05:54:09.6859304Z' while content on disk has modification time of '2026-08-06T05:55:04.2306198Z'
Number of updated asset objects reloaded before import = 0
Number of asset objects unloaded after import = 0
========================================================================
Received Import Request.
  Time of request: 2026-08-06T05:55:06.9200217Z
  Time since last request: 0.0342738 seconds.
  importAddress: GUID: d8d7796a4d642ce42856007227a63568 - Path: Assets/Script/MolkkyItemHandler.cs - Importer: PreviewImporter
Importing 'GUID: d8d7796a4d642ce42856007227a63568 - Path: Assets/Script/MolkkyItemHandler.cs - Importer: PreviewImporter' with importer (PreviewImporter)
Imported 'GUID: d8d7796a4d642ce42856007227a63568' -> (Import Result ID: '00000000000000000000000000000000') in 0.003 seconds
Import Error Code:(4)
Message: Build asset version error: assets/script/molkkyitemhandler.cs in SourceAssetDB has modification time of '2026-08-06T05:54:09.6859304Z' while content on disk has modification time of '2026-08-06T05:55:04.2306198Z'
  ERROR: Build asset version error: assets/script/molkkyitemhandler.cs in SourceAssetDB has modification time of '2026-08-06T05:54:09.6859304Z' while content on disk has modification time of '2026-08-06T05:55:04.2306198Z'
Number of updated asset objects reloaded before import = 0
Number of asset objects unloaded after import = 0
========================================================================
Received Import Request.
  Time of request: 2026-08-06T05:55:07.0390971Z
  Time since last request: 0.0183673 seconds.
  importAddress: GUID: d8d7796a4d642ce42856007227a63568 - Path: Assets/Script/MolkkyItemHandler.cs - Importer: PreviewImporter
Importing 'GUID: d8d7796a4d642ce42856007227a63568 - Path: Assets/Script/MolkkyItemHandler.cs - Importer: PreviewImporter' with importer (PreviewImporter)
Imported 'GUID: d8d7796a4d642ce42856007227a63568' -> (Import Result ID: '00000000000000000000000000000000') in 0.009 seconds
Import Error Code:(4)
Message: Build asset version error: assets/script/molkkyitemhandler.cs in SourceAssetDB has modification time of '2026-08-06T05:54:09.6859304Z' while content on disk has modification time of '2026-08-06T05:55:04.2306198Z'
  ERROR: Build asset version error: assets/script/molkkyitemhandler.cs in SourceAssetDB has modification time of '2026-08-06T05:54:09.6859304Z' while content on disk has modification time of '2026-08-06T05:55:04.2306198Z'
Number of updated asset objects reloaded before import = 0
Number of asset objects unloaded after import = 0
========================================================================
Received Import Request.
  Time of request: 2026-08-06T05:55:07.152014Z
  Time since last request: 0.0137875 seconds.
  importAddress: GUID: d8d7796a4d642ce42856007227a63568 - Path: Assets/Script/MolkkyItemHandler.cs - Importer: PreviewImporter
Importing 'GUID: d8d7796a4d642ce42856007227a63568 - Path: Assets/Script/MolkkyItemHandler.cs - Importer: PreviewImporter' with importer (PreviewImporter)
Imported 'GUID: d8d7796a4d642ce42856007227a63568' -> (Import Result ID: '00000000000000000000000000000000') in 0.004 seconds
Import Error Code:(4)
Message: Build asset version error: assets/script/molkkyitemhandler.cs in SourceAssetDB has modification time of '2026-08-06T05:54:09.6859304Z' while content on disk has modification time of '2026-08-06T05:55:04.2306198Z'
  ERROR: Build asset version error: assets/script/molkkyitemhandler.cs in SourceAssetDB has modification time of '2026-08-06T05:54:09.6859304Z' while content on disk has modification time of '2026-08-06T05:55:04.2306198Z'
Number of updated asset objects reloaded before import = 0
Number of asset objects unloaded after import = 0
========================================================================
Received Import Request.
  Time of request: 2026-08-06T05:55:07.2498832Z
  Time since last request: 0.0016158 seconds.
  importAddress: GUID: d8d7796a4d642ce42856007227a63568 - Path: Assets/Script/MolkkyItemHandler.cs - Importer: PreviewImporter
Importing 'GUID: d8d7796a4d642ce42856007227a63568 - Path: Assets/Script/MolkkyItemHandler.cs - Importer: PreviewImporter' with importer (PreviewImporter)
Imported 'GUID: d8d7796a4d642ce42856007227a63568' -> (Import Result ID: '00000000000000000000000000000000') in 0.004 seconds
Import Error Code:(4)
Message: Build asset version error: assets/script/molkkyitemhandler.cs in SourceAssetDB has modification time of '2026-08-06T05:54:09.6859304Z' while content on disk has modification time of '2026-08-06T05:55:04.2306198Z'
  ERROR: Build asset version error: assets/script/molkkyitemhandler.cs in SourceAssetDB has modification time of '2026-08-06T05:54:09.6859304Z' while content on disk has modification time of '2026-08-06T05:55:04.2306198Z'
Number of updated asset objects reloaded before import = 0
Number of asset objects unloaded after import = 0
========================================================================
Received Import Request.
  Time of request: 2026-08-06T05:55:07.4735457Z
  Time since last request: 0.1462936 seconds.
  importAddress: GUID: d8d7796a4d642ce42856007227a63568 - Path: Assets/Script/MolkkyItemHandler.cs - Importer: PreviewImporter
Importing 'GUID: d8d7796a4d642ce42856007227a63568 - Path: Assets/Script/MolkkyItemHandler.cs - Importer: PreviewImporter' with importer (PreviewImporter)
Imported 'GUID: d8d7796a4d642ce42856007227a63568' -> (Import Result ID: '00000000000000000000000000000000') in 0.003 seconds
Import Error Code:(4)
Message: Build asset version error: assets/script/molkkyitemhandler.cs in SourceAssetDB has modification time of '2026-08-06T05:54:09.6859304Z' while content on disk has modification time of '2026-08-06T05:55:04.2306198Z'
  ERROR: Build asset version error: assets/script/molkkyitemhandler.cs in SourceAssetDB has modification time of '2026-08-06T05:54:09.6859304Z' while content on disk has modification time of '2026-08-06T05:55:04.2306198Z'
Number of updated asset objects reloaded before import = 0
Number of asset objects unloaded after import = 0
========================================================================
Received Import Request.
  Time of request: 2026-08-06T05:55:07.6188592Z
  Time since last request: 0.0483069 seconds.
  importAddress: GUID: d8d7796a4d642ce42856007227a63568 - Path: Assets/Script/MolkkyItemHandler.cs - Importer: PreviewImporter
Importing 'GUID: d8d7796a4d642ce42856007227a63568 - Path: Assets/Script/MolkkyItemHandler.cs - Importer: PreviewImporter' with importer (PreviewImporter)
Imported 'GUID: d8d7796a4d642ce42856007227a63568' -> (Import Result ID: '00000000000000000000000000000000') in 0.010 seconds
Import Error Code:(4)
Message: Build asset version error: assets/script/molkkyitemhandler.cs in SourceAssetDB has modification time of '2026-08-06T05:54:09.6859304Z' while content on disk has modification time of '2026-08-06T05:55:04.2306198Z'
  ERROR: Build asset version error: assets/script/molkkyitemhandler.cs in SourceAssetDB has modification time of '2026-08-06T05:54:09.6859304Z' while content on disk has modification time of '2026-08-06T05:55:04.2306198Z'
Number of updated asset objects reloaded before import = 0
Number of asset objects unloaded after import = 0
========================================================================
Received Import Request.
  Time of request: 2026-08-06T05:55:07.7843789Z
  Time since last request: 0.0164238 seconds.
  importAddress: GUID: d8d7796a4d642ce42856007227a63568 - Path: Assets/Script/MolkkyItemHandler.cs - Importer: PreviewImporter
Importing 'GUID: d8d7796a4d642ce42856007227a63568 - Path: Assets/Script/MolkkyItemHandler.cs - Importer: PreviewImporter' with importer (PreviewImporter)
Imported 'GUID: d8d7796a4d642ce42856007227a63568' -> (Import Result ID: '00000000000000000000000000000000') in 0.002 seconds
Import Error Code:(4)
Message: Build asset version error: assets/script/molkkyitemhandler.cs in SourceAssetDB has modification time of '2026-08-06T05:54:09.6859304Z' while content on disk has modification time of '2026-08-06T05:55:04.2306198Z'
  ERROR: Build asset version error: assets/script/molkkyitemhandler.cs in SourceAssetDB has modification time of '2026-08-06T05:54:09.6859304Z' while content on disk has modification time of '2026-08-06T05:55:04.2306198Z'
Number of updated asset objects reloaded before import = 0
Number of asset objects unloaded after import = 0
========================================================================
Received Import Request.
  Time of request: 2026-08-06T05:55:07.8925083Z
  Time since last request: 0.0341525 seconds.
  importAddress: GUID: d8d7796a4d642ce42856007227a63568 - Path: Assets/Script/MolkkyItemHandler.cs - Importer: PreviewImporter
Importing 'GUID: d8d7796a4d642ce42856007227a63568 - Path: Assets/Script/MolkkyItemHandler.cs - Importer: PreviewImporter' with importer (PreviewImporter)
Imported 'GUID: d8d7796a4d642ce42856007227a63568' -> (Import Result ID: '00000000000000000000000000000000') in 0.002 seconds
Import Error Code:(4)
Message: Build asset version error: assets/script/molkkyitemhandler.cs in SourceAssetDB has modification time of '2026-08-06T05:54:09.6859304Z' while content on disk has modification time of '2026-08-06T05:55:04.2306198Z'
  ERROR: Build asset version error: assets/script/molkkyitemhandler.cs in SourceAssetDB has modification time of '2026-08-06T05:54:09.6859304Z' while content on disk has modification time of '2026-08-06T05:55:04.2306198Z'
Number of updated asset objects reloaded before import = 0
Number of asset objects unloaded after import = 0
========================================================================
Received Import Request.
  Time of request: 2026-08-06T05:55:08.0395043Z
  Time since last request: 0.0131093 seconds.
  importAddress: GUID: d8d7796a4d642ce42856007227a63568 - Path: Assets/Script/MolkkyItemHandler.cs - Importer: PreviewImporter
Importing 'GUID: d8d7796a4d642ce42856007227a63568 - Path: Assets/Script/MolkkyItemHandler.cs - Importer: PreviewImporter' with importer (PreviewImporter)
Imported 'GUID: d8d7796a4d642ce42856007227a63568' -> (Import Result ID: '00000000000000000000000000000000') in 0.002 seconds
Import Error Code:(4)
Message: Build asset version error: assets/script/molkkyitemhandler.cs in SourceAssetDB has modification time of '2026-08-06T05:54:09.6859304Z' while content on disk has modification time of '2026-08-06T05:55:04.2306198Z'
  ERROR: Build asset version error: assets/script/molkkyitemhandler.cs in SourceAssetDB has modification time of '2026-08-06T05:54:09.6859304Z' while content on disk has modification time of '2026-08-06T05:55:04.2306198Z'
Number of updated asset objects reloaded before import = 0
Number of asset objects unloaded after import = 0
========================================================================
Received Import Request.
  Time of request: 2026-08-06T05:55:08.1785018Z
  Time since last request: 0.0328808 seconds.
  importAddress: GUID: d8d7796a4d642ce42856007227a63568 - Path: Assets/Script/MolkkyItemHandler.cs - Importer: PreviewImporter
Importing 'GUID: d8d7796a4d642ce42856007227a63568 - Path: Assets/Script/MolkkyItemHandler.cs - Importer: PreviewImporter' with importer (PreviewImporter)
Imported 'GUID: d8d7796a4d642ce42856007227a63568' -> (Import Result ID: '00000000000000000000000000000000') in 0.004 seconds
Import Error Code:(4)
Message: Build asset version error: assets/script/molkkyitemhandler.cs in SourceAssetDB has modification time of '2026-08-06T05:54:09.6859304Z' while content on disk has modification time of '2026-08-06T05:55:04.2306198Z'
  ERROR: Build asset version error: assets/script/molkkyitemhandler.cs in SourceAssetDB has modification time of '2026-08-06T05:54:09.6859304Z' while content on disk has modification time of '2026-08-06T05:55:04.2306198Z'
Number of updated asset objects reloaded before import = 0
Number of asset objects unloaded after import = 0
========================================================================
Received Import Request.
  Time of request: 2026-08-06T05:55:08.2908375Z
  Time since last request: 0.0219891 seconds.
  importAddress: GUID: d8d7796a4d642ce42856007227a63568 - Path: Assets/Script/MolkkyItemHandler.cs - Importer: PreviewImporter
Importing 'GUID: d8d7796a4d642ce42856007227a63568 - Path: Assets/Script/MolkkyItemHandler.cs - Importer: PreviewImporter' with importer (PreviewImporter)
Imported 'GUID: d8d7796a4d642ce42856007227a63568' -> (Import Result ID: '00000000000000000000000000000000') in 0.002 seconds
Import Error Code:(4)
Message: Build asset version error: assets/script/molkkyitemhandler.cs in SourceAssetDB has modification time of '2026-08-06T05:54:09.6859304Z' while content on disk has modification time of '2026-08-06T05:55:04.2306198Z'
  ERROR: Build asset version error: assets/script/molkkyitemhandler.cs in SourceAssetDB has modification time of '2026-08-06T05:54:09.6859304Z' while content on disk has modification time of '2026-08-06T05:55:04.2306198Z'
Number of updated asset objects reloaded before import = 0
Number of asset objects unloaded after import = 0
========================================================================
Received Import Request.
  Time of request: 2026-08-06T05:55:08.3779314Z
  Time since last request: 0.0052509 seconds.
  importAddress: GUID: d8d7796a4d642ce42856007227a63568 - Path: Assets/Script/MolkkyItemHandler.cs - Importer: PreviewImporter
Importing 'GUID: d8d7796a4d642ce42856007227a63568 - Path: Assets/Script/MolkkyItemHandler.cs - Importer: PreviewImporter' with importer (PreviewImporter)
Imported 'GUID: d8d7796a4d642ce42856007227a63568' -> (Import Result ID: '00000000000000000000000000000000') in 0.004 seconds
Import Error Code:(4)
Message: Build asset version error: assets/script/molkkyitemhandler.cs in SourceAssetDB has modification time of '2026-08-06T05:54:09.6859304Z' while content on disk has modification time of '2026-08-06T05:55:04.2306198Z'
  ERROR: Build asset version error: assets/script/molkkyitemhandler.cs in SourceAssetDB has modification time of '2026-08-06T05:54:09.6859304Z' while content on disk has modification time of '2026-08-06T05:55:04.2306198Z'
Number of updated asset objects reloaded before import = 0
Number of asset objects unloaded after import = 0
========================================================================
Received Import Request.
  Time of request: 2026-08-06T05:55:08.5102669Z
  Time since last request: 0.0489719 seconds.
  importAddress: GUID: d8d7796a4d642ce42856007227a63568 - Path: Assets/Script/MolkkyItemHandler.cs - Importer: PreviewImporter
Importing 'GUID: d8d7796a4d642ce42856007227a63568 - Path: Assets/Script/MolkkyItemHandler.cs - Importer: PreviewImporter' with importer (PreviewImporter)
Imported 'GUID: d8d7796a4d642ce42856007227a63568' -> (Import Result ID: '00000000000000000000000000000000') in 0.003 seconds
Import Error Code:(4)
Message: Build asset version error: assets/script/molkkyitemhandler.cs in SourceAssetDB has modification time of '2026-08-06T05:54:09.6859304Z' while content on disk has modification time of '2026-08-06T05:55:04.2306198Z'
  ERROR: Build asset version error: assets/script/molkkyitemhandler.cs in SourceAssetDB has modification time of '2026-08-06T05:54:09.6859304Z' while content on disk has modification time of '2026-08-06T05:55:04.2306198Z'
Number of updated asset objects reloaded before import = 0
Number of asset objects unloaded after import = 0
========================================================================
Received Import Request.
  Time of request: 2026-08-06T05:55:08.6199107Z
  Time since last request: 0.0184375 seconds.
  importAddress: GUID: d8d7796a4d642ce42856007227a63568 - Path: Assets/Script/MolkkyItemHandler.cs - Importer: PreviewImporter
Importing 'GUID: d8d7796a4d642ce42856007227a63568 - Path: Assets/Script/MolkkyItemHandler.cs - Importer: PreviewImporter' with importer (PreviewImporter)
Imported 'GUID: d8d7796a4d642ce42856007227a63568' -> (Import Result ID: '00000000000000000000000000000000') in 0.003 seconds
Import Error Code:(4)
Message: Build asset version error: assets/script/molkkyitemhandler.cs in SourceAssetDB has modification time of '2026-08-06T05:54:09.6859304Z' while content on disk has modification time of '2026-08-06T05:55:04.2306198Z'
  ERROR: Build asset version error: assets/script/molkkyitemhandler.cs in SourceAssetDB has modification time of '2026-08-06T05:54:09.6859304Z' while content on disk has modification time of '2026-08-06T05:55:04.2306198Z'
Number of updated asset objects reloaded before import = 0
Number of asset objects unloaded after import = 0
========================================================================
Received Import Request.
  Time of request: 2026-08-06T05:55:08.7105233Z
  Time since last request: 0.0040766 seconds.
  importAddress: GUID: d8d7796a4d642ce42856007227a63568 - Path: Assets/Script/MolkkyItemHandler.cs - Importer: PreviewImporter
Importing 'GUID: d8d7796a4d642ce42856007227a63568 - Path: Assets/Script/MolkkyItemHandler.cs - Importer: PreviewImporter' with importer (PreviewImporter)
Imported 'GUID: d8d7796a4d642ce42856007227a63568' -> (Import Result ID: '00000000000000000000000000000000') in 0.003 seconds
Import Error Code:(4)
Message: Build asset version error: assets/script/molkkyitemhandler.cs in SourceAssetDB has modification time of '2026-08-06T05:54:09.6859304Z' while content on disk has modification time of '2026-08-06T05:55:04.2306198Z'
  ERROR: Build asset version error: assets/script/molkkyitemhandler.cs in SourceAssetDB has modification time of '2026-08-06T05:54:09.6859304Z' while content on disk has modification time of '2026-08-06T05:55:04.2306198Z'
Number of updated asset objects reloaded before import = 0
Number of asset objects unloaded after import = 0
========================================================================
Received Import Request.
  Time of request: 2026-08-06T05:55:08.8887055Z
  Time since last request: 0.0816648 seconds.
  importAddress: GUID: d8d7796a4d642ce42856007227a63568 - Path: Assets/Script/MolkkyItemHandler.cs - Importer: PreviewImporter
Importing 'GUID: d8d7796a4d642ce42856007227a63568 - Path: Assets/Script/MolkkyItemHandler.cs - Importer: PreviewImporter' with importer (PreviewImporter)
Imported 'GUID: d8d7796a4d642ce42856007227a63568' -> (Import Result ID: '00000000000000000000000000000000') in 0.004 seconds
Import Error Code:(4)
Message: Build asset version error: assets/script/molkkyitemhandler.cs in SourceAssetDB has modification time of '2026-08-06T05:54:09.6859304Z' while content on disk has modification time of '2026-08-06T05:55:04.2306198Z'
  ERROR: Build asset version error: assets/script/molkkyitemhandler.cs in SourceAssetDB has modification time of '2026-08-06T05:54:09.6859304Z' while content on disk has modification time of '2026-08-06T05:55:04.2306198Z'
Number of updated asset objects reloaded before import = 0
Number of asset objects unloaded after import = 0
========================================================================
Received Import Request.
  Time of request: 2026-08-06T05:55:09.0427935Z
  Time since last request: 0.036255 seconds.
  importAddress: GUID: d8d7796a4d642ce42856007227a63568 - Path: Assets/Script/MolkkyItemHandler.cs - Importer: PreviewImporter
Importing 'GUID: d8d7796a4d642ce42856007227a63568 - Path: Assets/Script/MolkkyItemHandler.cs - Importer: PreviewImporter' with importer (PreviewImporter)
Imported 'GUID: d8d7796a4d642ce42856007227a63568' -> (Import Result ID: '00000000000000000000000000000000') in 0.004 seconds
Import Error Code:(4)
Message: Build asset version error: assets/script/molkkyitemhandler.cs in SourceAssetDB has modification time of '2026-08-06T05:54:09.6859304Z' while content on disk has modification time of '2026-08-06T05:55:04.2306198Z'
  ERROR: Build asset version error: assets/script/molkkyitemhandler.cs in SourceAssetDB has modification time of '2026-08-06T05:54:09.6859304Z' while content on disk has modification time of '2026-08-06T05:55:04.2306198Z'
Number of updated asset objects reloaded before import = 0
Number of asset objects unloaded after import = 0
========================================================================
Received Import Request.
  Time of request: 2026-08-06T05:55:09.1903583Z
  Time since last request: 0.0484407 seconds.
  importAddress: GUID: d8d7796a4d642ce42856007227a63568 - Path: Assets/Script/MolkkyItemHandler.cs - Importer: PreviewImporter
Importing 'GUID: d8d7796a4d642ce42856007227a63568 - Path: Assets/Script/MolkkyItemHandler.cs - Importer: PreviewImporter' with importer (PreviewImporter)
Imported 'GUID: d8d7796a4d642ce42856007227a63568' -> (Import Result ID: '00000000000000000000000000000000') in 0.002 seconds
Import Error Code:(4)
Message: Build asset version error: assets/script/molkkyitemhandler.cs in SourceAssetDB has modification time of '2026-08-06T05:54:09.6859304Z' while content on disk has modification time of '2026-08-06T05:55:04.2306198Z'
  ERROR: Build asset version error: assets/script/molkkyitemhandler.cs in SourceAssetDB has modification time of '2026-08-06T05:54:09.6859304Z' while content on disk has modification time of '2026-08-06T05:55:04.2306198Z'
Number of updated asset objects reloaded before import = 0
Number of asset objects unloaded after import = 0
========================================================================
Received Import Request.
  Time of request: 2026-08-06T05:55:09.3124228Z
  Time since last request: 0.0183319 seconds.
  importAddress: GUID: d8d7796a4d642ce42856007227a63568 - Path: Assets/Script/MolkkyItemHandler.cs - Importer: PreviewImporter
Importing 'GUID: d8d7796a4d642ce42856007227a63568 - Path: Assets/Script/MolkkyItemHandler.cs - Importer: PreviewImporter' with importer (PreviewImporter)
Imported 'GUID: d8d7796a4d642ce42856007227a63568' -> (Import Result ID: '00000000000000000000000000000000') in 0.002 seconds
Import Error Code:(4)
Message: Build asset version error: assets/script/molkkyitemhandler.cs in SourceAssetDB has modification time of '2026-08-06T05:54:09.6859304Z' while content on disk has modification time of '2026-08-06T05:55:04.2306198Z'
  ERROR: Build asset version error: assets/script/molkkyitemhandler.cs in SourceAssetDB has modification time of '2026-08-06T05:54:09.6859304Z' while content on disk has modification time of '2026-08-06T05:55:04.2306198Z'
Number of updated asset objects reloaded before import = 0
Number of asset objects unloaded after import = 0
========================================================================
Received Import Request.
  Time of request: 2026-08-06T05:55:09.4598708Z
  Time since last request: 0.0507418 seconds.
  importAddress: GUID: d8d7796a4d642ce42856007227a63568 - Path: Assets/Script/MolkkyItemHandler.cs - Importer: PreviewImporter
Importing 'GUID: d8d7796a4d642ce42856007227a63568 - Path: Assets/Script/MolkkyItemHandler.cs - Importer: PreviewImporter' with importer (PreviewImporter)
Imported 'GUID: d8d7796a4d642ce42856007227a63568' -> (Import Result ID: '00000000000000000000000000000000') in 0.004 seconds
Import Error Code:(4)
Message: Build asset version error: assets/script/molkkyitemhandler.cs in SourceAssetDB has modification time of '2026-08-06T05:54:09.6859304Z' while content on disk has modification time of '2026-08-06T05:55:04.2306198Z'
  ERROR: Build asset version error: assets/script/molkkyitemhandler.cs in SourceAssetDB has modification time of '2026-08-06T05:54:09.6859304Z' while content on disk has modification time of '2026-08-06T05:55:04.2306198Z'
Number of updated asset objects reloaded before import = 0
Number of asset objects unloaded after import = 0
========================================================================
Received Import Request.
  Time of request: 2026-08-06T05:55:09.5760119Z
  Time since last request: 0.0307577 seconds.
  importAddress: GUID: d8d7796a4d642ce42856007227a63568 - Path: Assets/Script/MolkkyItemHandler.cs - Importer: PreviewImporter
Importing 'GUID: d8d7796a4d642ce42856007227a63568 - Path: Assets/Script/MolkkyItemHandler.cs - Importer: PreviewImporter' with importer (PreviewImporter)
Imported 'GUID: d8d7796a4d642ce42856007227a63568' -> (Import Result ID: '00000000000000000000000000000000') in 0.003 seconds
Import Error Code:(4)
Message: Build asset version error: assets/script/molkkyitemhandler.cs in SourceAssetDB has modification time of '2026-08-06T05:54:09.6859304Z' while content on disk has modification time of '2026-08-06T05:55:04.2306198Z'
  ERROR: Build asset version error: assets/script/molkkyitemhandler.cs in SourceAssetDB has modification time of '2026-08-06T05:54:09.6859304Z' while content on disk has modification time of '2026-08-06T05:55:04.2306198Z'
Number of updated asset objects reloaded before import = 0
Number of asset objects unloaded after import = 0
========================================================================
Received Import Request.
  Time of request: 2026-08-06T05:55:09.7094811Z
  Time since last request: 0.0414593 seconds.
  importAddress: GUID: d8d7796a4d642ce42856007227a63568 - Path: Assets/Script/MolkkyItemHandler.cs - Importer: PreviewImporter
Importing 'GUID: d8d7796a4d642ce42856007227a63568 - Path: Assets/Script/MolkkyItemHandler.cs - Importer: PreviewImporter' with importer (PreviewImporter)
Imported 'GUID: d8d7796a4d642ce42856007227a63568' -> (Import Result ID: '00000000000000000000000000000000') in 0.003 seconds
Import Error Code:(4)
Message: Build asset version error: assets/script/molkkyitemhandler.cs in SourceAssetDB has modification time of '2026-08-06T05:54:09.6859304Z' while content on disk has modification time of '2026-08-06T05:55:04.2306198Z'
  ERROR: Build asset version error: assets/script/molkkyitemhandler.cs in SourceAssetDB has modification time of '2026-08-06T05:54:09.6859304Z' while content on disk has modification time of '2026-08-06T05:55:04.2306198Z'
Number of updated asset objects reloaded before import = 0
Number of asset objects unloaded after import = 0
========================================================================
Received Import Request.
  Time of request: 2026-08-06T05:55:09.8128711Z
  Time since last request: 0.0037559 seconds.
  importAddress: GUID: d8d7796a4d642ce42856007227a63568 - Path: Assets/Script/MolkkyItemHandler.cs - Importer: PreviewImporter
Importing 'GUID: d8d7796a4d642ce42856007227a63568 - Path: Assets/Script/MolkkyItemHandler.cs - Importer: PreviewImporter' with importer (PreviewImporter)
Imported 'GUID: d8d7796a4d642ce42856007227a63568' -> (Import Result ID: '00000000000000000000000000000000') in 0.002 seconds
Import Error Code:(4)
Message: Build asset version error: assets/script/molkkyitemhandler.cs in SourceAssetDB has modification time of '2026-08-06T05:54:09.6859304Z' while content on disk has modification time of '2026-08-06T05:55:04.2306198Z'
  ERROR: Build asset version error: assets/script/molkkyitemhandler.cs in SourceAssetDB has modification time of '2026-08-06T05:54:09.6859304Z' while content on disk has modification time of '2026-08-06T05:55:04.2306198Z'
Number of updated asset objects reloaded before import = 0
Number of asset objects unloaded after import = 0
========================================================================
Received Import Request.
  Time of request: 2026-08-06T05:55:09.9645805Z
  Time since last request: 0.0438025 seconds.
  importAddress: GUID: d8d7796a4d642ce42856007227a63568 - Path: Assets/Script/MolkkyItemHandler.cs - Importer: PreviewImporter
Importing 'GUID: d8d7796a4d642ce42856007227a63568 - Path: Assets/Script/MolkkyItemHandler.cs - Importer: PreviewImporter' with importer (PreviewImporter)
Imported 'GUID: d8d7796a4d642ce42856007227a63568' -> (Import Result ID: '00000000000000000000000000000000') in 0.002 seconds
Import Error Code:(4)
Message: Build asset version error: assets/script/molkkyitemhandler.cs in SourceAssetDB has modification time of '2026-08-06T05:54:09.6859304Z' while content on disk has modification time of '2026-08-06T05:55:04.2306198Z'
  ERROR: Build asset version error: assets/script/molkkyitemhandler.cs in SourceAssetDB has modification time of '2026-08-06T05:54:09.6859304Z' while content on disk has modification time of '2026-08-06T05:55:04.2306198Z'
Number of updated asset objects reloaded before import = 0
Number of asset objects unloaded after import = 0
========================================================================
Received Import Request.
  Time of request: 2026-08-06T05:55:10.0725458Z
  Time since last request: 0.0086431 seconds.
  importAddress: GUID: d8d7796a4d642ce42856007227a63568 - Path: Assets/Script/MolkkyItemHandler.cs - Importer: PreviewImporter
Importing 'GUID: d8d7796a4d642ce42856007227a63568 - Path: Assets/Script/MolkkyItemHandler.cs - Importer: PreviewImporter' with importer (PreviewImporter)
Imported 'GUID: d8d7796a4d642ce42856007227a63568' -> (Import Result ID: '00000000000000000000000000000000') in 0.003 seconds
Import Error Code:(4)
Message: Build asset version error: assets/script/molkkyitemhandler.cs in SourceAssetDB has modification time of '2026-08-06T05:54:09.6859304Z' while content on disk has modification time of '2026-08-06T05:55:04.2306198Z'
  ERROR: Build asset version error: assets/script/molkkyitemhandler.cs in SourceAssetDB has modification time of '2026-08-06T05:54:09.6859304Z' while content on disk has modification time of '2026-08-06T05:55:04.2306198Z'
Number of updated asset objects reloaded before import = 0
Number of asset objects unloaded after import = 0
========================================================================
Received Import Request.
  Time of request: 2026-08-06T05:55:10.2104035Z
  Time since last request: 0.0625301 seconds.
  importAddress: GUID: d8d7796a4d642ce42856007227a63568 - Path: Assets/Script/MolkkyItemHandler.cs - Importer: PreviewImporter
Importing 'GUID: d8d7796a4d642ce42856007227a63568 - Path: Assets/Script/MolkkyItemHandler.cs - Importer: PreviewImporter' with importer (PreviewImporter)
Imported 'GUID: d8d7796a4d642ce42856007227a63568' -> (Import Result ID: '00000000000000000000000000000000') in 0.003 seconds
Import Error Code:(4)
Message: Build asset version error: assets/script/molkkyitemhandler.cs in SourceAssetDB has modification time of '2026-08-06T05:54:09.6859304Z' while content on disk has modification time of '2026-08-06T05:55:04.2306198Z'
  ERROR: Build asset version error: assets/script/molkkyitemhandler.cs in SourceAssetDB has modification time of '2026-08-06T05:54:09.6859304Z' while content on disk has modification time of '2026-08-06T05:55:04.2306198Z'
Number of updated asset objects reloaded before import = 0
Number of asset objects unloaded after import = 0
========================================================================
Received Import Request.
  Time of request: 2026-08-06T05:55:10.3322714Z
  Time since last request: 0.0248042 seconds.
  importAddress: GUID: d8d7796a4d642ce42856007227a63568 - Path: Assets/Script/MolkkyItemHandler.cs - Importer: PreviewImporter
Importing 'GUID: d8d7796a4d642ce42856007227a63568 - Path: Assets/Script/MolkkyItemHandler.cs - Importer: PreviewImporter' with importer (PreviewImporter)
Imported 'GUID: d8d7796a4d642ce42856007227a63568' -> (Import Result ID: '00000000000000000000000000000000') in 0.003 seconds
Import Error Code:(4)
Message: Build asset version error: assets/script/molkkyitemhandler.cs in SourceAssetDB has modification time of '2026-08-06T05:54:09.6859304Z' while content on disk has modification time of '2026-08-06T05:55:04.2306198Z'
  ERROR: Build asset version error: assets/script/molkkyitemhandler.cs in SourceAssetDB has modification time of '2026-08-06T05:54:09.6859304Z' while content on disk has modification time of '2026-08-06T05:55:04.2306198Z'
Number of updated asset objects reloaded before import = 0
Number of asset objects unloaded after import = 0
========================================================================
Received Import Request.
  Time of request: 2026-08-06T05:55:10.4563061Z
  Time since last request: 0.0339404 seconds.
  importAddress: GUID: d8d7796a4d642ce42856007227a63568 - Path: Assets/Script/MolkkyItemHandler.cs - Importer: PreviewImporter
Importing 'GUID: d8d7796a4d642ce42856007227a63568 - Path: Assets/Script/MolkkyItemHandler.cs - Importer: PreviewImporter' with importer (PreviewImporter)
Imported 'GUID: d8d7796a4d642ce42856007227a63568' -> (Import Result ID: '00000000000000000000000000000000') in 0.003 seconds
Import Error Code:(4)
Message: Build asset version error: assets/script/molkkyitemhandler.cs in SourceAssetDB has modification time of '2026-08-06T05:54:09.6859304Z' while content on disk has modification time of '2026-08-06T05:55:04.2306198Z'
  ERROR: Build asset version error: assets/script/molkkyitemhandler.cs in SourceAssetDB has modification time of '2026-08-06T05:54:09.6859304Z' while content on disk has modification time of '2026-08-06T05:55:04.2306198Z'
Number of updated asset objects reloaded before import = 0
Number of asset objects unloaded after import = 0
========================================================================
Received Import Request.
  Time of request: 2026-08-06T05:55:10.5809623Z
  Time since last request: 0.0171905 seconds.
  importAddress: GUID: d8d7796a4d642ce42856007227a63568 - Path: Assets/Script/MolkkyItemHandler.cs - Importer: PreviewImporter
Importing 'GUID: d8d7796a4d642ce42856007227a63568 - Path: Assets/Script/MolkkyItemHandler.cs - Importer: PreviewImporter' with importer (PreviewImporter)
Imported 'GUID: d8d7796a4d642ce42856007227a63568' -> (Import Result ID: '00000000000000000000000000000000') in 0.003 seconds
Import Error Code:(4)
Message: Build asset version error: assets/script/molkkyitemhandler.cs in SourceAssetDB has modification time of '2026-08-06T05:54:09.6859304Z' while content on disk has modification time of '2026-08-06T05:55:04.2306198Z'
  ERROR: Build asset version error: assets/script/molkkyitemhandler.cs in SourceAssetDB has modification time of '2026-08-06T05:54:09.6859304Z' while content on disk has modification time of '2026-08-06T05:55:04.2306198Z'
Number of updated asset objects reloaded before import = 0
Number of asset objects unloaded after import = 0
========================================================================
Received Import Request.
  Time of request: 2026-08-06T05:55:10.7363034Z
  Time since last request: 0.0616973 seconds.
  importAddress: GUID: d8d7796a4d642ce42856007227a63568 - Path: Assets/Script/MolkkyItemHandler.cs - Importer: PreviewImporter
Importing 'GUID: d8d7796a4d642ce42856007227a63568 - Path: Assets/Script/MolkkyItemHandler.cs - Importer: PreviewImporter' with importer (PreviewImporter)
Imported 'GUID: d8d7796a4d642ce42856007227a63568' -> (Import Result ID: '00000000000000000000000000000000') in 0.003 seconds
Import Error Code:(4)
Message: Build asset version error: assets/script/molkkyitemhandler.cs in SourceAssetDB has modification time of '2026-08-06T05:54:09.6859304Z' while content on disk has modification time of '2026-08-06T05:55:04.2306198Z'
  ERROR: Build asset version error: assets/script/molkkyitemhandler.cs in SourceAssetDB has modification time of '2026-08-06T05:54:09.6859304Z' while content on disk has modification time of '2026-08-06T05:55:04.2306198Z'
Number of updated asset objects reloaded before import = 0
Number of asset objects unloaded after import = 0
========================================================================
Received Import Request.
  Time of request: 2026-08-06T05:55:10.8811778Z
  Time since last request: 0.0280285 seconds.
  importAddress: GUID: d8d7796a4d642ce42856007227a63568 - Path: Assets/Script/MolkkyItemHandler.cs - Importer: PreviewImporter
Importing 'GUID: d8d7796a4d642ce42856007227a63568 - Path: Assets/Script/MolkkyItemHandler.cs - Importer: PreviewImporter' with importer (PreviewImporter)
Imported 'GUID: d8d7796a4d642ce42856007227a63568' -> (Import Result ID: '00000000000000000000000000000000') in 0.003 seconds
Import Error Code:(4)
Message: Build asset version error: assets/script/molkkyitemhandler.cs in SourceAssetDB has modification time of '2026-08-06T05:54:09.6859304Z' while content on disk has modification time of '2026-08-06T05:55:04.2306198Z'
  ERROR: Build asset version error: assets/script/molkkyitemhandler.cs in SourceAssetDB has modification time of '2026-08-06T05:54:09.6859304Z' while content on disk has modification time of '2026-08-06T05:55:04.2306198Z'
Number of updated asset objects reloaded before import = 0
Number of asset objects unloaded after import = 0
========================================================================
Received Import Request.
  Time of request: 2026-08-06T05:55:11.0046957Z
  Time since last request: 0.0424852 seconds.
  importAddress: GUID: d8d7796a4d642ce42856007227a63568 - Path: Assets/Script/MolkkyItemHandler.cs - Importer: PreviewImporter
Importing 'GUID: d8d7796a4d642ce42856007227a63568 - Path: Assets/Script/MolkkyItemHandler.cs - Importer: PreviewImporter' with importer (PreviewImporter)
Imported 'GUID: d8d7796a4d642ce42856007227a63568' -> (Import Result ID: '00000000000000000000000000000000') in 0.004 seconds
Import Error Code:(4)
Message: Build asset version error: assets/script/molkkyitemhandler.cs in SourceAssetDB has modification time of '2026-08-06T05:54:09.6859304Z' while content on disk has modification time of '2026-08-06T05:55:04.2306198Z'
  ERROR: Build asset version error: assets/script/molkkyitemhandler.cs in SourceAssetDB has modification time of '2026-08-06T05:54:09.6859304Z' while content on disk has modification time of '2026-08-06T05:55:04.2306198Z'
Number of updated asset objects reloaded before import = 0
Number of asset objects unloaded after import = 0
========================================================================
Received Import Request.
  Time of request: 2026-08-06T05:55:11.2180907Z
  Time since last request: 0.0078307 seconds.
  importAddress: GUID: d8d7796a4d642ce42856007227a63568 - Path: Assets/Script/MolkkyItemHandler.cs - Importer: PreviewImporter
Importing 'GUID: d8d7796a4d642ce42856007227a63568 - Path: Assets/Script/MolkkyItemHandler.cs - Importer: PreviewImporter' with importer (PreviewImporter)
Imported 'GUID: d8d7796a4d642ce42856007227a63568' -> (Import Result ID: '00000000000000000000000000000000') in 0.002 seconds
Import Error Code:(4)
Message: Build asset version error: assets/script/molkkyitemhandler.cs in SourceAssetDB has modification time of '2026-08-06T05:54:09.6859304Z' while content on disk has modification time of '2026-08-06T05:55:04.2306198Z'
  ERROR: Build asset version error: assets/script/molkkyitemhandler.cs in SourceAssetDB has modification time of '2026-08-06T05:54:09.6859304Z' while content on disk has modification time of '2026-08-06T05:55:04.2306198Z'
Number of updated asset objects reloaded before import = 0
Number of asset objects unloaded after import = 0
========================================================================
Received Import Request.
  Time of request: 2026-08-06T05:55:11.3519989Z
  Time since last request: 0.0605363 seconds.
  importAddress: GUID: d8d7796a4d642ce42856007227a63568 - Path: Assets/Script/MolkkyItemHandler.cs - Importer: PreviewImporter
Importing 'GUID: d8d7796a4d642ce42856007227a63568 - Path: Assets/Script/MolkkyItemHandler.cs - Importer: PreviewImporter' with importer (PreviewImporter)
Imported 'GUID: d8d7796a4d642ce42856007227a63568' -> (Import Result ID: '00000000000000000000000000000000') in 0.017 seconds
Import Error Code:(4)
Message: Build asset version error: assets/script/molkkyitemhandler.cs in SourceAssetDB has modification time of '2026-08-06T05:54:09.6859304Z' while content on disk has modification time of '2026-08-06T05:55:04.2306198Z'
  ERROR: Build asset version error: assets/script/molkkyitemhandler.cs in SourceAssetDB has modification time of '2026-08-06T05:54:09.6859304Z' while content on disk has modification time of '2026-08-06T05:55:04.2306198Z'
Number of updated asset objects reloaded before import = 0
Number of asset objects unloaded after import = 0
========================================================================
Received Prepare
AcceleratorClientConnectionCallback - disconnected - :0
[Licensing::Client] Successfully resolved entitlement details
[Licensing::Module] License group:
  Id: F4-S82E-258Q-RRPW-KWCH-XXXX
  Product: Unity Personal
  Type: ULF
  Expiration: Unlimited
[Licensing::Module] License group:
  Id: 15669559352791-UnityPersXXXX
  Product: Unity Personal
  Type: Assigned
  Expiration: Unlimited
Begin MonoManager ReloadAssembly
Symbol file LoadedFromMemory is not a mono symbol file
Symbol file LoadedFromMemory is not a mono symbol file
Refreshing native plugins compatible for Editor in 23.28 ms, found 5 plugins.
Native extension for WindowsStandalone target not found
Native extension for WebGL target not found
[Package Manager] Failed to launch server process. Reason: Unity was launched with the -noUpm command-line argument
[Package Manager] Unable to send message (not connected to server process).
[Package Manager] Cannot connect to Unity Package Manager local server
Refreshing native plugins compatible for Editor in 19.78 ms, found 5 plugins.
[Package Manager] Failed to launch server process. Reason: Unity was launched with the -noUpm command-line argument
[Package Manager] Unable to send message (not connected to server process).
[Package Manager] Cannot connect to Unity Package Manager local server
[MODES] ModeService[none].Initialize
[MODES] ModeService[none].LoadModes
[Licensing::Client] Error: Code 404 while processing request (status: Found 0 entitlement groups and 0 free entitlements matching requested entitlement ids)
ScheduleIndexationOnStartup MainProcess:False IndexOnStartup:True
Mono: successfully reloaded assembly
- Finished resetting the current domain, in  5.234 seconds
Domain Reload Profiling: 14181ms
	BeginReloadAssembly (1773ms)
		DisableScriptedObjects (26ms)
		CreateAndSetChildDomain (546ms)
	RebuildCommonClasses (45ms)
	RebuildNativeTypeToScriptingClass (73ms)
	initialDomainReloadingComplete (860ms)
	LoadAllAssembliesAndSetupDomain (6192ms)
		LoadAssemblies (3333ms)
		AnalyzeDomain (2341ms)
			TypeCache.Refresh (67ms)
				TypeCache.ScanAssembly (3ms)
			BuildScriptInfoCaches (2190ms)
			ResolveRequiredComponents (70ms)
	FinalizeReload (5236ms)
		SetupLoadedEditorAssemblies (0ms)
			InitializePlatformSupportModulesInManaged (7ms)
			BeforeProcessingInitializeOnLoad (434ms)
			ProcessInitializeOnLoadAttributes (2034ms)
			ProcessInitializeOnLoadMethodAttributes (1230ms)
			AfterProcessingInitializeOnLoad (13ms)
		AwakeInstancesAfterBackupRestoration (52ms)
Refreshing native plugins compatible for Editor in 15.27 ms, found 5 plugins.
Unloading 66 Unused Serialized files (Serialized files now loaded: 0)
Unloading 10409 unused Assets / (21.1 MB). Loaded Objects now: 11359.
Memory consumption went from 495.1 MB to 474.0 MB.
Total: 57.492200 ms (FindLiveObjects: 1.986100 ms CreateObjectMapping: 9.383700 ms MarkObjects: 33.389300 ms  DeleteObjects: 12.729900 ms)

Prepare: number of updated asset objects reloaded= 0
========================================================================
Received Prepare
AcceleratorClientConnectionCallback - disconnected - :0
Begin MonoManager ReloadAssembly
Symbol file LoadedFromMemory is not a mono symbol file
Symbol file LoadedFromMemory is not a mono symbol file
Refreshing native plugins compatible for Editor in 17.87 ms, found 5 plugins.
Native extension for WindowsStandalone target not found
Native extension for WebGL target not found
[Package Manager] Failed to launch server process. Reason: Unity was launched with the -noUpm command-line argument
[Package Manager] Unable to send message (not connected to server process).
[Package Manager] Cannot connect to Unity Package Manager local server
Refreshing native plugins compatible for Editor in 39.33 ms, found 5 plugins.
[Package Manager] Failed to launch server process. Reason: Unity was launched with the -noUpm command-line argument
[Package Manager] Unable to send message (not connected to server process).
[Package Manager] Cannot connect to Unity Package Manager local server
[MODES] ModeService[none].Initialize
[MODES] ModeService[none].LoadModes
[Licensing::Client] Error: Code 404 while processing request (status: Found 0 entitlement groups and 0 free entitlements matching requested entitlement ids)
ScheduleIndexationOnStartup MainProcess:False IndexOnStartup:True
Mono: successfully reloaded assembly
- Finished resetting the current domain, in  5.369 seconds
Domain Reload Profiling: 8138ms
	BeginReloadAssembly (671ms)
		DisableScriptedObjects (18ms)
		CreateAndSetChildDomain (229ms)
	RebuildCommonClasses (22ms)
	RebuildNativeTypeToScriptingClass (46ms)
	initialDomainReloadingComplete (422ms)
	LoadAllAssembliesAndSetupDomain (1606ms)
		LoadAssemblies (1424ms)
		AnalyzeDomain (51ms)
			TypeCache.Refresh (21ms)
			ResolveRequiredComponents (21ms)
	FinalizeReload (5372ms)
		SetupLoadedEditorAssemblies (0ms)
			InitializePlatformSupportModulesInManaged (9ms)
			BeforeProcessingInitializeOnLoad (421ms)
			ProcessInitializeOnLoadAttributes (2584ms)
			ProcessInitializeOnLoadMethodAttributes (1557ms)
			AfterProcessingInitializeOnLoad (20ms)
		AwakeInstancesAfterBackupRestoration (87ms)
Refreshing native plugins compatible for Editor in 36.17 ms, found 5 plugins.
Unloading 66 Unused Serialized files (Serialized files now loaded: 0)
Unloading 10409 unused Assets / (22.6 MB). Loaded Objects now: 11362.
Memory consumption went from 498.1 MB to 475.6 MB.
Total: 79.400100 ms (FindLiveObjects: 3.818500 ms CreateObjectMapping: 15.723700 ms MarkObjects: 39.216100 ms  DeleteObjects: 20.638800 ms)

Prepare: number of updated asset objects reloaded= 0
========================================================================
Received Prepare
AcceleratorClientConnectionCallback - disconnected - :0
Refreshing native plugins compatible for Editor in 25.13 ms, found 5 plugins.
Unloading 66 Unused Serialized files (Serialized files now loaded: 0)
Unloading 66 unused Assets / (13.8 MB). Loaded Objects now: 11362.
Memory consumption went from 493.9 MB to 480.1 MB.
Total: 46.272700 ms (FindLiveObjects: 1.466500 ms CreateObjectMapping: 5.869500 ms MarkObjects: 34.511700 ms  DeleteObjects: 4.422600 ms)

Prepare: number of updated asset objects reloaded= 0
========================================================================
Received Prepare
AcceleratorClientConnectionCallback - disconnected - :0
[Licensing::Client] Successfully resolved entitlement details
[Licensing::Module] License group:
  Id: F4-S82E-258Q-RRPW-KWCH-XXXX
  Product: Unity Personal
  Type: ULF
  Expiration: Unlimited
[Licensing::Module] License group:
  Id: 15669559352791-UnityPersXXXX
  Product: Unity Personal
  Type: Assigned
  Expiration: Unlimited
Begin MonoManager ReloadAssembly
Symbol file LoadedFromMemory is not a mono symbol file
Symbol file LoadedFromMemory is not a mono symbol file
Refreshing native plugins compatible for Editor in 16.30 ms, found 5 plugins.
Native extension for WindowsStandalone target not found
Native extension for WebGL target not found
[Package Manager] Failed to launch server process. Reason: Unity was launched with the -noUpm command-line argument
[Package Manager] Unable to send message (not connected to server process).
[Package Manager] Cannot connect to Unity Package Manager local server
Refreshing native plugins compatible for Editor in 35.87 ms, found 5 plugins.
[Package Manager] Failed to launch server process. Reason: Unity was launched with the -noUpm command-line argument
[Package Manager] Unable to send message (not connected to server process).
[Package Manager] Cannot connect to Unity Package Manager local server
[MODES] ModeService[none].Initialize
[MODES] ModeService[none].LoadModes
[Licensing::Client] Error: Code 404 while processing request (status: Found 0 entitlement groups and 0 free entitlements matching requested entitlement ids)
ScheduleIndexationOnStartup MainProcess:False IndexOnStartup:True
Mono: successfully reloaded assembly
- Finished resetting the current domain, in  5.536 seconds
Domain Reload Profiling: 8215ms
	BeginReloadAssembly (639ms)
		DisableScriptedObjects (12ms)
		CreateAndSetChildDomain (190ms)
	RebuildCommonClasses (16ms)
	RebuildNativeTypeToScriptingClass (33ms)
	initialDomainReloadingComplete (431ms)
	LoadAllAssembliesAndSetupDomain (1556ms)
		LoadAssemblies (1396ms)
		AnalyzeDomain (50ms)
			TypeCache.Refresh (23ms)
			ResolveRequiredComponents (17ms)
	FinalizeReload (5539ms)
		SetupLoadedEditorAssemblies (0ms)
			InitializePlatformSupportModulesInManaged (11ms)
			BeforeProcessingInitializeOnLoad (371ms)
			ProcessInitializeOnLoadAttributes (2688ms)
			ProcessInitializeOnLoadMethodAttributes (1775ms)
			AfterProcessingInitializeOnLoad (18ms)
		AwakeInstancesAfterBackupRestoration (79ms)
Refreshing native plugins compatible for Editor in 26.35 ms, found 5 plugins.
Unloading 66 Unused Serialized files (Serialized files now loaded: 0)
Unloading 10409 unused Assets / (21.8 MB). Loaded Objects now: 11365.
Memory consumption went from 504.8 MB to 483.0 MB.
Total: 75.183500 ms (FindLiveObjects: 2.875900 ms CreateObjectMapping: 15.605200 ms MarkObjects: 37.936400 ms  DeleteObjects: 18.762100 ms)

Prepare: number of updated asset objects reloaded= 0
========================================================================
Received Prepare
AcceleratorClientConnectionCallback - disconnected - :0
[Licensing::Client] Successfully resolved entitlement details
[Licensing::Module] License group:
  Id: F4-S82E-258Q-RRPW-KWCH-XXXX
  Product: Unity Personal
  Type: ULF
  Expiration: Unlimited
[Licensing::Module] License group:
  Id: 15669559352791-UnityPersXXXX
  Product: Unity Personal
  Type: Assigned
  Expiration: Unlimited
Begin MonoManager ReloadAssembly
Symbol file LoadedFromMemory is not a mono symbol file
Symbol file LoadedFromMemory is not a mono symbol file
Refreshing native plugins compatible for Editor in 18.13 ms, found 5 plugins.
Native extension for WindowsStandalone target not found
Native extension for WebGL target not found
[Package Manager] Failed to launch server process. Reason: Unity was launched with the -noUpm command-line argument
[Package Manager] Unable to send message (not connected to server process).
[Package Manager] Cannot connect to Unity Package Manager local server
Refreshing native plugins compatible for Editor in 29.70 ms, found 5 plugins.
[Package Manager] Failed to launch server process. Reason: Unity was launched with the -noUpm command-line argument
[Package Manager] Unable to send message (not connected to server process).
[Package Manager] Cannot connect to Unity Package Manager local server
[MODES] ModeService[none].Initialize
[MODES] ModeService[none].LoadModes
[Licensing::Client] Error: Code 404 while processing request (status: Found 0 entitlement groups and 0 free entitlements matching requested entitlement ids)
ScheduleIndexationOnStartup MainProcess:False IndexOnStartup:True
Mono: successfully reloaded assembly
- Finished resetting the current domain, in  5.022 seconds
Domain Reload Profiling: 7680ms
	BeginReloadAssembly (608ms)
		DisableScriptedObjects (13ms)
		CreateAndSetChildDomain (178ms)
	RebuildCommonClasses (35ms)
	RebuildNativeTypeToScriptingClass (43ms)
	initialDomainReloadingComplete (409ms)
	LoadAllAssembliesAndSetupDomain (1560ms)
		LoadAssemblies (1405ms)
		AnalyzeDomain (55ms)
			TypeCache.Refresh (24ms)
			ResolveRequiredComponents (18ms)
	FinalizeReload (5026ms)
		SetupLoadedEditorAssemblies (0ms)
			InitializePlatformSupportModulesInManaged (7ms)
			BeforeProcessingInitializeOnLoad (372ms)
			ProcessInitializeOnLoadAttributes (2623ms)
			ProcessInitializeOnLoadMethodAttributes (1287ms)
			AfterProcessingInitializeOnLoad (17ms)
		AwakeInstancesAfterBackupRestoration (81ms)
Refreshing native plugins compatible for Editor in 16.67 ms, found 5 plugins.
Unloading 66 Unused Serialized files (Serialized files now loaded: 0)
Unloading 10409 unused Assets / (20.6 MB). Loaded Objects now: 11368.
Memory consumption went from 508.1 MB to 487.6 MB.
Total: 61.101900 ms (FindLiveObjects: 2.280500 ms CreateObjectMapping: 11.564200 ms MarkObjects: 33.303500 ms  DeleteObjects: 13.950600 ms)

Prepare: number of updated asset objects reloaded= 0
========================================================================
Received Prepare
AcceleratorClientConnectionCallback - disconnected - :0
Refreshing native plugins compatible for Editor in 23.44 ms, found 5 plugins.
Unloading 66 Unused Serialized files (Serialized files now loaded: 0)
Unloading 10390 unused Assets / (21.8 MB). Loaded Objects now: 11369.
Memory consumption went from 511.5 MB to 489.7 MB.
Total: 143.164900 ms (FindLiveObjects: 2.917100 ms CreateObjectMapping: 21.860100 ms MarkObjects: 85.206000 ms  DeleteObjects: 33.175100 ms)

Prepare: number of updated asset objects reloaded= 0
========================================================================
Received Prepare
AcceleratorClientConnectionCallback - disconnected - :0
Refreshing native plugins compatible for Editor in 46.26 ms, found 5 plugins.
Unloading 66 Unused Serialized files (Serialized files now loaded: 0)
Unloading 66 unused Assets / (13.8 MB). Loaded Objects now: 11369.
Memory consumption went from 507.1 MB to 493.4 MB.
Total: 60.104800 ms (FindLiveObjects: 2.461800 ms CreateObjectMapping: 6.254600 ms MarkObjects: 45.658600 ms  DeleteObjects: 5.697300 ms)

Prepare: number of updated asset objects reloaded= 0
========================================================================
Received Prepare
AcceleratorClientConnectionCallback - disconnected - :0
[Licensing::Client] Successfully resolved entitlement details
[Licensing::Module] License group:
  Id: F4-S82E-258Q-RRPW-KWCH-XXXX
  Product: Unity Personal
  Type: ULF
  Expiration: Unlimited
[Licensing::Module] License group:
  Id: 15669559352791-UnityPersXXXX
  Product: Unity Personal
  Type: Assigned
  Expiration: Unlimited
Begin MonoManager ReloadAssembly
Symbol file LoadedFromMemory is not a mono symbol file
Symbol file LoadedFromMemory is not a mono symbol file
Refreshing native plugins compatible for Editor in 16.14 ms, found 5 plugins.
Native extension for WindowsStandalone target not found
Native extension for WebGL target not found
[Package Manager] Failed to launch server process. Reason: Unity was launched with the -noUpm command-line argument
[Package Manager] Unable to send message (not connected to server process).
[Package Manager] Cannot connect to Unity Package Manager local server
Refreshing native plugins compatible for Editor in 22.86 ms, found 5 plugins.
[Package Manager] Failed to launch server process. Reason: Unity was launched with the -noUpm command-line argument
[Package Manager] Unable to send message (not connected to server process).
[Package Manager] Cannot connect to Unity Package Manager local server
[MODES] ModeService[none].Initialize
[MODES] ModeService[none].LoadModes
[Licensing::Client] Error: Code 404 while processing request (status: Found 0 entitlement groups and 0 free entitlements matching requested entitlement ids)
ScheduleIndexationOnStartup MainProcess:False IndexOnStartup:True
Mono: successfully reloaded assembly
- Finished resetting the current domain, in  4.158 seconds
Domain Reload Profiling: 7756ms
	BeginReloadAssembly (641ms)
		DisableScriptedObjects (15ms)
		CreateAndSetChildDomain (178ms)
	RebuildCommonClasses (29ms)
	RebuildNativeTypeToScriptingClass (40ms)
	initialDomainReloadingComplete (433ms)
	LoadAllAssembliesAndSetupDomain (2452ms)
		LoadAssemblies (1476ms)
		AnalyzeDomain (877ms)
			TypeCache.Refresh (30ms)
			BuildScriptInfoCaches (822ms)
			ResolveRequiredComponents (19ms)
	FinalizeReload (4160ms)
		SetupLoadedEditorAssemblies (0ms)
			InitializePlatformSupportModulesInManaged (5ms)
			BeforeProcessingInitializeOnLoad (298ms)
			ProcessInitializeOnLoadAttributes (1911ms)
			ProcessInitializeOnLoadMethodAttributes (1294ms)
			AfterProcessingInitializeOnLoad (19ms)
		AwakeInstancesAfterBackupRestoration (71ms)
Refreshing native plugins compatible for Editor in 15.61 ms, found 5 plugins.
Unloading 66 Unused Serialized files (Serialized files now loaded: 0)
Unloading 10410 unused Assets / (20.8 MB). Loaded Objects now: 11372.
Memory consumption went from 0.52 GB to 507.8 MB.
Total: 61.807000 ms (FindLiveObjects: 2.130600 ms CreateObjectMapping: 10.650900 ms MarkObjects: 36.220600 ms  DeleteObjects: 12.801600 ms)

Prepare: number of updated asset objects reloaded= 0
========================================================================
Received Prepare
AcceleratorClientConnectionCallback - disconnected - :0
Begin MonoManager ReloadAssembly
Symbol file LoadedFromMemory is not a mono symbol file
Symbol file LoadedFromMemory is not a mono symbol file
Refreshing native plugins compatible for Editor in 17.01 ms, found 5 plugins.
Native extension for WindowsStandalone target not found
Native extension for WebGL target not found
[Package Manager] Failed to launch server process. Reason: Unity was launched with the -noUpm command-line argument
[Package Manager] Unable to send message (not connected to server process).
[Package Manager] Cannot connect to Unity Package Manager local server
Refreshing native plugins compatible for Editor in 32.02 ms, found 5 plugins.
[Package Manager] Failed to launch server process. Reason: Unity was launched with the -noUpm command-line argument
[Package Manager] Unable to send message (not connected to server process).
[Package Manager] Cannot connect to Unity Package Manager local server
[MODES] ModeService[none].Initialize
[MODES] ModeService[none].LoadModes
[Licensing::Client] Error: Code 404 while processing request (status: Found 0 entitlement groups and 0 free entitlements matching requested entitlement ids)
ScheduleIndexationOnStartup MainProcess:False IndexOnStartup:True
Mono: successfully reloaded assembly
- Finished resetting the current domain, in  5.278 seconds
Domain Reload Profiling: 8016ms
	BeginReloadAssembly (635ms)
		DisableScriptedObjects (18ms)
		CreateAndSetChildDomain (214ms)
	RebuildCommonClasses (21ms)
	RebuildNativeTypeToScriptingClass (38ms)
	initialDomainReloadingComplete (437ms)
	LoadAllAssembliesAndSetupDomain (1604ms)
		LoadAssemblies (1428ms)
		AnalyzeDomain (55ms)
			TypeCache.Refresh (24ms)
			ResolveRequiredComponents (18ms)
	FinalizeReload (5281ms)
		SetupLoadedEditorAssemblies (0ms)
			InitializePlatformSupportModulesInManaged (7ms)
			BeforeProcessingInitializeOnLoad (388ms)
			ProcessInitializeOnLoadAttributes (2640ms)
			ProcessInitializeOnLoadMethodAttributes (1419ms)
			AfterProcessingInitializeOnLoad (14ms)
		AwakeInstancesAfterBackupRestoration (105ms)
Refreshing native plugins compatible for Editor in 20.05 ms, found 5 plugins.
Unloading 66 Unused Serialized files (Serialized files now loaded: 0)
Unloading 10410 unused Assets / (20.4 MB). Loaded Objects now: 11375.
Memory consumption went from 0.52 GB to 509.1 MB.
Total: 57.159000 ms (FindLiveObjects: 3.118600 ms CreateObjectMapping: 10.764200 ms MarkObjects: 29.797900 ms  DeleteObjects: 13.475300 ms)

Prepare: number of updated asset objects reloaded= 0
========================================================================
Received Prepare
AcceleratorClientConnectionCallback - disconnected - :0
Begin MonoManager ReloadAssembly
Symbol file LoadedFromMemory is not a mono symbol file
Symbol file LoadedFromMemory is not a mono symbol file
Refreshing native plugins compatible for Editor in 17.95 ms, found 5 plugins.
Native extension for WindowsStandalone target not found
Native extension for WebGL target not found
[Package Manager] Failed to launch server process. Reason: Unity was launched with the -noUpm command-line argument
[Package Manager] Unable to send message (not connected to server process).
[Package Manager] Cannot connect to Unity Package Manager local server
Refreshing native plugins compatible for Editor in 31.24 ms, found 5 plugins.
[Package Manager] Failed to launch server process. Reason: Unity was launched with the -noUpm command-line argument
[Package Manager] Unable to send message (not connected to server process).
[Package Manager] Cannot connect to Unity Package Manager local server
[MODES] ModeService[none].Initialize
[MODES] ModeService[none].LoadModes
[Licensing::Client] Error: Code 404 while processing request (status: Found 0 entitlement groups and 0 free entitlements matching requested entitlement ids)
ScheduleIndexationOnStartup MainProcess:False IndexOnStartup:True
Mono: successfully reloaded assembly
- Finished resetting the current domain, in  5.301 seconds
Domain Reload Profiling: 7969ms
	BeginReloadAssembly (619ms)
		DisableScriptedObjects (15ms)
		CreateAndSetChildDomain (201ms)
	RebuildCommonClasses (16ms)
	RebuildNativeTypeToScriptingClass (35ms)
	initialDomainReloadingComplete (387ms)
	LoadAllAssembliesAndSetupDomain (1600ms)
		LoadAssemblies (1435ms)
		AnalyzeDomain (56ms)
			TypeCache.Refresh (24ms)
			ResolveRequiredComponents (22ms)
	FinalizeReload (5311ms)
		SetupLoadedEditorAssemblies (0ms)
			InitializePlatformSupportModulesInManaged (7ms)
			BeforeProcessingInitializeOnLoad (365ms)
			ProcessInitializeOnLoadAttributes (2716ms)
			ProcessInitializeOnLoadMethodAttributes (1576ms)
			AfterProcessingInitializeOnLoad (14ms)
		AwakeInstancesAfterBackupRestoration (66ms)
Refreshing native plugins compatible for Editor in 17.59 ms, found 5 plugins.
Unloading 66 Unused Serialized files (Serialized files now loaded: 0)
Unloading 10410 unused Assets / (22.0 MB). Loaded Objects now: 11378.
Memory consumption went from 0.52 GB to 510.8 MB.
Total: 71.383400 ms (FindLiveObjects: 2.629800 ms CreateObjectMapping: 12.243900 ms MarkObjects: 38.777300 ms  DeleteObjects: 17.729500 ms)

Prepare: number of updated asset objects reloaded= 0
========================================================================
Received Prepare
AcceleratorClientConnectionCallback - disconnected - :0
[Licensing::Client] Successfully resolved entitlement details
[Licensing::Module] License group:
  Id: F4-S82E-258Q-RRPW-KWCH-XXXX
  Product: Unity Personal
  Type: ULF
  Expiration: Unlimited
[Licensing::Module] License group:
  Id: 15669559352791-UnityPersXXXX
  Product: Unity Personal
  Type: Assigned
  Expiration: Unlimited
Begin MonoManager ReloadAssembly
Symbol file LoadedFromMemory is not a mono symbol file
Symbol file LoadedFromMemory is not a mono symbol file
Refreshing native plugins compatible for Editor in 16.08 ms, found 5 plugins.
Native extension for WindowsStandalone target not found
Native extension for WebGL target not found
[Package Manager] Failed to launch server process. Reason: Unity was launched with the -noUpm command-line argument
[Package Manager] Unable to send message (not connected to server process).
[Package Manager] Cannot connect to Unity Package Manager local server
Refreshing native plugins compatible for Editor in 19.53 ms, found 5 plugins.
[Package Manager] Failed to launch server process. Reason: Unity was launched with the -noUpm command-line argument
[Package Manager] Unable to send message (not connected to server process).
[Package Manager] Cannot connect to Unity Package Manager local server
[MODES] ModeService[none].Initialize
[MODES] ModeService[none].LoadModes
[Licensing::Client] Error: Code 404 while processing request (status: Found 0 entitlement groups and 0 free entitlements matching requested entitlement ids)
ScheduleIndexationOnStartup MainProcess:False IndexOnStartup:True
Mono: successfully reloaded assembly
- Finished resetting the current domain, in  4.742 seconds
Domain Reload Profiling: 7281ms
	BeginReloadAssembly (600ms)
		DisableScriptedObjects (15ms)
		CreateAndSetChildDomain (184ms)
	RebuildCommonClasses (22ms)
	RebuildNativeTypeToScriptingClass (33ms)
	initialDomainReloadingComplete (396ms)
	LoadAllAssembliesAndSetupDomain (1485ms)
		LoadAssemblies (1303ms)
		AnalyzeDomain (57ms)
			TypeCache.Refresh (24ms)
			ResolveRequiredComponents (23ms)
	FinalizeReload (4745ms)
		SetupLoadedEditorAssemblies (0ms)
			InitializePlatformSupportModulesInManaged (6ms)
			BeforeProcessingInitializeOnLoad (392ms)
			ProcessInitializeOnLoadAttributes (2268ms)
			ProcessInitializeOnLoadMethodAttributes (1322ms)
			AfterProcessingInitializeOnLoad (14ms)
		AwakeInstancesAfterBackupRestoration (78ms)
Refreshing native plugins compatible for Editor in 13.97 ms, found 5 plugins.
Unloading 66 Unused Serialized files (Serialized files now loaded: 0)
Unloading 10410 unused Assets / (20.7 MB). Loaded Objects now: 11381.
Memory consumption went from 0.52 GB to 0.50 GB.
Total: 58.697900 ms (FindLiveObjects: 3.004900 ms CreateObjectMapping: 11.722400 ms MarkObjects: 29.984700 ms  DeleteObjects: 13.982400 ms)

Prepare: number of updated asset objects reloaded= 0
========================================================================
Received Prepare
AcceleratorClientConnectionCallback - disconnected - :0
Refreshing native plugins compatible for Editor in 16.12 ms, found 5 plugins.
Unloading 66 Unused Serialized files (Serialized files now loaded: 0)
Unloading 66 unused Assets / (13.8 MB). Loaded Objects now: 11381.
Memory consumption went from 0.52 GB to 0.51 GB.
Total: 47.764300 ms (FindLiveObjects: 1.536400 ms CreateObjectMapping: 4.215000 ms MarkObjects: 38.409200 ms  DeleteObjects: 3.598900 ms)

Prepare: number of updated asset objects reloaded= 0
========================================================================
Received Import Request.
  Time of request: 2026-08-06T06:11:46.3577578Z
  Time since last request: 994.87561159999996 seconds.
  importAddress: GUID: 56241a59585eb2c44a07ec8f98b00517 - Path: Assets/nomal_Molkky.prefab - Importer: PreviewImporter
Importing 'GUID: 56241a59585eb2c44a07ec8f98b00517 - Path: Assets/nomal_Molkky.prefab - Importer: PreviewImporter' with importer (PreviewImporter)
Imported 'GUID: 56241a59585eb2c44a07ec8f98b00517' -> (Import Result ID: 'bcdd22f9f51af08ef1f7879fbc2245ff') in 1.181 seconds [static and dynamic dependencies]. Details - ImportResultOutputID=cc2da3f0d8065aef7ff64bac5f6cdbde DependenciesID=77f8598a14e00f24559220fa3230a7cf StaticDependenciesID=cedc0d2e275b4a447a5c4d879234df4e 
Number of updated asset objects reloaded before import = 0
Number of asset objects unloaded after import = 10
========================================================================
Received Import Request.
  Time of request: 2026-08-06T06:13:01.6352448Z
  Time since last request: 74.04800280000001 seconds.
  importAddress: GUID: 37057503884141f4ebf6086f27f0ea0b - Path: Assets/Rocket.prefab - Importer: PreviewImporter
Importing 'GUID: 37057503884141f4ebf6086f27f0ea0b - Path: Assets/Rocket.prefab - Importer: PreviewImporter' with importer (PreviewImporter)
Imported 'GUID: 37057503884141f4ebf6086f27f0ea0b' -> (Import Result ID: '8da7a31eea8c75c727b4a40f068b1cfc') in 0.260 seconds [static and dynamic dependencies]. Details - ImportResultOutputID=0b1b931653c3408b50a61403c4d581ff DependenciesID=4dce211efad8e0cf86f2cd613b45503f StaticDependenciesID=8c7c254741919d6a2c4fc4b69659c99f 
Number of updated asset objects reloaded before import = 0
Number of asset objects unloaded after import = 10
========================================================================
Received Import Request.
  Time of request: 2026-08-06T06:13:04.84132Z
  Time since last request: 2.8902904 seconds.
  importAddress: GUID: 37057503884141f4ebf6086f27f0ea0b - Path: Assets/Rocket.prefab - Importer: PreviewImporter
Importing 'GUID: 37057503884141f4ebf6086f27f0ea0b - Path: Assets/Rocket.prefab - Importer: PreviewImporter' with importer (PreviewImporter)
Imported 'GUID: 37057503884141f4ebf6086f27f0ea0b' -> (Import Result ID: '16ebb7641ccfd4a9f597400a69df33f1') in 0.008 seconds [static and dynamic dependencies]. Details - ImportResultOutputID=0b1b931653c3408b50a61403c4d581ff DependenciesID=e1eb0ff970a3a3ff0ac793e42d410557 StaticDependenciesID=99fe9deddb7b070b20315b850e4eceaf 
Number of updated asset objects reloaded before import = 0
Number of asset objects unloaded after import = 10
========================================================================
Received Import Request.
  Time of request: 2026-08-06T06:13:08.7535114Z
  Time since last request: 3.8628204 seconds.
  importAddress: GUID: 79627a143b51108419518c181351f891 - Path: Assets/Bomb.prefab - Importer: PreviewImporter
Importing 'GUID: 79627a143b51108419518c181351f891 - Path: Assets/Bomb.prefab - Importer: PreviewImporter' with importer (PreviewImporter)
Imported 'GUID: 79627a143b51108419518c181351f891' -> (Import Result ID: 'e25970f743f4c1b09a2991805ca96395') in 0.011 seconds [static and dynamic dependencies]. Details - ImportResultOutputID=bb5080b8f3184c0e19a830261a4e440b DependenciesID=118e755e72eea8a938015ab0d199c988 StaticDependenciesID=ea15f346695f4ed4a72730d0a944b543 
Number of updated asset objects reloaded before import = 0
Number of asset objects unloaded after import = 12
========================================================================
Received Prepare
AcceleratorClientConnectionCallback - disconnected - :0
Refreshing native plugins compatible for Editor in 20.35 ms, found 5 plugins.
Unloading 66 Unused Serialized files (Serialized files now loaded: 0)
Unloading 66 unused Assets / (13.8 MB). Loaded Objects now: 11503.
Memory consumption went from 0.50 GB to 499.4 MB.
Total: 50.253600 ms (FindLiveObjects: 0.967600 ms CreateObjectMapping: 4.873000 ms MarkObjects: 40.091900 ms  DeleteObjects: 4.318500 ms)

Prepare: number of updated asset objects reloaded= 0
========================================================================
Received Prepare
AcceleratorClientConnectionCallback - disconnected - :0
Refreshing native plugins compatible for Editor in 19.23 ms, found 5 plugins.
Unloading 66 Unused Serialized files (Serialized files now loaded: 0)
Unloading 66 unused Assets / (13.8 MB). Loaded Objects now: 11503.
Memory consumption went from 0.50 GB to 502.7 MB.
Total: 46.348100 ms (FindLiveObjects: 1.790500 ms CreateObjectMapping: 4.256900 ms MarkObjects: 35.826300 ms  DeleteObjects: 4.471300 ms)

Prepare: number of updated asset objects reloaded= 0
Editor requested this worker to shutdown with reason: Editor is closing down
AssetImportWorkerClient::OnTransportError - code=2 error=End of file
AcceleratorClientConnectionCallback - disconnected - :0
AssetImportWorker is now disconnected from the server
Process exiting
Exiting without the bug reporter. Application will terminate with return code 0