[Licensing::Module] Trying to connect to existing licensing client channel...
Built from '6000.5/staging' branch; Version is '6000.5.0f1 (88b47c5e7076) revision 8959100'; Using compiler version '194234433'; Build Type 'Release'
OS: 'Windows 11  (10.0.26200) Professional' Language: 'ja' Physical Memory: 16208 MB
BatchMode: 0, IsHumanControllingUs: 1, StartBugReporterOnCrash: 1, Is64bit: 1
System  architecture: x64
Process architecture: x64
Date: 2026-08-06T05:21:18Z
[Licensing::IpcConnector] Successfully connected to: "LicenseClient-ikesakutarou" at "2026-08-06T05:21:18.9298185Z"

COMMAND LINE ARGUMENTS:
C:\Program Files\Unity\Hub\Editor\6000.5.0f1\Editor\Unity.exe
-projectpath
C:\Users\ikesakutarou\t6-M6\Molkky
-acceptSoftwareTermsForThisRunOnly
-useHub
-hubIPC
-cloudEnvironment
production
-licensingIpc
LicenseClient-ikesakutarou
-hubSessionId
6ff99347-c7ef-4c9e-a6f4-25edaea254ff
-accessToken
YFOvL79r69wHGdFaI0IjPv7sBeeIZaKZwk791qSnGE400ef
Successfully changed project path to: C:\Users\ikesakutarou\t6-M6\Molkky
C:/Users/ikesakutarou/t6-M6/Molkky
[UnityMemory] Configuration Parameters - Can be set up in boot.config
    "memorysetup-temp-allocator-size-gi-baking-worker=262144"
    "memorysetup-temp-allocator-size-gi-baking-worker=262144"
    "memorysetup-temp-allocator-size-gi-baking-worker=262144"
    "memorysetup-temp-allocator-size-gi-baking-worker=262144"
    "memorysetup-temp-allocator-size-gi-baking-worker=262144"
    "memorysetup-temp-allocator-size-nav-mesh-worker=65536"
    "memorysetup-temp-allocator-size-audio-worker=65536"
    "memorysetup-temp-allocator-size-cloud-worker=32768"
    "memorysetup-temp-allocator-size-gfx=262144"
    "memorysetup-temp-allocator-size-preload-manager=33554432"
    "memorysetup-allocator-temp-initial-block-size-main=262144"
    "memorysetup-allocator-temp-initial-block-size-worker=262144"
    "memorysetup-temp-allocator-size-job-worker=262144"
    "memorysetup-temp-allocator-size-background-worker=32768"
    "memorysetup-bucket-allocator-granularity=16"
    "memorysetup-bucket-allocator-bucket-count=8"
    "memorysetup-bucket-allocator-block-size=33554432"
    "memorysetup-bucket-allocator-block-count=8"
    "memorysetup-main-allocator-block-size=16777216"
    "memorysetup-thread-allocator-block-size=16777216"
    "memorysetup-main-allocator-mimalloc-enabled=0"
    "memorysetup-gfx-main-allocator-block-size=16777216"
    "memorysetup-gfx-thread-allocator-block-size=16777216"
    "memorysetup-cache-allocator-block-size=4194304"
    "memorysetup-typetree-allocator-block-size=2097152"
    "memorysetup-profiler-bucket-allocator-granularity=16"
    "memorysetup-profiler-bucket-allocator-bucket-count=8"
    "memorysetup-profiler-bucket-allocator-block-size=33554432"
    "memorysetup-profiler-bucket-allocator-block-count=8"
    "memorysetup-profiler-allocator-block-size=16777216"
    "memorysetup-profiler-editor-allocator-block-size=1048576"
    "memorysetup-temp-allocator-size-main=16777216"
    "memorysetup-job-temp-allocator-block-size=2097152"
    "memorysetup-job-temp-allocator-block-size-background=1048576"
    "memorysetup-job-temp-allocator-reduction-small-platforms=262144"
Player connection [7408]  Target information:

Player connection [7408]  * "[IP] 100.64.1.39 [Port] 55504 [Flags] 2 [Guid] 1072398627 [EditorId] 1072398627 [Version] 1048832 [Id] WindowsEditor(7,池朔太郎) [Debug] 1 [PackageName] WindowsEditor [ProjectName] Editor" 

Player connection [7408] Host joined multi-casting on [225.0.0.222:54997]...
Player connection [7408] Host joined alternative multi-casting on [225.0.0.222:34997]...
Input System module state changed to: Initialized.
[Physics::Module] Initialized fallback backend.
[Physics::Module] Id: 0xdecafbad
[Package Manager] Connected to IPC stream "Upm-15024" after 1.0 seconds.
[Licensing::Module] Licensing is not yet initialized.
[Licensing::Client] Error: HandshakeResponse reported an error:
	ResponseCode: 505
	ResponseStatus: Unsupported protocol version '1.18.1'.
[Licensing::Module] Error: Failed to handshake to channel: "LicenseClient-ikesakutarou"
[Licensing::IpcConnector] LicenseClient-ikesakutarou channel disconnected successfully.
[Licensing::IpcConnector] Channel LicenseClient-ikesakutarou-6000.5.0 doesn't exist
[Licensing::Module] Successfully launched the LicensingClient (PId: 14008)
Starting IPC server.
Waiting for clients to connect on \\.\pipe\Unity-LicenseClient-ikesakutarou-6000.5.0, press Ctrl-C to exit.
[Licensing::IpcConnector] Successfully connected to: "LicenseClient-ikesakutarou-6000.5.0" at "2026-08-06T05:21:27.9878492Z"
[Licensing::Client] Code 10 while verifying Licensing Client signature (process Id: 14008, path: "C:/Program Files/Unity/Hub/Editor/6000.5.0f1/Editor/Data/Resources/Licensing/Client/Unity.Licensing.Client.exe")
[Licensing::Module] LicensingClient has failed validation; ignoring
[Licensing::Client] Handshaking with LicensingClient:
  Version:                 1.18.1+9fbee8e
  Session Id:              c13c1e56c8ce4f86a109db9f7d7d4b04
  Correlation Id:          e1a1703fd55ecff7c4bb4c7cc750ab58
  External correlation Id: 2637500817192694729
  Machine Id:              VZgJXSmVxX7U+tBjatLkCvjor/o=
[Licensing::Module] Successfully connected to LicensingClient on channel: "LicenseClient-ikesakutarou-6000.5.0" (connect: 4.37s, validation: 0.35s, handshake: 0.09s)
[Licensing::IpcConnector] Successfully connected to: "LicenseClient-ikesakutarou-6000.5.0-notifications" at "2026-08-06T05:21:28.4303848Z"
[Licensing::Module] Connected to LicensingClient (PId: 14008, launch time: 0.06, total connection time: 4.81s)
[Licensing::Client] Successfully updated the access token
[Licensing::Module] Successfully updated the access token YFOvL79r69...
[Licensing::Client] Successfully resolved entitlement details
[Licensing::Module] License group:
  Id: F4-S82E-258Q-RRPW-KWCH-XXXX
  Product: Unity Personal
  Type: ULF
  Expiration: Unlimited
[Licensing::Module] License group:
  Id: 15669559352791-UnityPersXXXX
  Product: Unity Personal
  Type: Assigned
  Expiration: Unlimited
[Licensing::Client] Successfully updated license, isAsync: True, time: 0.02
[Licensing::Client] Successfully resolved entitlement details
[Licensing::Module] License group:
  Id: F4-S82E-258Q-RRPW-KWCH-XXXX
  Product: Unity Personal
  Type: ULF
  Expiration: Unlimited
[Licensing::Module] License group:
  Id: 15669559352791-UnityPersXXXX
  Product: Unity Personal
  Type: Assigned
  Expiration: Unlimited
[Licensing::Module] Licensing Background thread has ended after 9.69s
[Licensing::Module] Licensing is initialized (took 7.79s).
[Licensing::Client] Successfully resolved entitlement details
[Licensing::Module] License group:
  Id: F4-S82E-258Q-RRPW-KWCH-XXXX
  Product: Unity Personal
  Type: ULF
  Expiration: Unlimited
[Licensing::Module] License group:
  Id: 15669559352791-UnityPersXXXX
  Product: Unity Personal
  Type: Assigned
  Expiration: Unlimited
Library Redirect Path: Library/
[Physics::Module] Selected backend.
[Physics::Module] Name: PhysX
[Physics::Module] Id: 0xf2b8ea05
[Physics::Module] SDK Version: 4.1.2
[Physics::Module] Integration Version: 1.0.0
[Physics::Module] Threading Mode: Multi-Threaded
Artifact Garbage Collection - Removed 1 unused hashed content files
Refreshing native plugins compatible for Editor in 2.49 ms, found 0 plugins.
Initialize engine version: 6000.5.0f1 (88b47c5e7076)
[Subsystems] Discovering subsystems at path C:/Program Files/Unity/Hub/Editor/6000.5.0f1/Editor/Data/Resources/UnitySubsystems
[Subsystems] Discovering subsystems at path C:/Users/ikesakutarou/t6-M6/Molkky/Assets
[D3D12 Device Filter] Vendor Name: Intel
[D3D12 Device Filter] Device Name: Intel(R) Iris(R) Xe Graphics
[D3D12 Device Filter] Driver Version: 32.0.101.6737
[D3D12 Device Filter] Feature Level: 12.1
[D3D12 Device Filter] Graphics Memory: 8104 MB
[D3D12 Device Filter] Processor Count: 12
[D3D12 Device Filter] Device Type: Integrated
[D3D12 Device Filter] D3D12 API denied by user filter: {"Vendor": "Intel", "Device Type:": Integrated}
GfxDevice: creating device client; kGfxThreadingModeThreaded
Direct3D:
    Version:  Direct3D 11.0 [level 11.1]
    Renderer: Intel(R) Iris(R) Xe Graphics (ID=0x46a8)
    Vendor:   Intel
    VRAM:     8104 MB
    Driver:   32.0.101.6737
Initialize mono
Mono path[0] = 'C:/Program Files/Unity/Hub/Editor/6000.5.0f1/Editor/Data/Managed'
Mono path[1] = 'C:/Program Files/Unity/Hub/Editor/6000.5.0f1/Editor/Data/BCLExtensions/runtime/netstandard2.1'
Mono path[2] = 'C:/Program Files/Unity/Hub/Editor/6000.5.0f1/Editor/Data/MonoBleedingEdge/lib/mono/unityjit-win32'
Mono config path = 'C:/Program Files/Unity/Hub/Editor/6000.5.0f1/Editor/Data/MonoBleedingEdge/etc'
Using monoOptions --debugger-agent=transport=dt_socket,embedding=1,server=y,suspend=n,address=127.0.0.1:56024
CodeReloadManager initialized
ImportWorker Server TCP listen port: 0
AcceleratorClientConnectionCallback - disconnected - :0
Begin MonoManager ReloadAssembly
Registering precompiled unity dll's ...
Register platform support module: C:/Program Files/Unity/Hub/Editor/6000.5.0f1/Editor/Data/PlaybackEngines/WebGLSupport/UnityEditor.WebGL.Extensions.dll
Register platform support module: C:/Program Files/Unity/Hub/Editor/6000.5.0f1/Editor/Data/PlaybackEngines/WindowsStandaloneSupport/UnityEditor.WindowsStandalone.Extensions.dll
Registered in 0.011008 seconds.
Native extension for WindowsStandalone target not found
Native extension for WebGL target not found
Package Manager log level set to [2]
ScheduleIndexationOnStartup MainProcess:False IndexOnStartup:True
Mono: successfully reloaded assembly
- Finished resetting the current domain, in  0.939 seconds
Domain Reload Profiling: 2156ms
	BeginReloadAssembly (296ms)
		CreateAndSetChildDomain (29ms)
	RebuildCommonClasses (13ms)
	RebuildNativeTypeToScriptingClass (39ms)
	initialDomainReloadingComplete (215ms)
	LoadAllAssembliesAndSetupDomain (645ms)
		LoadAssemblies (265ms)
		AnalyzeDomain (464ms)
			TypeCache.Refresh (460ms)
				TypeCache.ScanAssembly (425ms)
	FinalizeReload (948ms)
		SetupLoadedEditorAssemblies (0ms)
			InitializePlatformSupportModulesInManaged (5ms)
			BeforeProcessingInitializeOnLoad (186ms)
			ProcessInitializeOnLoadAttributes (230ms)
			ProcessInitializeOnLoadMethodAttributes (365ms)
[Licensing::Client] Successfully resolved entitlement details
[Licensing::Module] License group:
  Id: F4-S82E-258Q-RRPW-KWCH-XXXX
  Product: Unity Personal
  Type: ULF
  Expiration: Unlimited
[Licensing::Module] License group:
  Id: 15669559352791-UnityPersXXXX
  Product: Unity Personal
  Type: Assigned
  Expiration: Unlimited
Application.AssetDatabase Initial Refresh Start
[Package Manager] Restoring resolved packages state from cache
[Licensing::Client] Successfully resolved entitlement details
[Package Manager] Registered 64 packages:
  Packages from [https://packages.unity.com]:
    com.unity.ai.assistant@2.13.0-pre.2 (location: C:\Users\ikesakutarou\t6-M6\Molkky\Library\PackageCache\com.unity.ai.assistant@6fee27370e6a)
    com.unity.ai.inference@2.6.1 (location: C:\Users\ikesakutarou\t6-M6\Molkky\Library\PackageCache\com.unity.ai.inference@9a123aee5df7)
    com.unity.ai.navigation@2.0.13 (location: C:\Users\ikesakutarou\t6-M6\Molkky\Library\PackageCache\com.unity.ai.navigation@42d896194035)
    com.unity.collab-proxy@2.12.4 (location: C:\Users\ikesakutarou\t6-M6\Molkky\Library\PackageCache\com.unity.collab-proxy@0b1559bcd34e)
    com.unity.ide.rider@3.0.38 (location: C:\Users\ikesakutarou\t6-M6\Molkky\Library\PackageCache\com.unity.ide.rider@1f60b3138684)
    com.unity.ide.visualstudio@2.0.26 (location: C:\Users\ikesakutarou\t6-M6\Molkky\Library\PackageCache\com.unity.ide.visualstudio@a99d56dec63f)
    com.unity.inputsystem@1.19.0 (location: C:\Users\ikesakutarou\t6-M6\Molkky\Library\PackageCache\com.unity.inputsystem@21a28c3a6c83)
    com.unity.probuilder@6.0.9 (location: C:\Users\ikesakutarou\t6-M6\Molkky\Library\PackageCache\com.unity.probuilder@1f279ab829b7)
    com.unity.timeline@1.8.12 (location: C:\Users\ikesakutarou\t6-M6\Molkky\Library\PackageCache\com.unity.timeline@8cd8509afae5)
    com.unity.visualscripting@1.9.11 (location: C:\Users\ikesakutarou\t6-M6\Molkky\Library\PackageCache\com.unity.visualscripting@8bed5ad90189)
    com.unity.settings-manager@2.1.1 (location: C:\Users\ikesakutarou\t6-M6\Molkky\Library\PackageCache\com.unity.settings-manager@0b8638c5ce86)
    com.unity.burst@1.8.29 (location: C:\Users\ikesakutarou\t6-M6\Molkky\Library\PackageCache\com.unity.burst@6bb9aca3ef38)
    com.unity.dt.app-ui@2.1.7 (location: C:\Users\ikesakutarou\t6-M6\Molkky\Library\PackageCache\com.unity.dt.app-ui@b097002a00c2)
    com.unity.nuget.newtonsoft-json@3.2.2 (location: C:\Users\ikesakutarou\t6-M6\Molkky\Library\PackageCache\com.unity.nuget.newtonsoft-json@4dfd81071c64)
    com.unity.nuget.mono-cecil@1.11.6 (location: C:\Users\ikesakutarou\t6-M6\Molkky\Library\PackageCache\com.unity.nuget.mono-cecil@ecb9724e46ff)
    com.unity.searcher@4.9.4 (location: C:\Users\ikesakutarou\t6-M6\Molkky\Library\PackageCache\com.unity.searcher@d45a78918735)
    com.unity.test-framework.performance@3.5.0 (location: C:\Users\ikesakutarou\t6-M6\Molkky\Library\PackageCache\com.unity.test-framework.performance@8b56083ec0f0)
  Built-in packages:
    com.unity.multiplayer.center@1.0.1 (location: C:\Users\ikesakutarou\t6-M6\Molkky\Library\PackageCache\com.unity.multiplayer.center@b860850997d0)
    com.unity.render-pipelines.universal@17.5.0 (location: C:\Users\ikesakutarou\t6-M6\Molkky\Library\PackageCache\com.unity.render-pipelines.universal@0c18adc4ff89)
    com.unity.test-framework@1.7.0 (location: C:\Users\ikesakutarou\t6-M6\Molkky\Library\PackageCache\com.unity.test-framework@f3e6c9a02477)
    com.unity.ugui@2.5.0 (location: C:\Users\ikesakutarou\t6-M6\Molkky\Library\PackageCache\com.unity.ugui@4f9b15fd1386)
    com.unity.modules.accessibility@1.0.0 (location: C:\Users\ikesakutarou\t6-M6\Molkky\Library\PackageCache\com.unity.modules.accessibility)
    com.unity.modules.adaptiveperformance@1.0.0 (location: C:\Users\ikesakutarou\t6-M6\Molkky\Library\PackageCache\com.unity.modules.adaptiveperformance)
    com.unity.modules.ai@1.0.0 (location: C:\Users\ikesakutarou\t6-M6\Molkky\Library\PackageCache\com.unity.modules.ai)
    com.unity.modules.androidjni@1.0.0 (location: C:\Users\ikesakutarou\t6-M6\Molkky\Library\PackageCache\com.unity.modules.androidjni)
    com.unity.modules.animation@1.0.0 (location: C:\Users\ikesakutarou\t6-M6\Molkky\Library\PackageCache\com.unity.modules.animation)
    com.unity.modules.assetbundle@1.0.0 (location: C:\Users\ikesakutarou\t6-M6\Molkky\Library\PackageCache\com.unity.modules.assetbundle)
    com.unity.modules.audio@1.0.0 (location: C:\Users\ikesakutarou\t6-M6\Molkky\Library\PackageCache\com.unity.modules.audio)
    com.unity.modules.cloth@1.0.0 (location: C:\Users\ikesakutarou\t6-M6\Molkky\Library\PackageCache\com.unity.modules.cloth)
    com.unity.modules.director@1.0.0 (location: C:\Users\ikesakutarou\t6-M6\Molkky\Library\PackageCache\com.unity.modules.director)
    com.unity.modules.imageconversion@1.0.0 (location: C:\Users\ikesakutarou\t6-M6\Molkky\Library\PackageCache\com.unity.modules.imageconversion)
    com.unity.modules.imgui@1.0.0 (location: C:\Users\ikesakutarou\t6-M6\Molkky\Library\PackageCache\com.unity.modules.imgui)
    com.unity.modules.jsonserialize@1.0.0 (location: C:\Users\ikesakutarou\t6-M6\Molkky\Library\PackageCache\com.unity.modules.jsonserialize)
    com.unity.modules.particlesystem@1.0.0 (location: C:\Users\ikesakutarou\t6-M6\Molkky\Library\PackageCache\com.unity.modules.particlesystem)
    com.unity.modules.physics@1.0.0 (location: C:\Users\ikesakutarou\t6-M6\Molkky\Library\PackageCache\com.unity.modules.physics)
    com.unity.modules.physics2d@1.0.0 (location: C:\Users\ikesakutarou\t6-M6\Molkky\Library\PackageCache\com.unity.modules.physics2d)
    com.unity.modules.physicscore2d@1.0.0 (location: C:\Users\ikesakutarou\t6-M6\Molkky\Library\PackageCache\com.unity.modules.physicscore2d)
    com.unity.modules.screencapture@1.0.0 (location: C:\Users\ikesakutarou\t6-M6\Molkky\Library\PackageCache\com.unity.modules.screencapture)
    com.unity.modules.terrain@1.0.0 (location: C:\Users\ikesakutarou\t6-M6\Molkky\Library\PackageCache\com.unity.modules.terrain)
    com.unity.modules.terrainphysics@1.0.0 (location: C:\Users\ikesakutarou\t6-M6\Molkky\Library\PackageCache\com.unity.modules.terrainphysics)
    com.unity.modules.tilemap@1.0.0 (location: C:\Users\ikesakutarou\t6-M6\Molkky\Library\PackageCache\com.unity.modules.tilemap)
    com.unity.modules.ui@1.0.0 (location: C:\Users\ikesakutarou\t6-M6\Molkky\Library\PackageCache\com.unity.modules.ui)
    com.unity.modules.uielements@1.0.0 (location: C:\Users\ikesakutarou\t6-M6\Molkky\Library\PackageCache\com.unity.modules.uielements)
    com.unity.modules.umbra@1.0.0 (location: C:\Users\ikesakutarou\t6-M6\Molkky\Library\PackageCache\com.unity.modules.umbra)
    com.unity.modules.unityanalytics@1.0.0 (location: C:\Users\ikesakutarou\t6-M6\Molkky\Library\PackageCache\com.unity.modules.unityanalytics)
    com.unity.modules.unitywebrequest@1.0.0 (location: C:\Users\ikesakutarou\t6-M6\Molkky\Library\PackageCache\com.unity.modules.unitywebrequest)
    com.unity.modules.unitywebrequestassetbundle@1.0.0 (location: C:\Users\ikesakutarou\t6-M6\Molkky\Library\PackageCache\com.unity.modules.unitywebrequestassetbundle)
    com.unity.modules.unitywebrequestaudio@1.0.0 (location: C:\Users\ikesakutarou\t6-M6\Molkky\Library\PackageCache\com.unity.modules.unitywebrequestaudio)
    com.unity.modules.unitywebrequesttexture@1.0.0 (location: C:\Users\ikesakutarou\t6-M6\Molkky\Library\PackageCache\com.unity.modules.unitywebrequesttexture)
    com.unity.modules.unitywebrequestwww@1.0.0 (location: C:\Users\ikesakutarou\t6-M6\Molkky\Library\PackageCache\com.unity.modules.unitywebrequestwww)
    com.unity.modules.vectorgraphics@1.0.0 (location: C:\Users\ikesakutarou\t6-M6\Molkky\Library\PackageCache\com.unity.modules.vectorgraphics)
    com.unity.modules.vehicles@1.0.0 (location: C:\Users\ikesakutarou\t6-M6\Molkky\Library\PackageCache\com.unity.modules.vehicles)
    com.unity.modules.video@1.0.0 (location: C:\Users\ikesakutarou\t6-M6\Molkky\Library\PackageCache\com.unity.modules.video)
    com.unity.modules.wind@1.0.0 (location: C:\Users\ikesakutarou\t6-M6\Molkky\Library\PackageCache\com.unity.modules.wind)
    com.unity.modules.xr@1.0.0 (location: C:\Users\ikesakutarou\t6-M6\Molkky\Library\PackageCache\com.unity.modules.xr)
    com.unity.modules.subsystems@1.0.0 (location: C:\Users\ikesakutarou\t6-M6\Molkky\Library\PackageCache\com.unity.modules.subsystems)
    com.unity.modules.hierarchycore@1.0.0 (location: C:\Users\ikesakutarou\t6-M6\Molkky\Library\PackageCache\com.unity.modules.hierarchycore)
    com.unity.ext.nunit@2.1.0 (location: C:\Users\ikesakutarou\t6-M6\Molkky\Library\PackageCache\com.unity.ext.nunit@44f7d31723bd)
    com.unity.render-pipelines.core@17.5.0 (location: C:\Users\ikesakutarou\t6-M6\Molkky\Library\PackageCache\com.unity.render-pipelines.core@f43b729f1f6e)
    com.unity.shadergraph@17.5.0 (location: C:\Users\ikesakutarou\t6-M6\Molkky\Library\PackageCache\com.unity.shadergraph@3fa956880a81)
    com.unity.render-pipelines.universal-config@17.5.0 (location: C:\Users\ikesakutarou\t6-M6\Molkky\Library\PackageCache\com.unity.render-pipelines.universal-config@fdda01c80fe3)
    com.unity.collections@6.5.0 (location: C:\Users\ikesakutarou\t6-M6\Molkky\Library\PackageCache\com.unity.collections@a43cabe808ca)
    com.unity.2d.sprite@1.0.0 (location: C:\Users\ikesakutarou\t6-M6\Molkky\Library\PackageCache\com.unity.2d.sprite@053a968eab56)
    com.unity.mathematics@1.4.0 (location: C:\Users\ikesakutarou\t6-M6\Molkky\Library\PackageCache\com.unity.mathematics@981956d94fb6)
[Subsystems] No new subsystems found in resolved package list.
[Package Manager] Done registering packages in 0.26 seconds
info: Microsoft.Hosting.Lifetime[14]
      Now listening on: http://localhost:80
info: Microsoft.Hosting.Lifetime[0]
      Application started. Press Ctrl+C to shut down.
info: Microsoft.Hosting.Lifetime[0]
      Hosting environment: Production
info: Microsoft.Hosting.Lifetime[0]
      Content root path: C:\Users\ikesakutarou\t6-M6\Molkky
info: Microsoft.AspNetCore.Hosting.Diagnostics[1]
      Request starting HTTP/2 POST http://ilpp/UnityILPP.PostProcessing/Ping - application/grpc -
info: Microsoft.AspNetCore.Routing.EndpointMiddleware[0]
      Executing endpoint 'gRPC - /UnityILPP.PostProcessing/Ping'
info: Microsoft.AspNetCore.Routing.EndpointMiddleware[1]
      Executed endpoint 'gRPC - /UnityILPP.PostProcessing/Ping'
info: Microsoft.AspNetCore.Hosting.Diagnostics[2]
      Request finished HTTP/2 POST http://ilpp/UnityILPP.PostProcessing/Ping - 200 - application/grpc 319.1161ms
Refreshing native plugins compatible for Editor in 26.26 ms, found 5 plugins.
Starting: C:\Program Files\Unity\Hub\Editor\6000.5.0f1\Editor\Data\Tools\BuildPipeline\bee_backend.exe --ipc --defer-dag-verification --dagfile="Library/Bee/1900b0aE.dag" --continue-on-failure --profile="Library/Bee/backend1.traceevents" ScriptAssemblies
WorkingDir: C:/Users/ikesakutarou/t6-M6/Molkky
info: Microsoft.AspNetCore.Hosting.Diagnostics[1]
      Request starting HTTP/2 POST http://ilpp/UnityILPP.PostProcessing/ConfigurePostProcessors - application/grpc -
info: Microsoft.AspNetCore.Routing.EndpointMiddleware[0]
      Executing endpoint 'gRPC - /UnityILPP.PostProcessing/ConfigurePostProcessors'
warn: Unity.ILPP.Runner.PostProcessingAssemblyLoadContext[0]
      Assembly system.runtime.interopservices.windowsruntime has duplicate hint path. Ignoring "C:\Program Files\Unity\Hub\Editor\6000.5.0f1\Editor\Data\UnityReferenceAssemblies\unity-4.8-api\Facades\System.Runtime.InteropServices.WindowsRuntime.dll" in favor of "C:\Program Files\Unity\Hub\Editor\6000.5.0f1\Editor\Data\NetStandard\Extensions\2.0.0\System.Runtime.InteropServices.WindowsRuntime.dll"
warn: Unity.ILPP.Runner.PostProcessingAssemblyLoadContext[0]
      Assembly system.componentmodel.composition has duplicate hint path. Ignoring "C:\Program Files\Unity\Hub\Editor\6000.5.0f1\Editor\Data\UnityReferenceAssemblies\unity-4.8-api\System.ComponentModel.Composition.dll" in favor of "C:\Program Files\Unity\Hub\Editor\6000.5.0f1\Editor\Data\NetStandard\compat\2.1.0\shims\netfx\System.ComponentModel.Composition.dll"
info: Unity.ILPP.Runner.PostProcessingAssemblyLoadContext[0]
      Resolved Unity.Burst.Cecil, Version=0.11.6.0, Culture=neutral, PublicKeyToken=50cebf1cceb9d05e with Library\PackageCache\com.unity.burst@6bb9aca3ef38\Unity.Burst.CodeGen\Unity.Burst.Cecil.dll
info: Unity.ILPP.Runner.PostProcessingAssemblyLoadContext[0]
      Resolved Mono.Cecil, Version=0.11.5.0, Culture=neutral, PublicKeyToken=50cebf1cceb9d05e with Library\PackageCache\com.unity.nuget.mono-cecil@ecb9724e46ff\Mono.Cecil.dll
info: Microsoft.AspNetCore.Routing.EndpointMiddleware[1]
      Executed endpoint 'gRPC - /UnityILPP.PostProcessing/ConfigurePostProcessors'
info: Microsoft.AspNetCore.Hosting.Diagnostics[2]
      Request finished HTTP/2 POST http://ilpp/UnityILPP.PostProcessing/ConfigurePostProcessors - 200 - application/grpc 375.6250ms
ExitCode: 0 Duration: 3s515ms
[1172/1640  0s] ILPP-Configuration Library/ilpp-configuration.nevergeneratedoutput
*** Tundra build success (3.39 seconds), 1 items updated, 1640 evaluated
AssetDatabase: script compilation time: 7.695676s
Begin MonoManager ReloadAssembly
Symbol file LoadedFromMemory is not a mono symbol file
Symbol file LoadedFromMemory is not a mono symbol file
Refreshing native plugins compatible for Editor in 14.57 ms, found 5 plugins.
Native extension for WindowsStandalone target not found
Native extension for WebGL target not found
Refreshing native plugins compatible for Editor in 16.99 ms, found 5 plugins.
[MODES] ModeService[none].Initialize
[MODES] ModeService[none].LoadModes
[MODES] Loading mode Default (0) for mode-current-id-Molkky
[Licensing::Client] Error: Code 404 while processing request (status: Found 0 entitlement groups and 0 free entitlements matching requested entitlement ids)
ScheduleIndexationOnStartup MainProcess:True IndexOnStartup:True
Mono: successfully reloaded assembly
- Finished resetting the current domain, in  8.361 seconds
Domain Reload Profiling: 11703ms
	BeginReloadAssembly (563ms)
		DisableScriptedObjects (78ms)
		CreateAndSetChildDomain (177ms)
	RebuildCommonClasses (16ms)
	RebuildNativeTypeToScriptingClass (28ms)
	initialDomainReloadingComplete (331ms)
	LoadAllAssembliesAndSetupDomain (2402ms)
		LoadAssemblies (1364ms)
		AnalyzeDomain (934ms)
			TypeCache.Refresh (708ms)
				TypeCache.ScanAssembly (670ms)
			BuildScriptInfoCaches (207ms)
			ResolveRequiredComponents (15ms)
	FinalizeReload (8363ms)
		SetupLoadedEditorAssemblies (0ms)
			InitializePlatformSupportModulesInManaged (5ms)
			BeforeProcessingInitializeOnLoad (250ms)
			ProcessInitializeOnLoadAttributes (5662ms)
			ProcessInitializeOnLoadMethodAttributes (1425ms)
			AfterProcessingInitializeOnLoad (26ms)
		AwakeInstancesAfterBackupRestoration (58ms)
Starting new worker id: 0 with log in C:/Users/ikesakutarou/t6-M6/Molkky/Logs/AssetImportWorkerHW0.log

Asset Pipeline Refresh (id=9cb56db1bca4e9348b7e1d396469ee00): Total: 23.166 seconds - Initiated by InitialRefreshV2(ForceSynchronousImport)
	(Values over 0.05ms)
	Summary:
		Imports: total=0 (actual=0, local cache=0, cache server=0)
		Asset DB Process Time: managed=0 ms, native=10989 ms
		Asset DB Callback time: managed=254 ms, native=275 ms
		Scripting: domain reloads=1, domain reload time=3726 ms, compile time=7699 ms, other=221 ms
		Project Asset Count: scripts=2160, non-scripts=5552
		Asset File Changes: new=0, changed=0, moved=0, deleted=0
		Scan Filter Count: 0
	InvokePackagesCallback: 288.151ms
	ApplyChangesToAssetFolders: 1.748ms
	Scan: 586.227ms
	Collect global state as custom dependencies: 8.777ms
	CategorizeScriptCompilationAssets: 242.088ms
	ProcessAssetsWithTransientArtifactChanges: 282.254ms
	CategorizeAssets: 178.291ms
	CompileScripts: 7698.509ms
	ImportOutOfDateAssets: 8668.875ms (8469.494ms without children)
		ReloadNativeAssets: 0.106ms
		UnloadImportedAssets: 1.467ms
		EnsureUptoDateAssetsAreRegisteredWithGuidPM: 2.331ms
		ImportSchedulerStart: 195.467ms
	PostProcessAllAssets: 254.945ms
		MonoPostProcessAllAssets: 254.784ms
			UniversalRenderPipelineGlobalSettingsPostprocessor.OnPostprocessAllAssets 92.254ms
			SyncVS.PostprocessSyncProject 29.592ms
			WindowAssetPostprocessingWatcher.OnPostprocessAllAssets 7.969ms
			GraphRefreshPostprocessor.OnPostprocessAllAssets 7.064ms
			SpeedTree9Postprocessor.OnPostprocessAllAssets 5.608ms
			RenderPipelineGlobalSettingsPostprocessor.OnPostprocessAllAssets 4.004ms
			AssetChangeDetector.OnPostprocessAllAssets 3.498ms
			ShaderReflectionAssetPostProcessor.OnPostprocessAllAssets 1.116ms
			ReferencedClipsPostProcessor.OnPostprocessAllAssets 0.877ms
			ProjectSettingsPostprocessor.OnPostprocessAllAssets 0.860ms
			InputActionAssetPostprocessor.OnPostprocessAllAssets 0.830ms
			TerrainToolbarOverlayPostProcessor.OnPostprocessAllAssets 0.642ms
			AssetDatabaseCallbacks.OnPostprocessAllAssets 0.495ms
	UnloadStreamsBegin: 8.050ms
	PersistCurrentRevisions: 0.468ms
	GenerateScriptTypeHashes: 5.603ms
	GenerateScriptTypeSerializationHashes: 9.946ms
	Untracked: 4922.971ms

Application.AssetDatabase Initial Refresh End
Launched and connected shader compiler UnityShaderCompiler.exe after 0.11 seconds
Scanning for USB devices : 1.378ms
Initializing Unity extensions:
Unloading 72 Unused Serialized files (Serialized files now loaded: 0)
Loaded scene 'Assets/Scenes/GameScene.unity'
	Deserialize:            188.486 ms
	Integration:            1004.593 ms
	Integration of assets:  30.004 ms
	Thread Wait Time:       -11.086 ms
	Total Operation Time:   1211.996 ms
Worker ready: AssetImportWorkerHW0 0
Unloading 10422 unused Assets / (23.9 MB). Loaded Objects now: 11685.
Memory consumption went from 0.58 GB to 0.56 GB.
Total: 69.197000 ms (FindLiveObjects: 2.205700 ms CreateObjectMapping: 11.610600 ms MarkObjects: 30.442200 ms  DeleteObjects: 24.926900 ms)

[LAYOUT] About to load UserSettings\Layouts\default-6000.dwlt, keepMainWindow=False
[LAYOUT] About to save layout C:\Users\ikesakutarou\t6-M6\Molkky\UserSettings\Layouts\default-6000.dwlt
[LAYOUT] About to save layout C:/Users/ikesakutarou/AppData/Roaming/Unity/Editor-5.x/Preferences\Layouts\current\default-6000.dwlt
[MODES] ModeService[default].InitializeCurrentMode
[MODES] ModeService[default].RaiseModeChanged(default, default)
<RI> Initializing input.
Using Windows.Gaming.Input
[Project] Loading completed in 46.807 seconds
	Project init time: 				42.304 seconds
		Template init time: 		0.000 seconds
		Package Manager init time: 		8.800 seconds
		Asset Database init time: 		1.418 seconds
		Global illumination init time: 	0.066 seconds
		Assemblies load time: 			2.443 seconds
		Unity extensions init time: 	0.123 seconds
		Asset Database refresh time: 	23.166 seconds
	Scene opening time: 			3.934 seconds
##utp:{"type":"ProjectInfo","version":2,"phase":"Immediate","time":1785993725702,"processId":15024,"projectLoad":46.8068161,"projectInit":42.3041542,"templateInit":0.0,"packageManagerInit":8.7998921,"assetDatabaseInit":1.4178008,"globalIlluminationInit":0.0655839,"assembliesLoad":2.4432225,"unityExtensionsInit":0.1231899,"assetDatabaseRefresh":23.1662264,"sceneOpening":3.9343214}
##utp:{"type":"EditorInfo","version":2,"phase":"Immediate","time":1785993725703,"processId":15024,"editorVersion":"6000.5.0f1 (88b47c5e7076)","branch":"6000.5/staging","buildType":"Release","platform":"Windows"}

Asset Pipeline Refresh (id=a42099a4739d9b44c91a885216afd27c): Total: 0.531 seconds - Initiated by RefreshV2(AllowForceSynchronousImport)
	(Values over 0.05ms)
	Summary:
		Imports: total=0 (actual=0, local cache=0, cache server=0)
		Asset DB Process Time: managed=0 ms, native=527 ms
		Asset DB Callback time: managed=0 ms, native=2 ms
		Scripting: domain reloads=0, domain reload time=0 ms, compile time=0 ms, other=0 ms
		Project Asset Count: scripts=2160, non-scripts=5552
		Asset File Changes: new=0, changed=0, moved=0, deleted=0
		Scan Filter Count: 0
	InvokePackagesCallback: 10.717ms
	ApplyChangesToAssetFolders: 0.467ms
	Collect global state as custom dependencies: 0.262ms
	ProcessAssetsWithTransientArtifactChanges: 0.375ms
	CategorizeAssets: 155.296ms
	CompileScripts: 0.086ms
	ImportOutOfDateAssets: 175.411ms (30.533ms without children)
		ReloadNativeAssets: 0.121ms
		UnloadImportedAssets: 0.499ms
		EnsureUptoDateAssetsAreRegisteredWithGuidPM: 2.778ms
		ImportSchedulerStart: 141.468ms
	GatherAllCurrentPrimaryImportResultRevisions: 1.622ms
	UnloadStreamsBegin: 3.891ms
	PersistCurrentRevisions: 0.642ms
	Untracked: 146.178ms

Start Indexing on Editor startup
[Indexing] Starting Initial Indexing for Assets
[INFO ] [relay] relay.startup port=9001 mcpClientPort=9002 editorPid=15024
[INFO ] [relay] log === RELAY SERVER STARTED === (unity-ai-relay v1.0.12-build.96)
[INFO ] [relay] log Starting relay server...
[INFO ] [relay] log Command line arguments: ["bun","B:/~BUN/root/relay_win.exe","--relay","--port","9001","--mcp-client-port","9002","--editor-pid","15024","--shutdown-delay","180","--log-dir","C:\\Users\\ikesakutarou\\t6-M6\\Molkky\\Logs"]
[INFO ] [relay] log Parsed config: {"port":9001,"mcpClientPort":9002,"editorPid":"15024","shutdownDelaySeconds":180}
[INFO ] [relay] log Initializing relay components...
[INFO ] [relay] log Creating RelayEditor...
[INFO ] [relay] log WebSocket server started
[INFO ] [relay] log Relay server initialization completed
[INFO ] [relay] log MCP Client initialized at port: 9002
[WARN ] [relay] log [shell-env] Shell environment did not contain a PATH variable
[INFO ] [relay] log Unity MCP Relay server started | Port: 9002 | Endpoints: /mcp/start-server, /mcp/stop-server, /mcp/server-status, /mcp/call-tool
[INFO ] [relay] log Unity client connected with ID: editor-15024-3wtulk (relay 1.0.12-build.96)
[INFO ] [relay] connection.established clientId=editor-15024-3wtulk port=9001
Request Asset Garbage Collect because used heap size increased from 0.56 GB to 0.81 GB, exceeding the threshold of 256.0 MB.
Unloading 50 Unused Serialized files (Serialized files now loaded: 0)
Created GICache directory at C:/Users/ikesakutarou/AppData/LocalLow/Unity/Caches/GiCache. Took: 0.077s, timestamps: [47.402 - 47.478]
Unloading 67 unused Assets / (41.5 KB). Loaded Objects now: 12965.
Memory consumption went from 0.81 GB to 0.81 GB.
Total: 53.795200 ms (FindLiveObjects: 1.284000 ms CreateObjectMapping: 4.402900 ms MarkObjects: 47.479600 ms  DeleteObjects: 0.622300 ms)

[Licensing::Client] Successfully resolved entitlement details
[Licensing::Client] Successfully resolved entitlement details
[Licensing::Client] Successfully resolved entitlement details
[Licensing::Client] Successfully resolved entitlement details
Starting new worker id: 1 with log in C:/Users/ikesakutarou/t6-M6/Molkky/Logs/AssetImportWorkerHW1.log
[Licensing::Client] Successfully updated the access token
[Licensing::Module] Successfully updated access token: "YFOvL79r"... (expires: 2026-08-06T07:17:54Z)
UPID Received 'ca0305d8-fd50-418a-928d-79e1b140c2d6'.
[Licensing::Client] Error: Code 404 while processing request (status: Found 0 entitlement groups and 0 free entitlements matching requested entitlement ids)

[Worker0] Imported GUID: 99c9720ab356a0642a771bea13969a05 - Path: Assets/Scenes/GameScene.unity - Importer: ScriptedImporter/UnityEditor.QuickSearchModule:UnityEditor.Search:ASIAI0B -> (ImportResultId: '4b1005f9e6180fef18965b5281a177e0') in 0.2316004 seconds
[Licensing::Client] Error: Code 404 while processing request (status: Found 0 entitlement groups and 0 free entitlements matching requested entitlement ids)
[Licensing::Client] Error: Code 404 while processing request (status: Found 0 entitlement groups and 0 free entitlements matching requested entitlement ids)
[Licensing::Client] Error: Code 404 while processing request (status: Found 0 entitlement groups and 0 free entitlements matching requested entitlement ids)
[Licensing::Client] Error: Code 404 while processing request (status: Found 0 entitlement groups and 0 free entitlements matching requested entitlement ids)
[Licensing::Client] Error: Code 404 while processing request (status: Found 0 entitlement groups and 0 free entitlements matching requested entitlement ids)
[Licensing::Client] Error: Code 404 while processing request (status: Found 0 entitlement groups and 0 free entitlements matching requested entitlement ids)
[Licensing::Client] Error: Code 404 while processing request (status: Found 0 entitlement groups and 0 free entitlements matching requested entitlement ids)
[Licensing::Client] Error: Code 404 while processing request (status: Found 0 entitlement groups and 0 free entitlements matching requested entitlement ids)
[Licensing::Client] Error: Code 404 while processing request (status: Found 0 entitlement groups and 0 free entitlements matching requested entitlement ids)
[Licensing::Client] Error: Code 404 while processing request (status: Found 0 entitlement groups and 0 free entitlements matching requested entitlement ids)
[Licensing::Client] Error: Code 404 while processing request (status: Found 0 entitlement groups and 0 free entitlements matching requested entitlement ids)
[Licensing::Client] Error: Code 404 while processing request (status: Found 0 entitlement groups and 0 free entitlements matching requested entitlement ids)
[Licensing::Client] Error: Code 404 while processing request (status: Found 0 entitlement groups and 0 free entitlements matching requested entitlement ids)
[Licensing::Client] Error: Code 404 while processing request (status: Found 0 entitlement groups and 0 free entitlements matching requested entitlement ids)
Error reason is 'NoSubscription' and no additional error information was provided (https://generators.ai.unity.com).
UnityEngine.Debug:ExtractStackTraceNoAlloc (byte*,int,string)
UnityEngine.StackTraceUtility:ExtractStackTrace ()
UnityEngine.DebugLogHandler:Internal_Log (UnityEngine.LogType,UnityEngine.LogOption,string,UnityEngine.Object)
UnityEngine.DebugLogHandler:LogFormat (UnityEngine.LogType,UnityEngine.Object,string,object[])
UnityEngine.Logger:Log (UnityEngine.LogType,object)
UnityEngine.Debug:Log (object)
Unity.AI.ModelSelector.Services.Stores.Actions.ModelSelectorSuperProxyActions/<>c/<<-cctor>b__8_0>d:MoveNext () (at ./Library/PackageCache/com.unity.ai.assistant@6fee27370e6a/Modules/Unity.AI.ModelSelector/Services/Stores/Actions/ModelSelectorSuperProxyActions.cs:487)
System.Runtime.CompilerServices.AsyncMethodBuilderCore/MoveNextRunner:InvokeMoveNext (object)
System.Threading.ExecutionContext:RunInternal (System.Threading.ExecutionContext,System.Threading.ContextCallback,object,bool)
System.Threading.ExecutionContext:Run (System.Threading.ExecutionContext,System.Threading.ContextCallback,object,bool)
System.Runtime.CompilerServices.AsyncMethodBuilderCore/MoveNextRunner:Run ()
System.Threading.Tasks.AwaitTaskContinuation:InvokeAction (object)
System.Threading.Tasks.AwaitTaskContinuation:RunCallback (System.Threading.ContextCallback,object,System.Threading.Tasks.Task&)
System.Threading.Tasks.SynchronizationContextAwaitTaskContinuation:Run (System.Threading.Tasks.Task,bool)
System.Threading.Tasks.Task:FinishContinuations ()
System.Threading.Tasks.Task:FinishStageThree ()
System.Threading.Tasks.Task`1<AiEditorToolsSdk.Components.Common.Responses.Wrappers.OperationResult`1<AiEditorToolsSdk.Components.GenerativeModels.Responses.ModelListV2.ModelListFullResult>>:TrySetResult (AiEditorToolsSdk.Components.Common.Responses.Wrappers.OperationResult`1<AiEditorToolsSdk.Components.GenerativeModels.Responses.ModelListV2.ModelListFullResult>)
System.Runtime.CompilerServices.AsyncTaskMethodBuilder`1<AiEditorToolsSdk.Components.Common.Responses.Wrappers.OperationResult`1<AiEditorToolsSdk.Components.GenerativeModels.Responses.ModelListV2.ModelListFullResult>>:SetResult (AiEditorToolsSdk.Components.Common.Responses.Wrappers.OperationResult`1<AiEditorToolsSdk.Components.GenerativeModels.Responses.ModelListV2.ModelListFullResult>)
AiEditorToolsSdk.Components.GenerativeModels.GenerativeModelsComponentV2/<GetModelsAsync>d__5:MoveNext ()
System.Runtime.CompilerServices.AsyncMethodBuilderCore/MoveNextRunner:InvokeMoveNext (object)
System.Threading.ExecutionContext:RunInternal (System.Threading.ExecutionContext,System.Threading.ContextCallback,object,bool)
System.Threading.ExecutionContext:Run (System.Threading.ExecutionContext,System.Threading.ContextCallback,object,bool)
System.Runtime.CompilerServices.AsyncMethodBuilderCore/MoveNextRunner:Run ()
System.Threading.Tasks.AwaitTaskContinuation:InvokeAction (object)
System.Threading.Tasks.AwaitTaskContinuation:RunCallback (System.Threading.ContextCallback,object,System.Threading.Tasks.Task&)
System.Threading.Tasks.SynchronizationContextAwaitTaskContinuation:Run (System.Threading.Tasks.Task,bool)
System.Threading.Tasks.Task:FinishContinuations ()
System.Threading.Tasks.Task:FinishStageThree ()
System.Threading.Tasks.Task`1<AiEditorToolsSdk.Components.Common.Responses.Wrappers.OperationResult`1<AiEditorToolsSdk.Components.GenerativeModels.Responses.ModelListV2.ModelListFullResult>>:TrySetResult (AiEditorToolsSdk.Components.Common.Responses.Wrappers.OperationResult`1<AiEditorToolsSdk.Components.GenerativeModels.Responses.ModelListV2.ModelListFullResult>)
System.Runtime.CompilerServices.AsyncTaskMethodBuilder`1<AiEditorToolsSdk.Components.Common.Responses.Wrappers.OperationResult`1<AiEditorToolsSdk.Components.GenerativeModels.Responses.ModelListV2.ModelListFullResult>>:SetResult (AiEditorToolsSdk.Components.Common.Responses.Wrappers.OperationResult`1<AiEditorToolsSdk.Components.GenerativeModels.Responses.ModelListV2.ModelListFullResult>)
AiEditorToolsSdk.Application.InternalServices.SdkOperation.SdkOperationService/<ExecuteRequest>d__4`1<AiEditorToolsSdk.Components.GenerativeModels.Responses.ModelListV2.ModelListFullResult>:MoveNext ()
System.Runtime.CompilerServices.AsyncMethodBuilderCore/MoveNextRunner:InvokeMoveNext (object)
System.Threading.ExecutionContext:RunInternal (System.Threading.ExecutionContext,System.Threading.ContextCallback,object,bool)
System.Threading.ExecutionContext:Run (System.Threading.ExecutionContext,System.Threading.ContextCallback,object,bool)
System.Runtime.CompilerServices.AsyncMethodBuilderCore/MoveNextRunner:Run ()
System.Threading.Tasks.AwaitTaskContinuation:InvokeAction (object)
System.Threading.Tasks.AwaitTaskContinuation:RunCallback (System.Threading.ContextCallback,object,System.Threading.Tasks.Task&)
System.Threading.Tasks.SynchronizationContextAwaitTaskContinuation:Run (System.Threading.Tasks.Task,bool)
System.Threading.Tasks.Task:FinishContinuations ()
System.Threading.Tasks.Task:FinishStageThree ()
System.Threading.Tasks.Task`1<AiEditorToolsSdk.Components.Common.Responses.Wrappers.OperationResult`1<AiEditorToolsSdk.Components.GenerativeModels.Responses.ModelListV2.ModelListFullResult>>:TrySetResult (AiEditorToolsSdk.Components.Common.Responses.Wrappers.OperationResult`1<AiEditorToolsSdk.Components.GenerativeModels.Responses.ModelListV2.ModelListFullResult>)
System.Runtime.CompilerServices.AsyncTaskMethodBuilder`1<AiEditorToolsSdk.Components.Common.Responses.Wrappers.OperationResult`1<AiEditorToolsSdk.Components.GenerativeModels.Responses.ModelListV2.ModelListFullResult>>:SetResult (AiEditorToolsSdk.Components.Common.Responses.Wrappers.OperationResult`1<AiEditorToolsSdk.Components.GenerativeModels.Responses.ModelListV2.ModelListFullResult>)
AiEditorToolsSdk.Application.Gateways.GenerativeModels.V2.GenerativeModelsGatewayV2/<GetModelsAsync>d__4:MoveNext ()
System.Runtime.CompilerServices.AsyncMethodBuilderCore/MoveNextRunner:InvokeMoveNext (object)
System.Threading.ExecutionContext:RunInternal (System.Threading.ExecutionContext,System.Threading.ContextCallback,object,bool)
System.Threading.ExecutionContext:Run (System.Threading.ExecutionContext,System.Threading.ContextCallback,object,bool)
System.Runtime.CompilerServices.AsyncMethodBuilderCore/MoveNextRunner:Run ()
System.Threading.Tasks.AwaitTaskContinuation:InvokeAction (object)
System.Threading.Tasks.AwaitTaskContinuation:RunCallback (System.Threading.ContextCallback,object,System.Threading.Tasks.Task&)
System.Threading.Tasks.SynchronizationContextAwaitTaskContinuation:Run (System.Threading.Tasks.Task,bool)
System.Threading.Tasks.Task:FinishContinuations ()
System.Threading.Tasks.Task:FinishStageThree ()
System.Threading.Tasks.Task`1<AiEditorToolsSdk.Domain.Core.Results.Result`2<SuperProxyClientV1Namespace.ModelListFullResponse, AiEditorToolsSdk.Domain.Core.Errors.ApiError>>:TrySetResult (AiEditorToolsSdk.Domain.Core.Results.Result`2<SuperProxyClientV1Namespace.ModelListFullResponse, AiEditorToolsSdk.Domain.Core.Errors.ApiError>)
System.Runtime.CompilerServices.AsyncTaskMethodBuilder`1<AiEditorToolsSdk.Domain.Core.Results.Result`2<SuperProxyClientV1Namespace.ModelListFullResponse, AiEditorToolsSdk.Domain.Core.Errors.ApiError>>:SetResult (AiEditorToolsSdk.Domain.Core.Results.Result`2<SuperProxyClientV1Namespace.ModelListFullResponse, AiEditorToolsSdk.Domain.Core.Errors.ApiError>)
AiEditorToolsSdk.Application.InternalServices.ApiClientProcessor.ApiClientProcessorService/<ProcessApiRequest>d__5`1<SuperProxyClientV1Namespace.ModelListFullResponse>:MoveNext ()
System.Runtime.CompilerServices.AsyncMethodBuilderCore/MoveNextRunner:InvokeMoveNext (object)
System.Threading.ExecutionContext:RunInternal (System.Threading.ExecutionContext,System.Threading.ContextCallback,object,bool)
System.Threading.ExecutionContext:Run (System.Threading.ExecutionContext,System.Threading.ContextCallback,object,bool)
System.Runtime.CompilerServices.AsyncMethodBuilderCore/MoveNextRunner:Run ()
System.Threading.Tasks.AwaitTaskContinuation:InvokeAction (object)
System.Threading.Tasks.AwaitTaskContinuation:RunCallback (System.Threading.ContextCallback,object,System.Threading.Tasks.Task&)
System.Threading.Tasks.SynchronizationContextAwaitTaskContinuation:Run (System.Threading.Tasks.Task,bool)
System.Threading.Tasks.Task:FinishContinuations ()
System.Threading.Tasks.Task:FinishStageThree ()
System.Threading.Tasks.Task`1<AiEditorToolsSdk.Domain.Core.Results.Result`2<SuperProxyClientV1Namespace.ModelListFullResponse, AiEditorToolsSdk.Domain.Core.Errors.ApiError>>:TrySetResult (AiEditorToolsSdk.Domain.Core.Results.Result`2<SuperProxyClientV1Namespace.ModelListFullResponse, AiEditorToolsSdk.Domain.Core.Errors.ApiError>)
System.Runtime.CompilerServices.AsyncTaskMethodBuilder`1<AiEditorToolsSdk.Domain.Core.Results.Result`2<SuperProxyClientV1Namespace.ModelListFullResponse, AiEditorToolsSdk.Domain.Core.Errors.ApiError>>:SetResult (AiEditorToolsSdk.Domain.Core.Results.Result`2<SuperProxyClientV1Namespace.ModelListFullResponse, AiEditorToolsSdk.Domain.Core.Errors.ApiError>)
AiEditorToolsSdk.Application.InternalServices.ApiClientProcessor.ApiClientProcessorService/<ProcessApiRequestImpl>d__6`1<SuperProxyClientV1Namespace.ModelListFullResponse>:MoveNext ()
System.Runtime.CompilerServices.AsyncMethodBuilderCore/MoveNextRunner:InvokeMoveNext (object)
System.Threading.ExecutionContext:RunInternal (System.Threading.ExecutionContext,System.Threading.ContextCallback,object,bool)
System.Threading.ExecutionContext:Run (System.Threading.ExecutionContext,System.Threading.ContextCallback,object,bool)
System.Runtime.CompilerServices.AsyncMethodBuilderCore/MoveNextRunner:Run ()
System.Threading.Tasks.AwaitTaskContinuation:InvokeAction (object)
System.Threading.Tasks.AwaitTaskContinuation:RunCallback (System.Threading.ContextCallback,object,System.Threading.Tasks.Task&)
System.Threading.Tasks.SynchronizationContextAwaitTaskContinuation:Run (System.Threading.Tasks.Task,bool)
System.Threading.Tasks.Task:FinishContinuations ()
System.Threading.Tasks.Task:FinishStageThree ()
System.Threading.Tasks.Task:FinishStageTwo ()
System.Threading.Tasks.Task:Finish (bool)
System.Threading.Tasks.Task:TrySetException (object)
System.Runtime.CompilerServices.AsyncTaskMethodBuilder`1<SuperProxyClientV1Namespace.ModelListFullResponse>:SetException (System.Exception)
AiEditorToolsSdk.Application.Gateways.GenerativeModels.V2.GenerativeModelsGatewayV2/<>c__DisplayClass4_0/<<GetModelsAsync>b__0>d:MoveNext ()
System.Runtime.CompilerServices.AsyncMethodBuilderCore/MoveNextRunner:InvokeMoveNext (object)
System.Threading.ExecutionContext:RunInternal (System.Threading.ExecutionContext,System.Threading.ContextCallback,object,bool)
System.Threading.ExecutionContext:Run (System.Threading.ExecutionContext,System.Threading.ContextCallback,object,bool)
System.Runtime.CompilerServices.AsyncMethodBuilderCore/MoveNextRunner:Run ()
System.Threading.Tasks.SynchronizationContextAwaitTaskContinuation/<>c:<.cctor>b__7_0 (object)
UnityEngine.UnitySynchronizationContext/WorkRequest:Invoke ()
UnityEngine.UnitySynchronizationContext:Exec ()
UnityEngine.UnitySynchronizationContext:ExecuteTasks ()

(Filename: ./Library/PackageCache/com.unity.ai.assistant@6fee27370e6a/Modules/Unity.AI.ModelSelector/Services/Stores/Actions/ModelSelectorSuperProxyActions.cs Line: 487)

[main 2026-08-06T05:22:25.516Z] StorageMainService: creating application shared storage
Error reason is 'NoSubscription' and no additional error information was provided (https://generators.ai.unity.com).
UnityEngine.Debug:ExtractStackTraceNoAlloc (byte*,int,string)
UnityEngine.StackTraceUtility:ExtractStackTrace ()
UnityEngine.DebugLogHandler:Internal_Log (UnityEngine.LogType,UnityEngine.LogOption,string,UnityEngine.Object)
UnityEngine.DebugLogHandler:LogFormat (UnityEngine.LogType,UnityEngine.Object,string,object[])
UnityEngine.Logger:Log (UnityEngine.LogType,object)
UnityEngine.Debug:Log (object)
Unity.AI.ModelSelector.Services.Stores.Actions.ModelSelectorSuperProxyActions/<>c/<<-cctor>b__8_0>d:MoveNext () (at ./Library/PackageCache/com.unity.ai.assistant@6fee27370e6a/Modules/Unity.AI.ModelSelector/Services/Stores/Actions/ModelSelectorSuperProxyActions.cs:487)
System.Runtime.CompilerServices.AsyncMethodBuilderCore/MoveNextRunner:InvokeMoveNext (object)
System.Threading.ExecutionContext:RunInternal (System.Threading.ExecutionContext,System.Threading.ContextCallback,object,bool)
System.Threading.ExecutionContext:Run (System.Threading.ExecutionContext,System.Threading.ContextCallback,object,bool)
System.Runtime.CompilerServices.AsyncMethodBuilderCore/MoveNextRunner:Run ()
System.Threading.Tasks.AwaitTaskContinuation:InvokeAction (object)
System.Threading.Tasks.AwaitTaskContinuation:RunCallback (System.Threading.ContextCallback,object,System.Threading.Tasks.Task&)
System.Threading.Tasks.SynchronizationContextAwaitTaskContinuation:Run (System.Threading.Tasks.Task,bool)
System.Threading.Tasks.Task:FinishContinuations ()
System.Threading.Tasks.Task:FinishStageThree ()
System.Threading.Tasks.Task`1<AiEditorToolsSdk.Components.Common.Responses.Wrappers.OperationResult`1<AiEditorToolsSdk.Components.GenerativeModels.Responses.ModelListV2.ModelListFullResult>>:TrySetResult (AiEditorToolsSdk.Components.Common.Responses.Wrappers.OperationResult`1<AiEditorToolsSdk.Components.GenerativeModels.Responses.ModelListV2.ModelListFullResult>)
System.Runtime.CompilerServices.AsyncTaskMethodBuilder`1<AiEditorToolsSdk.Components.Common.Responses.Wrappers.OperationResult`1<AiEditorToolsSdk.Components.GenerativeModels.Responses.ModelListV2.ModelListFullResult>>:SetResult (AiEditorToolsSdk.Components.Common.Responses.Wrappers.OperationResult`1<AiEditorToolsSdk.Components.GenerativeModels.Responses.ModelListV2.ModelListFullResult>)
AiEditorToolsSdk.Components.GenerativeModels.GenerativeModelsComponentV2/<GetModelsAsync>d__5:MoveNext ()
System.Runtime.CompilerServices.AsyncMethodBuilderCore/MoveNextRunner:InvokeMoveNext (object)
System.Threading.ExecutionContext:RunInternal (System.Threading.ExecutionContext,System.Threading.ContextCallback,object,bool)
System.Threading.ExecutionContext:Run (System.Threading.ExecutionContext,System.Threading.ContextCallback,object,bool)
System.Runtime.CompilerServices.AsyncMethodBuilderCore/MoveNextRunner:Run ()
System.Threading.Tasks.AwaitTaskContinuation:InvokeAction (object)
System.Threading.Tasks.AwaitTaskContinuation:RunCallback (System.Threading.ContextCallback,object,System.Threading.Tasks.Task&)
System.Threading.Tasks.SynchronizationContextAwaitTaskContinuation:Run (System.Threading.Tasks.Task,bool)
System.Threading.Tasks.Task:FinishContinuations ()
System.Threading.Tasks.Task:FinishStageThree ()
System.Threading.Tasks.Task`1<AiEditorToolsSdk.Components.Common.Responses.Wrappers.OperationResult`1<AiEditorToolsSdk.Components.GenerativeModels.Responses.ModelListV2.ModelListFullResult>>:TrySetResult (AiEditorToolsSdk.Components.Common.Responses.Wrappers.OperationResult`1<AiEditorToolsSdk.Components.GenerativeModels.Responses.ModelListV2.ModelListFullResult>)
System.Runtime.CompilerServices.AsyncTaskMethodBuilder`1<AiEditorToolsSdk.Components.Common.Responses.Wrappers.OperationResult`1<AiEditorToolsSdk.Components.GenerativeModels.Responses.ModelListV2.ModelListFullResult>>:SetResult (AiEditorToolsSdk.Components.Common.Responses.Wrappers.OperationResult`1<AiEditorToolsSdk.Components.GenerativeModels.Responses.ModelListV2.ModelListFullResult>)
AiEditorToolsSdk.Application.InternalServices.SdkOperation.SdkOperationService/<ExecuteRequest>d__4`1<AiEditorToolsSdk.Components.GenerativeModels.Responses.ModelListV2.ModelListFullResult>:MoveNext ()
System.Runtime.CompilerServices.AsyncMethodBuilderCore/MoveNextRunner:InvokeMoveNext (object)
System.Threading.ExecutionContext:RunInternal (System.Threading.ExecutionContext,System.Threading.ContextCallback,object,bool)
System.Threading.ExecutionContext:Run (System.Threading.ExecutionContext,System.Threading.ContextCallback,object,bool)
System.Runtime.CompilerServices.AsyncMethodBuilderCore/MoveNextRunner:Run ()
System.Threading.Tasks.AwaitTaskContinuation:InvokeAction (object)
System.Threading.Tasks.AwaitTaskContinuation:RunCallback (System.Threading.ContextCallback,object,System.Threading.Tasks.Task&)
System.Threading.Tasks.SynchronizationContextAwaitTaskContinuation:Run (System.Threading.Tasks.Task,bool)
System.Threading.Tasks.Task:FinishContinuations ()
System.Threading.Tasks.Task:FinishStageThree ()
System.Threading.Tasks.Task`1<AiEditorToolsSdk.Components.Common.Responses.Wrappers.OperationResult`1<AiEditorToolsSdk.Components.GenerativeModels.Responses.ModelListV2.ModelListFullResult>>:TrySetResult (AiEditorToolsSdk.Components.Common.Responses.Wrappers.OperationResult`1<AiEditorToolsSdk.Components.GenerativeModels.Responses.ModelListV2.ModelListFullResult>)
System.Runtime.CompilerServices.AsyncTaskMethodBuilder`1<AiEditorToolsSdk.Components.Common.Responses.Wrappers.OperationResult`1<AiEditorToolsSdk.Components.GenerativeModels.Responses.ModelListV2.ModelListFullResult>>:SetResult (AiEditorToolsSdk.Components.Common.Responses.Wrappers.OperationResult`1<AiEditorToolsSdk.Components.GenerativeModels.Responses.ModelListV2.ModelListFullResult>)
AiEditorToolsSdk.Application.Gateways.GenerativeModels.V2.GenerativeModelsGatewayV2/<GetModelsAsync>d__4:MoveNext ()
System.Runtime.CompilerServices.AsyncMethodBuilderCore/MoveNextRunner:InvokeMoveNext (object)
System.Threading.ExecutionContext:RunInternal (System.Threading.ExecutionContext,System.Threading.ContextCallback,object,bool)
System.Threading.ExecutionContext:Run (System.Threading.ExecutionContext,System.Threading.ContextCallback,object,bool)
System.Runtime.CompilerServices.AsyncMethodBuilderCore/MoveNextRunner:Run ()
System.Threading.Tasks.AwaitTaskContinuation:InvokeAction (object)
System.Threading.Tasks.AwaitTaskContinuation:RunCallback (System.Threading.ContextCallback,object,System.Threading.Tasks.Task&)
System.Threading.Tasks.SynchronizationContextAwaitTaskContinuation:Run (System.Threading.Tasks.Task,bool)
System.Threading.Tasks.Task:FinishContinuations ()
System.Threading.Tasks.Task:FinishStageThree ()
System.Threading.Tasks.Task`1<AiEditorToolsSdk.Domain.Core.Results.Result`2<SuperProxyClientV1Namespace.ModelListFullResponse, AiEditorToolsSdk.Domain.Core.Errors.ApiError>>:TrySetResult (AiEditorToolsSdk.Domain.Core.Results.Result`2<SuperProxyClientV1Namespace.ModelListFullResponse, AiEditorToolsSdk.Domain.Core.Errors.ApiError>)
System.Runtime.CompilerServices.AsyncTaskMethodBuilder`1<AiEditorToolsSdk.Domain.Core.Results.Result`2<SuperProxyClientV1Namespace.ModelListFullResponse, AiEditorToolsSdk.Domain.Core.Errors.ApiError>>:SetResult (AiEditorToolsSdk.Domain.Core.Results.Result`2<SuperProxyClientV1Namespace.ModelListFullResponse, AiEditorToolsSdk.Domain.Core.Errors.ApiError>)
AiEditorToolsSdk.Application.InternalServices.ApiClientProcessor.ApiClientProcessorService/<ProcessApiRequest>d__5`1<SuperProxyClientV1Namespace.ModelListFullResponse>:MoveNext ()
System.Runtime.CompilerServices.AsyncMethodBuilderCore/MoveNextRunner:InvokeMoveNext (object)
System.Threading.ExecutionContext:RunInternal (System.Threading.ExecutionContext,System.Threading.ContextCallback,object,bool)
System.Threading.ExecutionContext:Run (System.Threading.ExecutionContext,System.Threading.ContextCallback,object,bool)
System.Runtime.CompilerServices.AsyncMethodBuilderCore/MoveNextRunner:Run ()
System.Threading.Tasks.AwaitTaskContinuation:InvokeAction (object)
System.Threading.Tasks.AwaitTaskContinuation:RunCallback (System.Threading.ContextCallback,object,System.Threading.Tasks.Task&)
System.Threading.Tasks.SynchronizationContextAwaitTaskContinuation:Run (System.Threading.Tasks.Task,bool)
System.Threading.Tasks.Task:FinishContinuations ()
System.Threading.Tasks.Task:FinishStageThree ()
System.Threading.Tasks.Task`1<AiEditorToolsSdk.Domain.Core.Results.Result`2<SuperProxyClientV1Namespace.ModelListFullResponse, AiEditorToolsSdk.Domain.Core.Errors.ApiError>>:TrySetResult (AiEditorToolsSdk.Domain.Core.Results.Result`2<SuperProxyClientV1Namespace.ModelListFullResponse, AiEditorToolsSdk.Domain.Core.Errors.ApiError>)
System.Runtime.CompilerServices.AsyncTaskMethodBuilder`1<AiEditorToolsSdk.Domain.Core.Results.Result`2<SuperProxyClientV1Namespace.ModelListFullResponse, AiEditorToolsSdk.Domain.Core.Errors.ApiError>>:SetResult (AiEditorToolsSdk.Domain.Core.Results.Result`2<SuperProxyClientV1Namespace.ModelListFullResponse, AiEditorToolsSdk.Domain.Core.Errors.ApiError>)
AiEditorToolsSdk.Application.InternalServices.ApiClientProcessor.ApiClientProcessorService/<ProcessApiRequestImpl>d__6`1<SuperProxyClientV1Namespace.ModelListFullResponse>:MoveNext ()
System.Runtime.CompilerServices.AsyncMethodBuilderCore/MoveNextRunner:InvokeMoveNext (object)
System.Threading.ExecutionContext:RunInternal (System.Threading.ExecutionContext,System.Threading.ContextCallback,object,bool)
System.Threading.ExecutionContext:Run (System.Threading.ExecutionContext,System.Threading.ContextCallback,object,bool)
System.Runtime.CompilerServices.AsyncMethodBuilderCore/MoveNextRunner:Run ()
System.Threading.Tasks.AwaitTaskContinuation:InvokeAction (object)
System.Threading.Tasks.AwaitTaskContinuation:RunCallback (System.Threading.ContextCallback,object,System.Threading.Tasks.Task&)
System.Threading.Tasks.SynchronizationContextAwaitTaskContinuation:Run (System.Threading.Tasks.Task,bool)
System.Threading.Tasks.Task:FinishContinuations ()
System.Threading.Tasks.Task:FinishStageThree ()
System.Threading.Tasks.Task:FinishStageTwo ()
System.Threading.Tasks.Task:Finish (bool)
System.Threading.Tasks.Task:TrySetException (object)
System.Runtime.CompilerServices.AsyncTaskMethodBuilder`1<SuperProxyClientV1Namespace.ModelListFullResponse>:SetException (System.Exception)
AiEditorToolsSdk.Application.Gateways.GenerativeModels.V2.GenerativeModelsGatewayV2/<>c__DisplayClass4_0/<<GetModelsAsync>b__0>d:MoveNext ()
System.Runtime.CompilerServices.AsyncMethodBuilderCore/MoveNextRunner:InvokeMoveNext (object)
System.Threading.ExecutionContext:RunInternal (System.Threading.ExecutionContext,System.Threading.ContextCallback,object,bool)
System.Threading.ExecutionContext:Run (System.Threading.ExecutionContext,System.Threading.ContextCallback,object,bool)
System.Runtime.CompilerServices.AsyncMethodBuilderCore/MoveNextRunner:Run ()
System.Threading.Tasks.SynchronizationContextAwaitTaskContinuation/<>c:<.cctor>b__7_0 (object)
UnityEngine.UnitySynchronizationContext/WorkRequest:Invoke ()
UnityEngine.UnitySynchronizationContext:Exec ()
UnityEngine.UnitySynchronizationContext:ExecuteTasks ()

(Filename: ./Library/PackageCache/com.unity.ai.assistant@6fee27370e6a/Modules/Unity.AI.ModelSelector/Services/Stores/Actions/ModelSelectorSuperProxyActions.cs Line: 487)

Worker ready: AssetImportWorkerHW1 1
[main 2026-08-06T05:22:26.241Z] [shared storage] Creating shared storage database at 'c:\Users\ikesakutarou\.vscode-shared\sharedStorage\state.vscdb' (wasCreated: false)
[main 2026-08-06T05:22:26.248Z] [shared storage] Initializing fallback application storage (path: c:\Users\ikesakutarou\AppData\Roaming\Code\User\globalStorage\state.vscdb)
[main 2026-08-06T05:22:26.377Z] [shared storage] Fallback application storage initialized with 175 items
Error reason is 'NoSubscription' and no additional error information was provided (https://generators.ai.unity.com).
UnityEngine.Debug:ExtractStackTraceNoAlloc (byte*,int,string)
UnityEngine.StackTraceUtility:ExtractStackTrace ()
UnityEngine.DebugLogHandler:Internal_Log (UnityEngine.LogType,UnityEngine.LogOption,string,UnityEngine.Object)
UnityEngine.DebugLogHandler:LogFormat (UnityEngine.LogType,UnityEngine.Object,string,object[])
UnityEngine.Logger:Log (UnityEngine.LogType,object)
UnityEngine.Debug:Log (object)
Unity.AI.ModelSelector.Services.Stores.Actions.ModelSelectorSuperProxyActions/<>c/<<-cctor>b__8_0>d:MoveNext () (at ./Library/PackageCache/com.unity.ai.assistant@6fee27370e6a/Modules/Unity.AI.ModelSelector/Services/Stores/Actions/ModelSelectorSuperProxyActions.cs:487)
System.Runtime.CompilerServices.AsyncMethodBuilderCore/MoveNextRunner:InvokeMoveNext (object)
System.Threading.ExecutionContext:RunInternal (System.Threading.ExecutionContext,System.Threading.ContextCallback,object,bool)
System.Threading.ExecutionContext:Run (System.Threading.ExecutionContext,System.Threading.ContextCallback,object,bool)
System.Runtime.CompilerServices.AsyncMethodBuilderCore/MoveNextRunner:Run ()
System.Threading.Tasks.AwaitTaskContinuation:InvokeAction (object)
System.Threading.Tasks.AwaitTaskContinuation:RunCallback (System.Threading.ContextCallback,object,System.Threading.Tasks.Task&)
System.Threading.Tasks.SynchronizationContextAwaitTaskContinuation:Run (System.Threading.Tasks.Task,bool)
System.Threading.Tasks.Task:FinishContinuations ()
System.Threading.Tasks.Task:FinishStageThree ()
System.Threading.Tasks.Task`1<AiEditorToolsSdk.Components.Common.Responses.Wrappers.OperationResult`1<AiEditorToolsSdk.Components.GenerativeModels.Responses.ModelListV2.ModelListFullResult>>:TrySetResult (AiEditorToolsSdk.Components.Common.Responses.Wrappers.OperationResult`1<AiEditorToolsSdk.Components.GenerativeModels.Responses.ModelListV2.ModelListFullResult>)
System.Runtime.CompilerServices.AsyncTaskMethodBuilder`1<AiEditorToolsSdk.Components.Common.Responses.Wrappers.OperationResult`1<AiEditorToolsSdk.Components.GenerativeModels.Responses.ModelListV2.ModelListFullResult>>:SetResult (AiEditorToolsSdk.Components.Common.Responses.Wrappers.OperationResult`1<AiEditorToolsSdk.Components.GenerativeModels.Responses.ModelListV2.ModelListFullResult>)
AiEditorToolsSdk.Components.GenerativeModels.GenerativeModelsComponentV2/<GetModelsAsync>d__5:MoveNext ()
System.Runtime.CompilerServices.AsyncMethodBuilderCore/MoveNextRunner:InvokeMoveNext (object)
System.Threading.ExecutionContext:RunInternal (System.Threading.ExecutionContext,System.Threading.ContextCallback,object,bool)
System.Threading.ExecutionContext:Run (System.Threading.ExecutionContext,System.Threading.ContextCallback,object,bool)
System.Runtime.CompilerServices.AsyncMethodBuilderCore/MoveNextRunner:Run ()
System.Threading.Tasks.AwaitTaskContinuation:InvokeAction (object)
System.Threading.Tasks.AwaitTaskContinuation:RunCallback (System.Threading.ContextCallback,object,System.Threading.Tasks.Task&)
System.Threading.Tasks.SynchronizationContextAwaitTaskContinuation:Run (System.Threading.Tasks.Task,bool)
System.Threading.Tasks.Task:FinishContinuations ()
System.Threading.Tasks.Task:FinishStageThree ()
System.Threading.Tasks.Task`1<AiEditorToolsSdk.Components.Common.Responses.Wrappers.OperationResult`1<AiEditorToolsSdk.Components.GenerativeModels.Responses.ModelListV2.ModelListFullResult>>:TrySetResult (AiEditorToolsSdk.Components.Common.Responses.Wrappers.OperationResult`1<AiEditorToolsSdk.Components.GenerativeModels.Responses.ModelListV2.ModelListFullResult>)
System.Runtime.CompilerServices.AsyncTaskMethodBuilder`1<AiEditorToolsSdk.Components.Common.Responses.Wrappers.OperationResult`1<AiEditorToolsSdk.Components.GenerativeModels.Responses.ModelListV2.ModelListFullResult>>:SetResult (AiEditorToolsSdk.Components.Common.Responses.Wrappers.OperationResult`1<AiEditorToolsSdk.Components.GenerativeModels.Responses.ModelListV2.ModelListFullResult>)
AiEditorToolsSdk.Application.InternalServices.SdkOperation.SdkOperationService/<ExecuteRequest>d__4`1<AiEditorToolsSdk.Components.GenerativeModels.Responses.ModelListV2.ModelListFullResult>:MoveNext ()
System.Runtime.CompilerServices.AsyncMethodBuilderCore/MoveNextRunner:InvokeMoveNext (object)
System.Threading.ExecutionContext:RunInternal (System.Threading.ExecutionContext,System.Threading.ContextCallback,object,bool)
System.Threading.ExecutionContext:Run (System.Threading.ExecutionContext,System.Threading.ContextCallback,object,bool)
System.Runtime.CompilerServices.AsyncMethodBuilderCore/MoveNextRunner:Run ()
System.Threading.Tasks.AwaitTaskContinuation:InvokeAction (object)
System.Threading.Tasks.AwaitTaskContinuation:RunCallback (System.Threading.ContextCallback,object,System.Threading.Tasks.Task&)
System.Threading.Tasks.SynchronizationContextAwaitTaskContinuation:Run (System.Threading.Tasks.Task,bool)
System.Threading.Tasks.Task:FinishContinuations ()
System.Threading.Tasks.Task:FinishStageThree ()
System.Threading.Tasks.Task`1<AiEditorToolsSdk.Components.Common.Responses.Wrappers.OperationResult`1<AiEditorToolsSdk.Components.GenerativeModels.Responses.ModelListV2.ModelListFullResult>>:TrySetResult (AiEditorToolsSdk.Components.Common.Responses.Wrappers.OperationResult`1<AiEditorToolsSdk.Components.GenerativeModels.Responses.ModelListV2.ModelListFullResult>)
System.Runtime.CompilerServices.AsyncTaskMethodBuilder`1<AiEditorToolsSdk.Components.Common.Responses.Wrappers.OperationResult`1<AiEditorToolsSdk.Components.GenerativeModels.Responses.ModelListV2.ModelListFullResult>>:SetResult (AiEditorToolsSdk.Components.Common.Responses.Wrappers.OperationResult`1<AiEditorToolsSdk.Components.GenerativeModels.Responses.ModelListV2.ModelListFullResult>)
AiEditorToolsSdk.Application.Gateways.GenerativeModels.V2.GenerativeModelsGatewayV2/<GetModelsAsync>d__4:MoveNext ()
System.Runtime.CompilerServices.AsyncMethodBuilderCore/MoveNextRunner:InvokeMoveNext (object)
System.Threading.ExecutionContext:RunInternal (System.Threading.ExecutionContext,System.Threading.ContextCallback,object,bool)
System.Threading.ExecutionContext:Run (System.Threading.ExecutionContext,System.Threading.ContextCallback,object,bool)
System.Runtime.CompilerServices.AsyncMethodBuilderCore/MoveNextRunner:Run ()
System.Threading.Tasks.AwaitTaskContinuation:InvokeAction (object)
System.Threading.Tasks.AwaitTaskContinuation:RunCallback (System.Threading.ContextCallback,object,System.Threading.Tasks.Task&)
System.Threading.Tasks.SynchronizationContextAwaitTaskContinuation:Run (System.Threading.Tasks.Task,bool)
System.Threading.Tasks.Task:FinishContinuations ()
System.Threading.Tasks.Task:FinishStageThree ()
System.Threading.Tasks.Task`1<AiEditorToolsSdk.Domain.Core.Results.Result`2<SuperProxyClientV1Namespace.ModelListFullResponse, AiEditorToolsSdk.Domain.Core.Errors.ApiError>>:TrySetResult (AiEditorToolsSdk.Domain.Core.Results.Result`2<SuperProxyClientV1Namespace.ModelListFullResponse, AiEditorToolsSdk.Domain.Core.Errors.ApiError>)
System.Runtime.CompilerServices.AsyncTaskMethodBuilder`1<AiEditorToolsSdk.Domain.Core.Results.Result`2<SuperProxyClientV1Namespace.ModelListFullResponse, AiEditorToolsSdk.Domain.Core.Errors.ApiError>>:SetResult (AiEditorToolsSdk.Domain.Core.Results.Result`2<SuperProxyClientV1Namespace.ModelListFullResponse, AiEditorToolsSdk.Domain.Core.Errors.ApiError>)
AiEditorToolsSdk.Application.InternalServices.ApiClientProcessor.ApiClientProcessorService/<ProcessApiRequest>d__5`1<SuperProxyClientV1Namespace.ModelListFullResponse>:MoveNext ()
System.Runtime.CompilerServices.AsyncMethodBuilderCore/MoveNextRunner:InvokeMoveNext (object)
System.Threading.ExecutionContext:RunInternal (System.Threading.ExecutionContext,System.Threading.ContextCallback,object,bool)
System.Threading.ExecutionContext:Run (System.Threading.ExecutionContext,System.Threading.ContextCallback,object,bool)
System.Runtime.CompilerServices.AsyncMethodBuilderCore/MoveNextRunner:Run ()
System.Threading.Tasks.AwaitTaskContinuation:InvokeAction (object)
System.Threading.Tasks.AwaitTaskContinuation:RunCallback (System.Threading.ContextCallback,object,System.Threading.Tasks.Task&)
System.Threading.Tasks.SynchronizationContextAwaitTaskContinuation:Run (System.Threading.Tasks.Task,bool)
System.Threading.Tasks.Task:FinishContinuations ()
System.Threading.Tasks.Task:FinishStageThree ()
System.Threading.Tasks.Task`1<AiEditorToolsSdk.Domain.Core.Results.Result`2<SuperProxyClientV1Namespace.ModelListFullResponse, AiEditorToolsSdk.Domain.Core.Errors.ApiError>>:TrySetResult (AiEditorToolsSdk.Domain.Core.Results.Result`2<SuperProxyClientV1Namespace.ModelListFullResponse, AiEditorToolsSdk.Domain.Core.Errors.ApiError>)
System.Runtime.CompilerServices.AsyncTaskMethodBuilder`1<AiEditorToolsSdk.Domain.Core.Results.Result`2<SuperProxyClientV1Namespace.ModelListFullResponse, AiEditorToolsSdk.Domain.Core.Errors.ApiError>>:SetResult (AiEditorToolsSdk.Domain.Core.Results.Result`2<SuperProxyClientV1Namespace.ModelListFullResponse, AiEditorToolsSdk.Domain.Core.Errors.ApiError>)
AiEditorToolsSdk.Application.InternalServices.ApiClientProcessor.ApiClientProcessorService/<ProcessApiRequestImpl>d__6`1<SuperProxyClientV1Namespace.ModelListFullResponse>:MoveNext ()
System.Runtime.CompilerServices.AsyncMethodBuilderCore/MoveNextRunner:InvokeMoveNext (object)
System.Threading.ExecutionContext:RunInternal (System.Threading.ExecutionContext,System.Threading.ContextCallback,object,bool)
System.Threading.ExecutionContext:Run (System.Threading.ExecutionContext,System.Threading.ContextCallback,object,bool)
System.Runtime.CompilerServices.AsyncMethodBuilderCore/MoveNextRunner:Run ()
System.Threading.Tasks.AwaitTaskContinuation:InvokeAction (object)
System.Threading.Tasks.AwaitTaskContinuation:RunCallback (System.Threading.ContextCallback,object,System.Threading.Tasks.Task&)
System.Threading.Tasks.SynchronizationContextAwaitTaskContinuation:Run (System.Threading.Tasks.Task,bool)
System.Threading.Tasks.Task:FinishContinuations ()
System.Threading.Tasks.Task:FinishStageThree ()
System.Threading.Tasks.Task:FinishStageTwo ()
System.Threading.Tasks.Task:Finish (bool)
System.Threading.Tasks.Task:TrySetException (object)
System.Runtime.CompilerServices.AsyncTaskMethodBuilder`1<SuperProxyClientV1Namespace.ModelListFullResponse>:SetException (System.Exception)
AiEditorToolsSdk.Application.Gateways.GenerativeModels.V2.GenerativeModelsGatewayV2/<>c__DisplayClass4_0/<<GetModelsAsync>b__0>d:MoveNext ()
System.Runtime.CompilerServices.AsyncMethodBuilderCore/MoveNextRunner:InvokeMoveNext (object)
System.Threading.ExecutionContext:RunInternal (System.Threading.ExecutionContext,System.Threading.ContextCallback,object,bool)
System.Threading.ExecutionContext:Run (System.Threading.ExecutionContext,System.Threading.ContextCallback,object,bool)
System.Runtime.CompilerServices.AsyncMethodBuilderCore/MoveNextRunner:Run ()
System.Threading.Tasks.SynchronizationContextAwaitTaskContinuation/<>c:<.cctor>b__7_0 (object)
UnityEngine.UnitySynchronizationContext/WorkRequest:Invoke ()
UnityEngine.UnitySynchronizationContext:Exec ()
UnityEngine.UnitySynchronizationContext:ExecuteTasks ()

(Filename: ./Library/PackageCache/com.unity.ai.assistant@6fee27370e6a/Modules/Unity.AI.ModelSelector/Services/Stores/Actions/ModelSelectorSuperProxyActions.cs Line: 487)

[main 2026-08-06T05:22:26.426Z] update#setState idle
Error reason is 'NoSubscription' and no additional error information was provided (https://generators.ai.unity.com).
UnityEngine.Debug:ExtractStackTraceNoAlloc (byte*,int,string)
UnityEngine.StackTraceUtility:ExtractStackTrace ()
UnityEngine.DebugLogHandler:Internal_Log (UnityEngine.LogType,UnityEngine.LogOption,string,UnityEngine.Object)
UnityEngine.DebugLogHandler:LogFormat (UnityEngine.LogType,UnityEngine.Object,string,object[])
UnityEngine.Logger:Log (UnityEngine.LogType,object)
UnityEngine.Debug:Log (object)
Unity.AI.ModelSelector.Services.Stores.Actions.ModelSelectorSuperProxyActions/<>c/<<-cctor>b__8_0>d:MoveNext () (at ./Library/PackageCache/com.unity.ai.assistant@6fee27370e6a/Modules/Unity.AI.ModelSelector/Services/Stores/Actions/ModelSelectorSuperProxyActions.cs:487)
System.Runtime.CompilerServices.AsyncMethodBuilderCore/MoveNextRunner:InvokeMoveNext (object)
System.Threading.ExecutionContext:RunInternal (System.Threading.ExecutionContext,System.Threading.ContextCallback,object,bool)
System.Threading.ExecutionContext:Run (System.Threading.ExecutionContext,System.Threading.ContextCallback,object,bool)
System.Runtime.CompilerServices.AsyncMethodBuilderCore/MoveNextRunner:Run ()
System.Threading.Tasks.AwaitTaskContinuation:InvokeAction (object)
System.Threading.Tasks.AwaitTaskContinuation:RunCallback (System.Threading.ContextCallback,object,System.Threading.Tasks.Task&)
System.Threading.Tasks.SynchronizationContextAwaitTaskContinuation:Run (System.Threading.Tasks.Task,bool)
System.Threading.Tasks.Task:FinishContinuations ()
System.Threading.Tasks.Task:FinishStageThree ()
System.Threading.Tasks.Task`1<AiEditorToolsSdk.Components.Common.Responses.Wrappers.OperationResult`1<AiEditorToolsSdk.Components.GenerativeModels.Responses.ModelListV2.ModelListFullResult>>:TrySetResult (AiEditorToolsSdk.Components.Common.Responses.Wrappers.OperationResult`1<AiEditorToolsSdk.Components.GenerativeModels.Responses.ModelListV2.ModelListFullResult>)
System.Runtime.CompilerServices.AsyncTaskMethodBuilder`1<AiEditorToolsSdk.Components.Common.Responses.Wrappers.OperationResult`1<AiEditorToolsSdk.Components.GenerativeModels.Responses.ModelListV2.ModelListFullResult>>:SetResult (AiEditorToolsSdk.Components.Common.Responses.Wrappers.OperationResult`1<AiEditorToolsSdk.Components.GenerativeModels.Responses.ModelListV2.ModelListFullResult>)
AiEditorToolsSdk.Components.GenerativeModels.GenerativeModelsComponentV2/<GetModelsAsync>d__5:MoveNext ()
System.Runtime.CompilerServices.AsyncMethodBuilderCore/MoveNextRunner:InvokeMoveNext (object)
System.Threading.ExecutionContext:RunInternal (System.Threading.ExecutionContext,System.Threading.ContextCallback,object,bool)
System.Threading.ExecutionContext:Run (System.Threading.ExecutionContext,System.Threading.ContextCallback,object,bool)
System.Runtime.CompilerServices.AsyncMethodBuilderCore/MoveNextRunner:Run ()
System.Threading.Tasks.AwaitTaskContinuation:InvokeAction (object)
System.Threading.Tasks.AwaitTaskContinuation:RunCallback (System.Threading.ContextCallback,object,System.Threading.Tasks.Task&)
System.Threading.Tasks.SynchronizationContextAwaitTaskContinuation:Run (System.Threading.Tasks.Task,bool)
System.Threading.Tasks.Task:FinishContinuations ()
System.Threading.Tasks.Task:FinishStageThree ()
System.Threading.Tasks.Task`1<AiEditorToolsSdk.Components.Common.Responses.Wrappers.OperationResult`1<AiEditorToolsSdk.Components.GenerativeModels.Responses.ModelListV2.ModelListFullResult>>:TrySetResult (AiEditorToolsSdk.Components.Common.Responses.Wrappers.OperationResult`1<AiEditorToolsSdk.Components.GenerativeModels.Responses.ModelListV2.ModelListFullResult>)
System.Runtime.CompilerServices.AsyncTaskMethodBuilder`1<AiEditorToolsSdk.Components.Common.Responses.Wrappers.OperationResult`1<AiEditorToolsSdk.Components.GenerativeModels.Responses.ModelListV2.ModelListFullResult>>:SetResult (AiEditorToolsSdk.Components.Common.Responses.Wrappers.OperationResult`1<AiEditorToolsSdk.Components.GenerativeModels.Responses.ModelListV2.ModelListFullResult>)
AiEditorToolsSdk.Application.InternalServices.SdkOperation.SdkOperationService/<ExecuteRequest>d__4`1<AiEditorToolsSdk.Components.GenerativeModels.Responses.ModelListV2.ModelListFullResult>:MoveNext ()
System.Runtime.CompilerServices.AsyncMethodBuilderCore/MoveNextRunner:InvokeMoveNext (object)
System.Threading.ExecutionContext:RunInternal (System.Threading.ExecutionContext,System.Threading.ContextCallback,object,bool)
System.Threading.ExecutionContext:Run (System.Threading.ExecutionContext,System.Threading.ContextCallback,object,bool)
System.Runtime.CompilerServices.AsyncMethodBuilderCore/MoveNextRunner:Run ()
System.Threading.Tasks.AwaitTaskContinuation:InvokeAction (object)
System.Threading.Tasks.AwaitTaskContinuation:RunCallback (System.Threading.ContextCallback,object,System.Threading.Tasks.Task&)
System.Threading.Tasks.SynchronizationContextAwaitTaskContinuation:Run (System.Threading.Tasks.Task,bool)
System.Threading.Tasks.Task:FinishContinuations ()
System.Threading.Tasks.Task:FinishStageThree ()
System.Threading.Tasks.Task`1<AiEditorToolsSdk.Components.Common.Responses.Wrappers.OperationResult`1<AiEditorToolsSdk.Components.GenerativeModels.Responses.ModelListV2.ModelListFullResult>>:TrySetResult (AiEditorToolsSdk.Components.Common.Responses.Wrappers.OperationResult`1<AiEditorToolsSdk.Components.GenerativeModels.Responses.ModelListV2.ModelListFullResult>)
System.Runtime.CompilerServices.AsyncTaskMethodBuilder`1<AiEditorToolsSdk.Components.Common.Responses.Wrappers.OperationResult`1<AiEditorToolsSdk.Components.GenerativeModels.Responses.ModelListV2.ModelListFullResult>>:SetResult (AiEditorToolsSdk.Components.Common.Responses.Wrappers.OperationResult`1<AiEditorToolsSdk.Components.GenerativeModels.Responses.ModelListV2.ModelListFullResult>)
AiEditorToolsSdk.Application.Gateways.GenerativeModels.V2.GenerativeModelsGatewayV2/<GetModelsAsync>d__4:MoveNext ()
System.Runtime.CompilerServices.AsyncMethodBuilderCore/MoveNextRunner:InvokeMoveNext (object)
System.Threading.ExecutionContext:RunInternal (System.Threading.ExecutionContext,System.Threading.ContextCallback,object,bool)
System.Threading.ExecutionContext:Run (System.Threading.ExecutionContext,System.Threading.ContextCallback,object,bool)
System.Runtime.CompilerServices.AsyncMethodBuilderCore/MoveNextRunner:Run ()
System.Threading.Tasks.AwaitTaskContinuation:InvokeAction (object)
System.Threading.Tasks.AwaitTaskContinuation:RunCallback (System.Threading.ContextCallback,object,System.Threading.Tasks.Task&)
System.Threading.Tasks.SynchronizationContextAwaitTaskContinuation:Run (System.Threading.Tasks.Task,bool)
System.Threading.Tasks.Task:FinishContinuations ()
System.Threading.Tasks.Task:FinishStageThree ()
System.Threading.Tasks.Task`1<AiEditorToolsSdk.Domain.Core.Results.Result`2<SuperProxyClientV1Namespace.ModelListFullResponse, AiEditorToolsSdk.Domain.Core.Errors.ApiError>>:TrySetResult (AiEditorToolsSdk.Domain.Core.Results.Result`2<SuperProxyClientV1Namespace.ModelListFullResponse, AiEditorToolsSdk.Domain.Core.Errors.ApiError>)
System.Runtime.CompilerServices.AsyncTaskMethodBuilder`1<AiEditorToolsSdk.Domain.Core.Results.Result`2<SuperProxyClientV1Namespace.ModelListFullResponse, AiEditorToolsSdk.Domain.Core.Errors.ApiError>>:SetResult (AiEditorToolsSdk.Domain.Core.Results.Result`2<SuperProxyClientV1Namespace.ModelListFullResponse, AiEditorToolsSdk.Domain.Core.Errors.ApiError>)
AiEditorToolsSdk.Application.InternalServices.ApiClientProcessor.ApiClientProcessorService/<ProcessApiRequest>d__5`1<SuperProxyClientV1Namespace.ModelListFullResponse>:MoveNext ()
System.Runtime.CompilerServices.AsyncMethodBuilderCore/MoveNextRunner:InvokeMoveNext (object)
System.Threading.ExecutionContext:RunInternal (System.Threading.ExecutionContext,System.Threading.ContextCallback,object,bool)
System.Threading.ExecutionContext:Run (System.Threading.ExecutionContext,System.Threading.ContextCallback,object,bool)
System.Runtime.CompilerServices.AsyncMethodBuilderCore/MoveNextRunner:Run ()
System.Threading.Tasks.AwaitTaskContinuation:InvokeAction (object)
System.Threading.Tasks.AwaitTaskContinuation:RunCallback (System.Threading.ContextCallback,object,System.Threading.Tasks.Task&)
System.Threading.Tasks.SynchronizationContextAwaitTaskContinuation:Run (System.Threading.Tasks.Task,bool)
System.Threading.Tasks.Task:FinishContinuations ()
System.Threading.Tasks.Task:FinishStageThree ()
System.Threading.Tasks.Task`1<AiEditorToolsSdk.Domain.Core.Results.Result`2<SuperProxyClientV1Namespace.ModelListFullResponse, AiEditorToolsSdk.Domain.Core.Errors.ApiError>>:TrySetResult (AiEditorToolsSdk.Domain.Core.Results.Result`2<SuperProxyClientV1Namespace.ModelListFullResponse, AiEditorToolsSdk.Domain.Core.Errors.ApiError>)
System.Runtime.CompilerServices.AsyncTaskMethodBuilder`1<AiEditorToolsSdk.Domain.Core.Results.Result`2<SuperProxyClientV1Namespace.ModelListFullResponse, AiEditorToolsSdk.Domain.Core.Errors.ApiError>>:SetResult (AiEditorToolsSdk.Domain.Core.Results.Result`2<SuperProxyClientV1Namespace.ModelListFullResponse, AiEditorToolsSdk.Domain.Core.Errors.ApiError>)
AiEditorToolsSdk.Application.InternalServices.ApiClientProcessor.ApiClientProcessorService/<ProcessApiRequestImpl>d__6`1<SuperProxyClientV1Namespace.ModelListFullResponse>:MoveNext ()
System.Runtime.CompilerServices.AsyncMethodBuilderCore/MoveNextRunner:InvokeMoveNext (object)
System.Threading.ExecutionContext:RunInternal (System.Threading.ExecutionContext,System.Threading.ContextCallback,object,bool)
System.Threading.ExecutionContext:Run (System.Threading.ExecutionContext,System.Threading.ContextCallback,object,bool)
System.Runtime.CompilerServices.AsyncMethodBuilderCore/MoveNextRunner:Run ()
System.Threading.Tasks.AwaitTaskContinuation:InvokeAction (object)
System.Threading.Tasks.AwaitTaskContinuation:RunCallback (System.Threading.ContextCallback,object,System.Threading.Tasks.Task&)
System.Threading.Tasks.SynchronizationContextAwaitTaskContinuation:Run (System.Threading.Tasks.Task,bool)
System.Threading.Tasks.Task:FinishContinuations ()
System.Threading.Tasks.Task:FinishStageThree ()
System.Threading.Tasks.Task:FinishStageTwo ()
System.Threading.Tasks.Task:Finish (bool)
System.Threading.Tasks.Task:TrySetException (object)
System.Runtime.CompilerServices.AsyncTaskMethodBuilder`1<SuperProxyClientV1Namespace.ModelListFullResponse>:SetException (System.Exception)
AiEditorToolsSdk.Application.Gateways.GenerativeModels.V2.GenerativeModelsGatewayV2/<>c__DisplayClass4_0/<<GetModelsAsync>b__0>d:MoveNext ()
System.Runtime.CompilerServices.AsyncMethodBuilderCore/MoveNextRunner:InvokeMoveNext (object)
System.Threading.ExecutionContext:RunInternal (System.Threading.ExecutionContext,System.Threading.ContextCallback,object,bool)
System.Threading.ExecutionContext:Run (System.Threading.ExecutionContext,System.Threading.ContextCallback,object,bool)
System.Runtime.CompilerServices.AsyncMethodBuilderCore/MoveNextRunner:Run ()
System.Threading.Tasks.SynchronizationContextAwaitTaskContinuation/<>c:<.cctor>b__7_0 (object)
UnityEngine.UnitySynchronizationContext/WorkRequest:Invoke ()
UnityEngine.UnitySynchronizationContext:Exec ()
UnityEngine.UnitySynchronizationContext:ExecuteTasks ()

(Filename: ./Library/PackageCache/com.unity.ai.assistant@6fee27370e6a/Modules/Unity.AI.ModelSelector/Services/Stores/Actions/ModelSelectorSuperProxyActions.cs Line: 487)

Error reason is 'NoSubscription' and no additional error information was provided (https://generators.ai.unity.com).
UnityEngine.Debug:ExtractStackTraceNoAlloc (byte*,int,string)
UnityEngine.StackTraceUtility:ExtractStackTrace ()
UnityEngine.DebugLogHandler:Internal_Log (UnityEngine.LogType,UnityEngine.LogOption,string,UnityEngine.Object)
UnityEngine.DebugLogHandler:LogFormat (UnityEngine.LogType,UnityEngine.Object,string,object[])
UnityEngine.Logger:Log (UnityEngine.LogType,object)
UnityEngine.Debug:Log (object)
Unity.AI.ModelSelector.Services.Stores.Actions.ModelSelectorSuperProxyActions/<>c/<<-cctor>b__8_0>d:MoveNext () (at ./Library/PackageCache/com.unity.ai.assistant@6fee27370e6a/Modules/Unity.AI.ModelSelector/Services/Stores/Actions/ModelSelectorSuperProxyActions.cs:487)
System.Runtime.CompilerServices.AsyncMethodBuilderCore/MoveNextRunner:InvokeMoveNext (object)
System.Threading.ExecutionContext:RunInternal (System.Threading.ExecutionContext,System.Threading.ContextCallback,object,bool)
System.Threading.ExecutionContext:Run (System.Threading.ExecutionContext,System.Threading.ContextCallback,object,bool)
System.Runtime.CompilerServices.AsyncMethodBuilderCore/MoveNextRunner:Run ()
System.Threading.Tasks.AwaitTaskContinuation:InvokeAction (object)
System.Threading.Tasks.AwaitTaskContinuation:RunCallback (System.Threading.ContextCallback,object,System.Threading.Tasks.Task&)
System.Threading.Tasks.SynchronizationContextAwaitTaskContinuation:Run (System.Threading.Tasks.Task,bool)
System.Threading.Tasks.Task:FinishContinuations ()
System.Threading.Tasks.Task:FinishStageThree ()
System.Threading.Tasks.Task`1<AiEditorToolsSdk.Components.Common.Responses.Wrappers.OperationResult`1<AiEditorToolsSdk.Components.GenerativeModels.Responses.ModelListV2.ModelListFullResult>>:TrySetResult (AiEditorToolsSdk.Components.Common.Responses.Wrappers.OperationResult`1<AiEditorToolsSdk.Components.GenerativeModels.Responses.ModelListV2.ModelListFullResult>)
System.Runtime.CompilerServices.AsyncTaskMethodBuilder`1<AiEditorToolsSdk.Components.Common.Responses.Wrappers.OperationResult`1<AiEditorToolsSdk.Components.GenerativeModels.Responses.ModelListV2.ModelListFullResult>>:SetResult (AiEditorToolsSdk.Components.Common.Responses.Wrappers.OperationResult`1<AiEditorToolsSdk.Components.GenerativeModels.Responses.ModelListV2.ModelListFullResult>)
AiEditorToolsSdk.Components.GenerativeModels.GenerativeModelsComponentV2/<GetModelsAsync>d__5:MoveNext ()
System.Runtime.CompilerServices.AsyncMethodBuilderCore/MoveNextRunner:InvokeMoveNext (object)
System.Threading.ExecutionContext:RunInternal (System.Threading.ExecutionContext,System.Threading.ContextCallback,object,bool)
System.Threading.ExecutionContext:Run (System.Threading.ExecutionContext,System.Threading.ContextCallback,object,bool)
System.Runtime.CompilerServices.AsyncMethodBuilderCore/MoveNextRunner:Run ()
System.Threading.Tasks.AwaitTaskContinuation:InvokeAction (object)
System.Threading.Tasks.AwaitTaskContinuation:RunCallback (System.Threading.ContextCallback,object,System.Threading.Tasks.Task&)
System.Threading.Tasks.SynchronizationContextAwaitTaskContinuation:Run (System.Threading.Tasks.Task,bool)
System.Threading.Tasks.Task:FinishContinuations ()
System.Threading.Tasks.Task:FinishStageThree ()
System.Threading.Tasks.Task`1<AiEditorToolsSdk.Components.Common.Responses.Wrappers.OperationResult`1<AiEditorToolsSdk.Components.GenerativeModels.Responses.ModelListV2.ModelListFullResult>>:TrySetResult (AiEditorToolsSdk.Components.Common.Responses.Wrappers.OperationResult`1<AiEditorToolsSdk.Components.GenerativeModels.Responses.ModelListV2.ModelListFullResult>)
System.Runtime.CompilerServices.AsyncTaskMethodBuilder`1<AiEditorToolsSdk.Components.Common.Responses.Wrappers.OperationResult`1<AiEditorToolsSdk.Components.GenerativeModels.Responses.ModelListV2.ModelListFullResult>>:SetResult (AiEditorToolsSdk.Components.Common.Responses.Wrappers.OperationResult`1<AiEditorToolsSdk.Components.GenerativeModels.Responses.ModelListV2.ModelListFullResult>)
AiEditorToolsSdk.Application.InternalServices.SdkOperation.SdkOperationService/<ExecuteRequest>d__4`1<AiEditorToolsSdk.Components.GenerativeModels.Responses.ModelListV2.ModelListFullResult>:MoveNext ()
System.Runtime.CompilerServices.AsyncMethodBuilderCore/MoveNextRunner:InvokeMoveNext (object)
System.Threading.ExecutionContext:RunInternal (System.Threading.ExecutionContext,System.Threading.ContextCallback,object,bool)
System.Threading.ExecutionContext:Run (System.Threading.ExecutionContext,System.Threading.ContextCallback,object,bool)
System.Runtime.CompilerServices.AsyncMethodBuilderCore/MoveNextRunner:Run ()
System.Threading.Tasks.AwaitTaskContinuation:InvokeAction (object)
System.Threading.Tasks.AwaitTaskContinuation:RunCallback (System.Threading.ContextCallback,object,System.Threading.Tasks.Task&)
System.Threading.Tasks.SynchronizationContextAwaitTaskContinuation:Run (System.Threading.Tasks.Task,bool)
System.Threading.Tasks.Task:FinishContinuations ()
System.Threading.Tasks.Task:FinishStageThree ()
System.Threading.Tasks.Task`1<AiEditorToolsSdk.Components.Common.Responses.Wrappers.OperationResult`1<AiEditorToolsSdk.Components.GenerativeModels.Responses.ModelListV2.ModelListFullResult>>:TrySetResult (AiEditorToolsSdk.Components.Common.Responses.Wrappers.OperationResult`1<AiEditorToolsSdk.Components.GenerativeModels.Responses.ModelListV2.ModelListFullResult>)
System.Runtime.CompilerServices.AsyncTaskMethodBuilder`1<AiEditorToolsSdk.Components.Common.Responses.Wrappers.OperationResult`1<AiEditorToolsSdk.Components.GenerativeModels.Responses.ModelListV2.ModelListFullResult>>:SetResult (AiEditorToolsSdk.Components.Common.Responses.Wrappers.OperationResult`1<AiEditorToolsSdk.Components.GenerativeModels.Responses.ModelListV2.ModelListFullResult>)
AiEditorToolsSdk.Application.Gateways.GenerativeModels.V2.GenerativeModelsGatewayV2/<GetModelsAsync>d__4:MoveNext ()
System.Runtime.CompilerServices.AsyncMethodBuilderCore/MoveNextRunner:InvokeMoveNext (object)
System.Threading.ExecutionContext:RunInternal (System.Threading.ExecutionContext,System.Threading.ContextCallback,object,bool)
System.Threading.ExecutionContext:Run (System.Threading.ExecutionContext,System.Threading.ContextCallback,object,bool)
System.Runtime.CompilerServices.AsyncMethodBuilderCore/MoveNextRunner:Run ()
System.Threading.Tasks.AwaitTaskContinuation:InvokeAction (object)
System.Threading.Tasks.AwaitTaskContinuation:RunCallback (System.Threading.ContextCallback,object,System.Threading.Tasks.Task&)
System.Threading.Tasks.SynchronizationContextAwaitTaskContinuation:Run (System.Threading.Tasks.Task,bool)
System.Threading.Tasks.Task:FinishContinuations ()
System.Threading.Tasks.Task:FinishStageThree ()
System.Threading.Tasks.Task`1<AiEditorToolsSdk.Domain.Core.Results.Result`2<SuperProxyClientV1Namespace.ModelListFullResponse, AiEditorToolsSdk.Domain.Core.Errors.ApiError>>:TrySetResult (AiEditorToolsSdk.Domain.Core.Results.Result`2<SuperProxyClientV1Namespace.ModelListFullResponse, AiEditorToolsSdk.Domain.Core.Errors.ApiError>)
System.Runtime.CompilerServices.AsyncTaskMethodBuilder`1<AiEditorToolsSdk.Domain.Core.Results.Result`2<SuperProxyClientV1Namespace.ModelListFullResponse, AiEditorToolsSdk.Domain.Core.Errors.ApiError>>:SetResult (AiEditorToolsSdk.Domain.Core.Results.Result`2<SuperProxyClientV1Namespace.ModelListFullResponse, AiEditorToolsSdk.Domain.Core.Errors.ApiError>)
AiEditorToolsSdk.Application.InternalServices.ApiClientProcessor.ApiClientProcessorService/<ProcessApiRequest>d__5`1<SuperProxyClientV1Namespace.ModelListFullResponse>:MoveNext ()
System.Runtime.CompilerServices.AsyncMethodBuilderCore/MoveNextRunner:InvokeMoveNext (object)
System.Threading.ExecutionContext:RunInternal (System.Threading.ExecutionContext,System.Threading.ContextCallback,object,bool)
System.Threading.ExecutionContext:Run (System.Threading.ExecutionContext,System.Threading.ContextCallback,object,bool)
System.Runtime.CompilerServices.AsyncMethodBuilderCore/MoveNextRunner:Run ()
System.Threading.Tasks.AwaitTaskContinuation:InvokeAction (object)
System.Threading.Tasks.AwaitTaskContinuation:RunCallback (System.Threading.ContextCallback,object,System.Threading.Tasks.Task&)
System.Threading.Tasks.SynchronizationContextAwaitTaskContinuation:Run (System.Threading.Tasks.Task,bool)
System.Threading.Tasks.Task:FinishContinuations ()
System.Threading.Tasks.Task:FinishStageThree ()
System.Threading.Tasks.Task`1<AiEditorToolsSdk.Domain.Core.Results.Result`2<SuperProxyClientV1Namespace.ModelListFullResponse, AiEditorToolsSdk.Domain.Core.Errors.ApiError>>:TrySetResult (AiEditorToolsSdk.Domain.Core.Results.Result`2<SuperProxyClientV1Namespace.ModelListFullResponse, AiEditorToolsSdk.Domain.Core.Errors.ApiError>)
System.Runtime.CompilerServices.AsyncTaskMethodBuilder`1<AiEditorToolsSdk.Domain.Core.Results.Result`2<SuperProxyClientV1Namespace.ModelListFullResponse, AiEditorToolsSdk.Domain.Core.Errors.ApiError>>:SetResult (AiEditorToolsSdk.Domain.Core.Results.Result`2<SuperProxyClientV1Namespace.ModelListFullResponse, AiEditorToolsSdk.Domain.Core.Errors.ApiError>)
AiEditorToolsSdk.Application.InternalServices.ApiClientProcessor.ApiClientProcessorService/<ProcessApiRequestImpl>d__6`1<SuperProxyClientV1Namespace.ModelListFullResponse>:MoveNext ()
System.Runtime.CompilerServices.AsyncMethodBuilderCore/MoveNextRunner:InvokeMoveNext (object)
System.Threading.ExecutionContext:RunInternal (System.Threading.ExecutionContext,System.Threading.ContextCallback,object,bool)
System.Threading.ExecutionContext:Run (System.Threading.ExecutionContext,System.Threading.ContextCallback,object,bool)
System.Runtime.CompilerServices.AsyncMethodBuilderCore/MoveNextRunner:Run ()
System.Threading.Tasks.AwaitTaskContinuation:InvokeAction (object)
System.Threading.Tasks.AwaitTaskContinuation:RunCallback (System.Threading.ContextCallback,object,System.Threading.Tasks.Task&)
System.Threading.Tasks.SynchronizationContextAwaitTaskContinuation:Run (System.Threading.Tasks.Task,bool)
System.Threading.Tasks.Task:FinishContinuations ()
System.Threading.Tasks.Task:FinishStageThree ()
System.Threading.Tasks.Task:FinishStageTwo ()
System.Threading.Tasks.Task:Finish (bool)
System.Threading.Tasks.Task:TrySetException (object)
System.Runtime.CompilerServices.AsyncTaskMethodBuilder`1<SuperProxyClientV1Namespace.ModelListFullResponse>:SetException (System.Exception)
AiEditorToolsSdk.Application.Gateways.GenerativeModels.V2.GenerativeModelsGatewayV2/<>c__DisplayClass4_0/<<GetModelsAsync>b__0>d:MoveNext ()
System.Runtime.CompilerServices.AsyncMethodBuilderCore/MoveNextRunner:InvokeMoveNext (object)
System.Threading.ExecutionContext:RunInternal (System.Threading.ExecutionContext,System.Threading.ContextCallback,object,bool)
System.Threading.ExecutionContext:Run (System.Threading.ExecutionContext,System.Threading.ContextCallback,object,bool)
System.Runtime.CompilerServices.AsyncMethodBuilderCore/MoveNextRunner:Run ()
System.Threading.Tasks.SynchronizationContextAwaitTaskContinuation/<>c:<.cctor>b__7_0 (object)
UnityEngine.UnitySynchronizationContext/WorkRequest:Invoke ()
UnityEngine.UnitySynchronizationContext:Exec ()
UnityEngine.UnitySynchronizationContext:ExecuteTasks ()

(Filename: ./Library/PackageCache/com.unity.ai.assistant@6fee27370e6a/Modules/Unity.AI.ModelSelector/Services/Stores/Actions/ModelSelectorSuperProxyActions.cs Line: 487)

Request Asset Garbage Collect because used heap size increased from 0.78 GB to 1.27 GB, exceeding the threshold of 256.0 MB.
Unloading 3 Unused Serialized files (Serialized files now loaded: 0)
Unloading 5 unused Assets / (4.6 KB). Loaded Objects now: 12988.
Memory consumption went from 1.27 GB to 1.27 GB.
Total: 66.041400 ms (FindLiveObjects: 3.737800 ms CreateObjectMapping: 5.629200 ms MarkObjects: 56.432900 ms  DeleteObjects: 0.238000 ms)

[main 2026-08-06T05:22:29.056Z] AgentHostProcessManager: agent host started
(node:14024) [DEP0169] DeprecationWarning: `url.parse()` behavior is not standardized and prone to errors that have security implications. Use the WHATWG URL API instead. CVEs are not issued for `url.parse()` vulnerabilities.
(Use `Code --trace-deprecation ...` to show where the warning was created)
[main 2026-08-06T05:22:41.008Z] [AgentHost:stderr] (node:16588) [DEP0169] DeprecationWarning: `url.parse()` behavior is not standardized and prone to errors that have security implications. Use the WHATWG URL API instead. CVEs are not issued for `url.parse()` vulnerabilities.
(Use `Code --trace-deprecation ...` to show where the warning was created)

Unknown channel: agentHostClientProxy
Unknown channel: agentHostClientProxy
Unknown channel: agentHostClientProxy
Unknown channel: agentHostClientProxy
TrimDiskCacheJob: Current cache size 0mb
[main 2026-08-06T05:22:56.697Z] update#setState checking for updates
[main 2026-08-06T05:22:56.826Z] update#setState idle
[ScriptCompilation] Requested script compilation because: AssetDatabase observed changes in script compilation related files
[Licensing::Client] Successfully resolved entitlement details
[Licensing::Module] License group:
  Id: F4-S82E-258Q-RRPW-KWCH-XXXX
  Product: Unity Personal
  Type: ULF
  Expiration: Unlimited
[Licensing::Module] License group:
  Id: 15669559352791-UnityPersXXXX
  Product: Unity Personal
  Type: Assigned
  Expiration: Unlimited
info: Microsoft.AspNetCore.Hosting.Diagnostics[1]
      Request starting HTTP/2 POST http://ilpp/UnityILPP.PostProcessing/Ping - application/grpc -
info: Microsoft.AspNetCore.Routing.EndpointMiddleware[0]
      Executing endpoint 'gRPC - /UnityILPP.PostProcessing/Ping'
info: Microsoft.AspNetCore.Routing.EndpointMiddleware[1]
      Executed endpoint 'gRPC - /UnityILPP.PostProcessing/Ping'
info: Microsoft.AspNetCore.Hosting.Diagnostics[2]
      Request finished HTTP/2 POST http://ilpp/UnityILPP.PostProcessing/Ping - 200 - application/grpc 2.3420ms
Starting: C:\Program Files\Unity\Hub\Editor\6000.5.0f1\Editor\Data\Tools\BuildPipeline\bee_backend.exe --ipc --defer-dag-verification --dagfile="Library/Bee/1900b0aE.dag" --continue-on-failure --profile="Library/Bee/backend1.traceevents" ScriptAssemblies
WorkingDir: C:/Users/ikesakutarou/t6-M6/Molkky
info: Microsoft.AspNetCore.Hosting.Diagnostics[1]
      Request starting HTTP/2 POST http://ilpp/UnityILPP.PostProcessing/ConfigurePostProcessors - application/grpc -
info: Microsoft.AspNetCore.Routing.EndpointMiddleware[0]
      Executing endpoint 'gRPC - /UnityILPP.PostProcessing/ConfigurePostProcessors'
info: Unity.ILPP.Runner.PostProcessingAssemblyLoadContext[0]
      Current configuration matches the requested one, skipping
info: Microsoft.AspNetCore.Routing.EndpointMiddleware[1]
      Executed endpoint 'gRPC - /UnityILPP.PostProcessing/ConfigurePostProcessors'
info: Microsoft.AspNetCore.Hosting.Diagnostics[2]
      Request finished HTTP/2 POST http://ilpp/UnityILPP.PostProcessing/ConfigurePostProcessors - 200 - application/grpc 9.1117ms
ExitCode: 4 Duration: 1s584ms
[1249/1640  0s] ILPP-Configuration Library/ilpp-configuration.nevergeneratedoutput
Rebuilding DAG because FileSignature timestamp changed: Library/Bee/1900b0aE-inputdata.json
*** Tundra requires additional run (1.49 seconds), 1 items updated, 1640 evaluated
Starting: C:\Program Files\Unity\Hub\Editor\6000.5.0f1\Editor\Data\netcorerun\netcorerun.exe "C:\Program Files\Unity\Hub\Editor\6000.5.0f1\Editor\Data\Tools\BuildPipeline\ScriptCompilationBuildProgram.exe" "Library/Bee/1900b0aE.dag.json" "Library/Bee/1900b0aE-inputdata.json" "Library\Bee\buildprogram0.traceevents"
WorkingDir: C:/Users/ikesakutarou/t6-M6/Molkky
ExitCode: 0 Duration: 5s841ms
Starting: C:\Program Files\Unity\Hub\Editor\6000.5.0f1\Editor\Data\Tools\BuildPipeline\bee_backend.exe --ipc --defer-dag-verification --dagfile="Library/Bee/1900b0aE.dag" --continue-on-failure --dagfilejson="Library\Bee\1900b0aE.dag.json" --profile="Library/Bee/backend2.traceevents" ScriptAssemblies
WorkingDir: C:/Users/ikesakutarou/t6-M6/Molkky
info: Microsoft.AspNetCore.Hosting.Diagnostics[1]
      Request starting HTTP/2 POST http://ilpp/UnityILPP.PostProcessing/ConfigurePostProcessors - application/grpc -
info: Microsoft.AspNetCore.Routing.EndpointMiddleware[0]
      Executing endpoint 'gRPC - /UnityILPP.PostProcessing/ConfigurePostProcessors'
info: Unity.ILPP.Runner.PostProcessingAssemblyLoadContext[0]
      Current configuration matches the requested one, skipping
info: Microsoft.AspNetCore.Routing.EndpointMiddleware[1]
      Executed endpoint 'gRPC - /UnityILPP.PostProcessing/ConfigurePostProcessors'
info: Microsoft.AspNetCore.Hosting.Diagnostics[2]
      Request finished HTTP/2 POST http://ilpp/UnityILPP.PostProcessing/ConfigurePostProcessors - 200 - application/grpc 2.2987ms
info: Microsoft.AspNetCore.Hosting.Diagnostics[1]
      Request starting HTTP/2 POST http://ilpp/UnityILPP.PostProcessing/PostProcessAssembly - application/grpc -
info: Microsoft.AspNetCore.Routing.EndpointMiddleware[0]
      Executing endpoint 'gRPC - /UnityILPP.PostProcessing/PostProcessAssembly'
info: Unity.ILPP.Runner.PostProcessingPipeline[0]
      Processing assembly Library/Bee/artifacts/1900b0aE.dag/Assembly-CSharp.dll, with 144 defines and 369 references
info: Unity.ILPP.Runner.PostProcessingPipeline[0]
      processors: Unity.Jobs.CodeGen.JobsILPostProcessor, zzzUnity.Burst.CodeGen.BurstILPostProcessor
info: Unity.ILPP.Runner.PostProcessingPipeline[0]
      running Unity.Jobs.CodeGen.JobsILPostProcessor
info: Unity.ILPP.Runner.PostProcessingAssemblyLoadContext[0]
      Resolved Unity.Collections, Version=0.0.0.0, Culture=neutral, PublicKeyToken=null with Library\Bee\artifacts\1900b0aE.dag\Unity.Collections.dll
info: Microsoft.AspNetCore.Hosting.Diagnostics[1]
      Request starting HTTP/2 POST http://ilpp/UnityILPP.PostProcessing/PostProcessAssembly - application/grpc -
info: Microsoft.AspNetCore.Routing.EndpointMiddleware[0]
      Executing endpoint 'gRPC - /UnityILPP.PostProcessing/PostProcessAssembly'
info: Unity.ILPP.Runner.PostProcessingPipeline[0]
      Processing assembly Library/Bee/artifacts/1900b0aE.dag/Assembly-CSharp-Editor.dll, with 142 defines and 393 references
info: Unity.ILPP.Runner.PostProcessingPipeline[0]
      processors: Unity.Jobs.CodeGen.JobsILPostProcessor, zzzUnity.Burst.CodeGen.BurstILPostProcessor
info: Unity.ILPP.Runner.PostProcessingPipeline[0]
      running Unity.Jobs.CodeGen.JobsILPostProcessor
info: Unity.ILPP.Runner.PostProcessingAssemblyLoadContext[0]
      Resolved UnityEditor.CoreModule, Version=0.0.0.0, Culture=neutral, PublicKeyToken=null with C:\Program Files\Unity\Hub\Editor\6000.5.0f1\Editor\Data\Managed\UnityEngine\UnityEditor.CoreModule.dll
info: Unity.ILPP.Runner.PostProcessingAssemblyLoadContext[0]
      Resolved UnityEngine.CoreModule, Version=0.0.0.0, Culture=neutral, PublicKeyToken=null with C:\Program Files\Unity\Hub\Editor\6000.5.0f1\Editor\Data\Managed\UnityEngine\UnityEngine.CoreModule.dll
info: Unity.ILPP.Runner.PostProcessingAssemblyLoadContext[0]
      Resolved Unity.Scripting, Version=0.0.0.0, Culture=neutral, PublicKeyToken=null with C:\Program Files\Unity\Hub\Editor\6000.5.0f1\Editor\Data\Managed\UnityEngine\Unity.Scripting.dll
info: Unity.ILPP.Runner.PostProcessingPipeline[0]
      running zzzUnity.Burst.CodeGen.BurstILPostProcessor
info: Unity.ILPP.Runner.PostProcessingPipeline[0]
      running zzzUnity.Burst.CodeGen.BurstILPostProcessor
info: Unity.ILPP.Runner.PostProcessingAssemblyLoadContext[0]
      Resolved Unity.Burst.Cecil.Rocks, Version=0.11.6.0, Culture=neutral, PublicKeyToken=50cebf1cceb9d05e with Library\PackageCache\com.unity.burst@6bb9aca3ef38\Unity.Burst.CodeGen\Unity.Burst.Cecil.Rocks.dll
info: Microsoft.AspNetCore.Routing.EndpointMiddleware[1]
      Executed endpoint 'gRPC - /UnityILPP.PostProcessing/PostProcessAssembly'
info: Microsoft.AspNetCore.Hosting.Diagnostics[2]
      Request finished HTTP/2 POST http://ilpp/UnityILPP.PostProcessing/PostProcessAssembly - 200 - application/grpc 2879.5255ms
info: Microsoft.AspNetCore.Routing.EndpointMiddleware[1]
      Executed endpoint 'gRPC - /UnityILPP.PostProcessing/PostProcessAssembly'
info: Microsoft.AspNetCore.Hosting.Diagnostics[2]
      Request finished HTTP/2 POST http://ilpp/UnityILPP.PostProcessing/PostProcessAssembly - 200 - application/grpc 2011.7255ms
ExitCode: 0 Duration: 11s
Finished compiling graph: 1644 nodes, 35213 flattened edges (28741 ToBuild, 272 ToUse), maximum node priority 1839
[ 841/1640  0s] WriteText Library/Bee/artifacts/1900b0aE.dag/Assembly-CSharp.rsp
[1247/1640  0s] ILPP-Configuration Library/ilpp-configuration.nevergeneratedoutput
[BUSY       6s] Csc Library/Bee/artifacts/1900b0aE.dag/Assembly-CSharp.dll (+2 others)
[1632/1640  6s] Csc Library/Bee/artifacts/1900b0aE.dag/Assembly-CSharp.dll (+2 others)
[1633/1640  0s] Csc Library/Bee/artifacts/1900b0aE.dag/Assembly-CSharp-Editor.dll (+2 others)
[1634/1640  2s] ILPostProcess Library/Bee/artifacts/1900b0aE.dag/post-processed/Assembly-CSharp-Editor.dll (+pdb)
Processing assembly Library/Bee/artifacts/1900b0aE.dag/Assembly-CSharp-Editor.dll, with 142 defines and 393 references

processors: Unity.Jobs.CodeGen.JobsILPostProcessor, zzzUnity.Burst.CodeGen.BurstILPostProcessor

running Unity.Jobs.CodeGen.JobsILPostProcessor

running zzzUnity.Burst.CodeGen.BurstILPostProcessor
[1635/1640  3s] ILPostProcess Library/Bee/artifacts/1900b0aE.dag/post-processed/Assembly-CSharp.dll (+pdb)
Processing assembly Library/Bee/artifacts/1900b0aE.dag/Assembly-CSharp.dll, with 144 defines and 369 references

processors: Unity.Jobs.CodeGen.JobsILPostProcessor, zzzUnity.Burst.CodeGen.BurstILPostProcessor

running Unity.Jobs.CodeGen.JobsILPostProcessor

running zzzUnity.Burst.CodeGen.BurstILPostProcessor
[1636/1640  0s] CopyFiles Library/ScriptAssemblies/Assembly-CSharp.pdb
[1637/1640  0s] CopyFiles Library/ScriptAssemblies/Assembly-CSharp-Editor.pdb
[1638/1640  0s] CopyFiles Library/ScriptAssemblies/Assembly-CSharp-Editor.dll
[1639/1640  0s] CopyFiles Library/ScriptAssemblies/Assembly-CSharp.dll
*** Tundra build success (11.09 seconds), 10 items updated, 1640 evaluated
Reloading assemblies after forced synchronous recompile.
Begin MonoManager ReloadAssembly
[INFO ] [relay] log Domain reload signal received from client editor-15024-3wtulk
Total cache size 266817116
Total cache size after purge 266817116, took 00:00:01.8353541
Symbol file LoadedFromMemory is not a mono symbol file
Symbol file LoadedFromMemory is not a mono symbol file
Refreshing native plugins compatible for Editor in 27.29 ms, found 5 plugins.
Native extension for WindowsStandalone target not found
Native extension for WebGL target not found
[MODES] ModeService[none].Initialize
[MODES] ModeService[none].LoadModes
Refreshing native plugins compatible for Editor in 16.43 ms, found 5 plugins.
[Licensing::Client] Error: Code 404 while processing request (status: Found 0 entitlement groups and 0 free entitlements matching requested entitlement ids)
ScheduleIndexationOnStartup MainProcess:True IndexOnStartup:True
Mono: successfully reloaded assembly
- Finished resetting the current domain, in  6.139 seconds
Domain Reload Profiling: 10431ms
	BeginReloadAssembly (2407ms)
		DisableScriptedObjects (548ms)
		CreateAndSetChildDomain (1173ms)
	RebuildCommonClasses (19ms)
	RebuildNativeTypeToScriptingClass (35ms)
	initialDomainReloadingComplete (379ms)
	LoadAllAssembliesAndSetupDomain (1449ms)
		LoadAssemblies (664ms)
		AnalyzeDomain (752ms)
			TypeCache.Refresh (28ms)
			BuildScriptInfoCaches (702ms)
			ResolveRequiredComponents (18ms)
	FinalizeReload (6142ms)
		SetupLoadedEditorAssemblies (0ms)
			InitializePlatformSupportModulesInManaged (5ms)
			BeforeProcessingInitializeOnLoad (568ms)
			ProcessInitializeOnLoadAttributes (2178ms)
			ProcessInitializeOnLoadMethodAttributes (1045ms)
			AfterProcessingInitializeOnLoad (7ms)
		AwakeInstancesAfterBackupRestoration (1312ms)
Importing 'GUID: 96bd19a587b100040bb8991bcb956fd3 - Path: Assets/skittle_true.asset' with importer (NativeFormatImporter)
Main Object Name 'skittle_true 1' does not match filename 'skittle_true'
Imported 'GUID: 96bd19a587b100040bb8991bcb956fd3' -> (Import Result ID: '929f6b16568c7cfd7ca81061694a95be') in 0.049 seconds [static dependencies only]. Details - ImportResultOutputID=cbb9fec475e67bac3448c85e726ce700 DependenciesID=66f1301592ca90b5b330ebc4d2db15d7 StaticDependenciesID=fa6c299c958fc1da6cf3b4ba041dd043 
Importing 'GUID: 37057503884141f4ebf6086f27f0ea0b - Path: Assets/Rocket.prefab' with importer (PrefabImporter)
Imported 'GUID: 37057503884141f4ebf6086f27f0ea0b' -> (Import Result ID: '5e778a888f2f4f416e6e14891a2b699b') in 0.029 seconds [static and dynamic dependencies]. Details - ImportResultOutputID=7abeb7d20e331aa5bf99921c9b664356 DependenciesID=acf79b590754a1614e7ec5507fd73ced StaticDependenciesID=365ac724acf6844c062bcfda6cbe0924 
Refreshing native plugins compatible for Editor in 18.56 ms, found 5 plugins.

Asset Pipeline Refresh (id=125705f7cccc01746b9c66a959630a76): Total: 32.990 seconds - Initiated by RefreshV2(AllowForceSynchronousImport)
	(Values over 0.05ms)
	Summary:
		Imports: total=2 (actual=2, local cache=0, cache server=0)
		Asset DB Process Time: managed=8 ms, native=7270 ms
		Asset DB Callback time: managed=1078 ms, native=34 ms
		Scripting: domain reloads=1, domain reload time=4892 ms, compile time=19706 ms, other=0 ms
		Project Asset Count: scripts=2160, non-scripts=5554
		Asset File Changes: new=3, changed=3, moved=0, deleted=0
		Scan Filter Count: 0
	InvokePackagesCallback: 19.382ms
	ApplyChangesToAssetFolders: 0.964ms
	Scan: 109.205ms
	Collect global state as custom dependencies: 9.632ms
	OnSourceAssetsModified: 3.787ms
	CategorizeScriptCompilationAssets: 0.092ms
	ProcessAssetsWithTransientArtifactChanges: 15.188ms
	CategorizeAssets: 209.849ms
	CompileScripts: 19706.260ms
	ImportOutOfDateAssets: 6476.699ms (6230.980ms without children)
		ImportManagerImport: 92.962ms (5.027ms without children)
			UpdateCategorizedAssets: 0.103ms
		CollectScriptTypesHashes: 5.481ms
		ReloadNativeAssets: 3.724ms
		UnloadImportedAssets: 3.929ms
		EnsureUptoDateAssetsAreRegisteredWithGuidPM: 3.016ms
		ImportSchedulerStart: 141.952ms
	PostProcessAllAssets: 1072.766ms
		XRBuildSystem.XRAssetImported 1.063ms
		VersionControlSettings.HiddenFilePostprocess 0.151ms
		PostProcessCallbackCreateDeferredMaterials 0.085ms
		MonoPostProcessAllAssets: 1067.625ms
			SyncVS.PostprocessSyncProject 323.910ms
			AssetPostprocessor.OnPostprocessAllAssets 202.792ms
			AssetReferenceReimportMonitor.OnPostprocessAllAssets 67.491ms
			UniversalRenderPipelineGlobalSettingsPostprocessor.OnPostprocessAllAssets 26.224ms
			BuilderAssetPostprocessor.OnPostprocessAllAssets 13.128ms
			AssetChangedListener.OnPostprocessAllAssets 11.916ms
			GraphRefreshPostprocessor.OnPostprocessAllAssets 5.122ms
			SpriteSlicePostprocessor.OnPostprocessAllAssets 4.727ms
			SpeedTree9Postprocessor.OnPostprocessAllAssets 4.198ms
			WindowAssetPostprocessingWatcher.OnPostprocessAllAssets 3.969ms
			RetainedModeAssetPostprocessor.OnPostprocessAllAssets 3.720ms
			ShaderGraphAssetPostProcessor.OnPostprocessAllAssets 3.366ms
			AssetChangeDetector.OnPostprocessAllAssets 2.497ms
			RenderPipelineGlobalSettingsPostprocessor.OnPostprocessAllAssets 1.905ms
			ArtifactBrowserPostProcessor.OnPostprocessAllAssets 1.532ms
			MaterialPostprocessor.OnPostprocessAllAssets 1.485ms
			TMPro_TexturePostProcessor.OnPostprocessAllAssets 1.304ms
			SpriteEditorTexturePostprocessor.OnPostprocessAllAssets 1.198ms
			SkillsProjectAssetPostprocessor.OnPostprocessAllAssets 1.176ms
			ShaderReflectionAssetPostProcessor.OnPostprocessAllAssets 1.046ms
			SampleDependencyImporterPostProcessor.OnPostprocessAllAssets 0.999ms
			ReferencedClipsPostProcessor.OnPostprocessAllAssets 0.983ms
			InputActionJsonNameModifierAssetProcessor.OnPostprocessAllAssets 0.918ms
			AudioMixerPostprocessor.OnPostprocessAllAssets 0.905ms
			ModelAssetProcessor.OnPostprocessAllAssets 0.827ms
			UVCSAssetPostprocessor.OnPostprocessAllAssets 0.756ms
			InputActionAssetPostprocessor.OnPostprocessAllAssets 0.754ms
			StyleCatalogPostProcessor.OnPostprocessAllAssets 0.690ms
			TextAssetPostProcessor.OnPostprocessAllAssets 0.664ms
			PostProcessor.OnPostprocessAllAssets 0.643ms
			AssetEvents.OnPostprocessAllAssets 0.602ms
			ProjectSettingsPostprocessor.OnPostprocessAllAssets 0.435ms
			SpeedTreePostProcessor.OnPostprocessAllAssets 0.350ms
			SamplePostprocessor.OnPostprocessAllAssets 0.293ms
			TerrainToolbarOverlayPostProcessor.OnPostprocessAllAssets 0.289ms
			AssetDatabaseCallbacks.OnPostprocessAllAssets 0.277ms
			ConfigAssetsTracker.OnPostprocessAllAssets 0.259ms
			ScenarioDriftAssetsTracker.OnPostprocessAllAssets 0.248ms
			AudioContainerPostProcessor.OnPostprocessAllAssets 0.227ms
			TrackSelectedAssetsProcessor.OnPostprocessAllAssets 0.222ms
	PostAssetChangesProfiler: 31.561ms
	GatherAllCurrentPrimaryImportResultRevisions: 1.284ms
	UnloadStreamsBegin: 0.089ms
	PersistCurrentRevisions: 0.730ms
	GenerateScriptTypeHashes: 12.505ms
	GenerateScriptTypeSerializationHashes: 20.690ms
	Untracked: 5313.601ms

[Licensing::Client] Error: Code 404 while processing request (status: Found 0 entitlement groups and 0 free entitlements matching requested entitlement ids)
[Licensing::Client] Error: Code 404 while processing request (status: Found 0 entitlement groups and 0 free entitlements matching requested entitlement ids)
[Licensing::Client] Successfully resolved entitlement details
[Licensing::Client] Successfully resolved entitlement details
[Licensing::Client] Successfully resolved entitlement details
[RelayService] Bus validation failed: TaskCanceledException: A task was canceled.
UnityEngine.Debug:ExtractStackTraceNoAlloc (byte*,int,string)
UnityEngine.StackTraceUtility:ExtractStackTrace ()
UnityEngine.DebugLogHandler:Internal_Log (UnityEngine.LogType,UnityEngine.LogOption,string,UnityEngine.Object)
UnityEngine.DebugLogHandler:LogFormat (UnityEngine.LogType,UnityEngine.Object,string,object[])
UnityEngine.Logger:Log (UnityEngine.LogType,object)
UnityEngine.Debug:LogWarning (object)
Unity.Relay.Editor.RelayService/<TryConnectAsync>d__103:MoveNext () (at ./Library/PackageCache/com.unity.ai.assistant@6fee27370e6a/Editor/Assistant/Relay/RelayService.cs:761)
System.Runtime.CompilerServices.AsyncMethodBuilderCore/MoveNextRunner:InvokeMoveNext (object)
System.Threading.ExecutionContext:RunInternal (System.Threading.ExecutionContext,System.Threading.ContextCallback,object,bool)
System.Threading.ExecutionContext:Run (System.Threading.ExecutionContext,System.Threading.ContextCallback,object,bool)
System.Runtime.CompilerServices.AsyncMethodBuilderCore/MoveNextRunner:Run ()
System.Threading.Tasks.AwaitTaskContinuation:RunOrScheduleAction (System.Action,bool,System.Threading.Tasks.Task&)
System.Threading.Tasks.Task:FinishContinuations ()
System.Threading.Tasks.Task:FinishStageThree ()
System.Threading.Tasks.Task`1<bool>:TrySetResult (bool)
System.Runtime.CompilerServices.AsyncTaskMethodBuilder`1<bool>:SetResult (bool)
Unity.Relay.Editor.RelayService/<ValidateRelayViaBusAsync>d__113:MoveNext () (at ./Library/PackageCache/com.unity.ai.assistant@6fee27370e6a/Editor/Assistant/Relay/RelayService.cs:1072)
System.Runtime.CompilerServices.AsyncMethodBuilderCore/MoveNextRunner:InvokeMoveNext (object)
System.Threading.ExecutionContext:RunInternal (System.Threading.ExecutionContext,System.Threading.ContextCallback,object,bool)
System.Threading.ExecutionContext:Run (System.Threading.ExecutionContext,System.Threading.ContextCallback,object,bool)
System.Runtime.CompilerServices.AsyncMethodBuilderCore/MoveNextRunner:Run ()
System.Threading.Tasks.AwaitTaskContinuation:RunOrScheduleAction (System.Action,bool,System.Threading.Tasks.Task&)
System.Threading.Tasks.Task:FinishContinuations ()
System.Threading.Tasks.Task:FinishStageThree ()
System.Threading.Tasks.Task:CancellationCleanupLogic ()
System.Threading.Tasks.Task:TrySetCanceled (System.Threading.CancellationToken,object)
System.Runtime.CompilerServices.AsyncTaskMethodBuilder`1<Unity.Relay.InfoResponse>:SetException (System.Exception)
Unity.Relay.RelayBus/<CallAsync>d__19`2<Unity.Relay.InfoRequest, Unity.Relay.InfoResponse>:MoveNext () (at ./Library/PackageCache/com.unity.ai.assistant@6fee27370e6a/Editor/Assistant/Relay/Bus/RelayBus.cs:173)
System.Runtime.CompilerServices.AsyncMethodBuilderCore/MoveNextRunner:InvokeMoveNext (object)
System.Threading.ExecutionContext:RunInternal (System.Threading.ExecutionContext,System.Threading.ContextCallback,object,bool)
System.Threading.ExecutionContext:Run (System.Threading.ExecutionContext,System.Threading.ContextCallback,object,bool)
System.Runtime.CompilerServices.AsyncMethodBuilderCore/MoveNextRunner:Run ()
System.Threading.Tasks.AwaitTaskContinuation:RunOrScheduleAction (System.Action,bool,System.Threading.Tasks.Task&)
System.Threading.Tasks.Task:FinishContinuations ()
System.Threading.Tasks.Task:FinishStageThree ()
System.Threading.Tasks.Task:CancellationCleanupLogic ()
System.Threading.Tasks.Task:TrySetCanceled (System.Threading.CancellationToken,object)
System.Runtime.CompilerServices.AsyncTaskMethodBuilder`1<Unity.Relay.InfoResponse>:SetException (System.Exception)
Unity.Relay.RelayBus/<CallCoreAsync>d__21`2<Unity.Relay.InfoRequest, Unity.Relay.InfoResponse>:MoveNext () (at ./Library/PackageCache/com.unity.ai.assistant@6fee27370e6a/Editor/Assistant/Relay/Bus/RelayBus.cs:222)
System.Runtime.CompilerServices.AsyncMethodBuilderCore/MoveNextRunner:InvokeMoveNext (object)
System.Threading.ExecutionContext:RunInternal (System.Threading.ExecutionContext,System.Threading.ContextCallback,object,bool)
System.Threading.ExecutionContext:Run (System.Threading.ExecutionContext,System.Threading.ContextCallback,object,bool)
System.Runtime.CompilerServices.AsyncMethodBuilderCore/MoveNextRunner:Run ()
System.Threading.Tasks.AwaitTaskContinuation:System.Threading.IThreadPoolWorkItem.ExecuteWorkItem ()
System.Threading.ThreadPoolWorkQueue:Dispatch ()
System.Threading._ThreadPoolWaitCallback:PerformWaitCallback ()

(Filename: ./Library/PackageCache/com.unity.ai.assistant@6fee27370e6a/Editor/Assistant/Relay/RelayService.cs Line: 761)

UPID Received 'ca0305d8-fd50-418a-928d-79e1b140c2d6'.
[Licensing::Client] Error: Code 404 while processing request (status: Found 0 entitlement groups and 0 free entitlements matching requested entitlement ids)
[Licensing::Client] Error: Code 404 while processing request (status: Found 0 entitlement groups and 0 free entitlements matching requested entitlement ids)
[Licensing::Client] Error: Code 404 while processing request (status: Found 0 entitlement groups and 0 free entitlements matching requested entitlement ids)
[Licensing::Client] Error: Code 404 while processing request (status: Found 0 entitlement groups and 0 free entitlements matching requested entitlement ids)
[Licensing::Client] Error: Code 404 while processing request (status: Found 0 entitlement groups and 0 free entitlements matching requested entitlement ids)
[Licensing::Client] Error: Code 404 while processing request (status: Found 0 entitlement groups and 0 free entitlements matching requested entitlement ids)
[Licensing::Client] Error: Code 404 while processing request (status: Found 0 entitlement groups and 0 free entitlements matching requested entitlement ids)
[Licensing::Client] Error: Code 404 while processing request (status: Found 0 entitlement groups and 0 free entitlements matching requested entitlement ids)
Scanning for USB devices : 3.133ms
Scanning for USB devices : 2.706ms
Scanning for USB devices : 3.483ms
Scanning for USB devices : 4.878ms
Scanning for USB devices : 3.285ms
Scanning for USB devices : 2.438ms
Scanning for USB devices : 4.354ms
Scanning for USB devices : 2.377ms
Scanning for USB devices : 2.124ms
Scanning for USB devices : 4.130ms
Scanning for USB devices : 4.283ms
Scanning for USB devices : 3.847ms
Scanning for USB devices : 2.482ms
Scanning for USB devices : 3.264ms
Scanning for USB devices : 2.259ms
Scanning for USB devices : 2.078ms
Scanning for USB devices : 2.471ms
Scanning for USB devices : 1.323ms
[INFO ] [relay] log Client disconnected - blocking and caching for recovery
[WARN ] [relay] connection.lost clientId=null
[WARN ] [relay] log Client disconnected - sessions will persist until auto-shutdown, reason: Client disconnected
[INFO ] [relay] log Auto-shutdown timer started due to client disconnection
Asset Pipeline Refresh (id=85abc2aa386d4684fbac5b7aec1e3699): Total: 0.096 seconds - Initiated by RefreshV2(AllowForceSynchronousImport)
[Licensing::Client] Error: Code 404 while processing request (status: Found 0 entitlement groups and 0 free entitlements matching requested entitlement ids)
[Worker0] Imported GUID: 96bd19a587b100040bb8991bcb956fd3 - Path: Assets/skittle_true.asset - Importer: PreviewImporter -> (ImportResultId: '8fe319698243d4f76fb4a8950f7ccfa6') in 0.3409301 seconds
Loaded scene 'Library/Unused/30cd99fde538e0641bc1af277f0bebec'
	Deserialize:            0.807 ms
	Integration:            0.882 ms
	Integration of assets:  0.003 ms
	Thread Wait Time:       0.050 ms
	Total Operation Time:   1.743 ms
Unloading 10 Unused Serialized files (Serialized files now loaded: 0)
Unloading 128 unused Assets / (92.9 KB). Loaded Objects now: 13111.
Memory consumption went from 0.85 GB to 0.85 GB.
Total: 57.904000 ms (FindLiveObjects: 2.155100 ms CreateObjectMapping: 5.092600 ms MarkObjects: 48.869700 ms  DeleteObjects: 1.782100 ms)

Unloading 4 Unused Serialized files (Serialized files now loaded: 0)
Unloading 5 unused Assets / (65.5 KB). Loaded Objects now: 13144.
Memory consumption went from 0.86 GB to 0.86 GB.
Total: 53.806400 ms (FindLiveObjects: 1.825600 ms CreateObjectMapping: 5.215500 ms MarkObjects: 46.557800 ms  DeleteObjects: 0.204500 ms)

[INFO ] [relay] log Auto-shutdown timer fired after 180s inactivity, shutting down: Dedicated client disconnected
[INFO ] [relay] log Shutdown: Initiating graceful shutdown: Dedicated client disconnected
connection.state_change
oldState=Running newState=Failed error=Process exited unexpectedly. code=0
UnityEngine.Debug:ExtractStackTraceNoAlloc (byte*,int,string)
UnityEngine.StackTraceUtility:ExtractStackTrace ()
UnityEngine.DebugLogHandler:Internal_Log (UnityEngine.LogType,UnityEngine.LogOption,string,UnityEngine.Object)
UnityEngine.DebugLogHandler:LogFormat (UnityEngine.LogType,UnityEngine.Object,string,object[])
UnityEngine.Logger:Log (UnityEngine.LogType,object)
UnityEngine.Debug:LogError (object)
Unity.AI.Tracing.ConsoleSink:LogToConsole (string,string,System.Exception) (at ./Library/PackageCache/com.unity.ai.assistant@6fee27370e6a/Modules/Unity.AI.Tracing/TraceSinks.cs:307)
Unity.AI.Tracing.ConsoleSink:Write (Unity.AI.Tracing.TraceEvent) (at ./Library/PackageCache/com.unity.ai.assistant@6fee27370e6a/Modules/Unity.AI.Tracing/TraceSinks.cs:277)
Unity.AI.Tracing.TraceWriter:WriteEventInternal (string,string,Unity.AI.Tracing.TraceEventOptions,string,System.Nullable`1<int>) (at ./Library/PackageCache/com.unity.ai.assistant@6fee27370e6a/Modules/Unity.AI.Tracing/TraceWriter.cs:373)
Unity.AI.Tracing.TraceWriter:Event (string,Unity.AI.Tracing.TraceEventOptions) (at ./Library/PackageCache/com.unity.ai.assistant@6fee27370e6a/Modules/Unity.AI.Tracing/TraceWriter.cs:297)
Unity.AI.Tracing.Trace:Event (string,Unity.AI.Tracing.TraceEventOptions) (at ./Library/PackageCache/com.unity.ai.assistant@6fee27370e6a/Modules/Unity.AI.Tracing/Trace.cs:79)
Unity.Relay.Editor.RelayService:TransitionTo (Unity.Relay.Editor.RelayStatus,string) (at ./Library/PackageCache/com.unity.ai.assistant@6fee27370e6a/Editor/Assistant/Relay/RelayService.cs:1229)
Unity.Relay.Editor.RelayService/<>c__DisplayClass117_0:<SetupProcessMonitoring>b__1 () (at ./Library/PackageCache/com.unity.ai.assistant@6fee27370e6a/Editor/Assistant/Relay/RelayService.cs:1163)
Unity.AI.Toolkit.EditorTask/<>c__DisplayClass21_0:<DelayCall>b__0 () (at ./Library/PackageCache/com.unity.ai.assistant@6fee27370e6a/Modules/Unity.AI.Toolkit.Async/EditorTask.cs:375)
UnityEditor.EditorApplication:Internal_CallUpdateFunctions ()

(Filename: ./Library/PackageCache/com.unity.ai.assistant@6fee27370e6a/Modules/Unity.AI.Tracing/TraceSinks.cs Line: 307)

Importing 'GUID: 0000000000000000b000000000000000 - Path: ProjectSettings/EditorBuildSettings.asset' with importer (LibraryAssetImporter)
Imported 'GUID: 0000000000000000b000000000000000' -> (Import Result ID: '541f0aa03b4be460d0fe9007ce7a638d') in 0.006 seconds [static dependencies only]. Details - ImportResultOutputID=4647dd083cfc32cebcd7526e8846440c DependenciesID=1079207d88d50fb71db1e1182d3de812 StaticDependenciesID=e92df6a8cdf153797870494d84f2c9d1 
Refreshing native plugins compatible for Editor in 15.15 ms, found 5 plugins.
Asset Pipeline Refresh (id=30d3637e6e032c24aab32032d577d800): Total: 0.293 seconds - Initiated by StopAssetImportingV2(NoUpdateAssetOptions)
Importing 'GUID: 99c9720ab356a0642a771bea13969a05 - Path: Assets/Scenes/GameScene.unity' with importer (DefaultImporter)
Imported 'GUID: 99c9720ab356a0642a771bea13969a05' -> (Import Result ID: 'ce7d8547cee23a6f8802b771d433b22c') in 0.030 seconds [static dependencies only]. Details - ImportResultOutputID=204cd3d35d55972754313a6d1042cb8d DependenciesID=d33f13582931df0269d00774f64fda92 StaticDependenciesID=7e9711e463487acf7e13d0b94b866010 
Refreshing native plugins compatible for Editor in 14.72 ms, found 5 plugins.

Asset Pipeline Refresh (id=50634702ec01fb44e8d8de50a63b8a3d): Total: 0.312 seconds - Initiated by StopAssetImportingV2(NoUpdateAssetOptions)
	(Values over 0.05ms)
	Summary:
		Imports: total=1 (actual=1, local cache=0, cache server=0)
		Asset DB Process Time: managed=0 ms, native=286 ms
		Asset DB Callback time: managed=7 ms, native=17 ms
		Scripting: domain reloads=0, domain reload time=0 ms, compile time=0 ms, other=0 ms
		Project Asset Count: scripts=2160, non-scripts=5554
		Asset File Changes: new=0, changed=1, moved=0, deleted=0
		Scan Filter Count: 3
	ApplyChangesToAssetFolders: 0.290ms
	Scan: 27.679ms
	Collect global state as custom dependencies: 0.131ms
	OnSourceAssetsModified: 1.415ms
	ProcessAssetsWithTransientArtifactChanges: 0.126ms
	CategorizeAssets: 55.407ms
	ImportOutOfDateAssets: 188.451ms (23.911ms without children)
		ImportManagerImport: 33.794ms (0.984ms without children)
			UpdateCategorizedAssets: 0.062ms
		ReloadNativeAssets: 0.097ms
		UnloadImportedAssets: 0.592ms
		EnsureUptoDateAssetsAreRegisteredWithGuidPM: 2.489ms
		ImportSchedulerStart: 127.523ms
	PostProcessAllAssets: 7.430ms
		XRBuildSystem.XRAssetImported 1.418ms
		MonoPostProcessAllAssets: 5.700ms
			SyncVS.PostprocessSyncProject 3.791ms
			ModelAssetProcessor.OnPostprocessAllAssets 0.262ms
			SpriteEditorTexturePostprocessor.OnPostprocessAllAssets 0.166ms
			RenderPipelineGlobalSettingsPostprocessor.OnPostprocessAllAssets 0.143ms
			ShaderGraphAssetPostProcessor.OnPostprocessAllAssets 0.135ms
			AssetChangedListener.OnPostprocessAllAssets 0.110ms
			GraphRefreshPostprocessor.OnPostprocessAllAssets 0.108ms
			AssetPostprocessor.OnPostprocessAllAssets 0.107ms
	PostAssetChangesProfiler: 15.917ms
	GatherAllCurrentPrimaryImportResultRevisions: 0.725ms
	PersistCurrentRevisions: 0.707ms
	Untracked: 13.425ms

Asset Pipeline Refresh (id=ca1a372e1e2396346b66a8a02fdd5953): Total: 0.079 seconds - Initiated by RefreshV2(AllowForceSynchronousImport)
[Licensing::Client] Error: Code 404 while processing request (status: Found 0 entitlement groups and 0 free entitlements matching requested entitlement ids)
Asset Pipeline Refresh (id=359a1a9a520c8274f82eb37117688bd1): Total: 0.029 seconds - Initiated by RefreshV2(AllowForceSynchronousImport)
[Licensing::Client] Error: Code 404 while processing request (status: Found 0 entitlement groups and 0 free entitlements matching requested entitlement ids)
Launched and connected shader compiler UnityShaderCompiler.exe after 0.08 seconds
Launched and connected shader compiler UnityShaderCompiler.exe after 0.04 seconds
Importing 'GUID: 99c9720ab356a0642a771bea13969a05 - Path: Assets/Scenes/GameScene.unity' with importer (DefaultImporter)
Imported 'GUID: 99c9720ab356a0642a771bea13969a05' -> (Import Result ID: 'cc2cb6e7d287c28fee9c264228502827') in 0.003 seconds [static dependencies only]. Details - ImportResultOutputID=204cd3d35d55972754313a6d1042cb8d DependenciesID=8192f2145633f688e13dbaca2e71b953 StaticDependenciesID=c6c3ee02f77cd3b5806372d338ea5a3a 
Refreshing native plugins compatible for Editor in 13.95 ms, found 5 plugins.

Asset Pipeline Refresh (id=a7f0aab66e936d747b7627f9409f61c3): Total: 0.326 seconds - Initiated by StopAssetImportingV2(NoUpdateAssetOptions)
	(Values over 0.05ms)
	Summary:
		Imports: total=1 (actual=1, local cache=0, cache server=0)
		Asset DB Process Time: managed=0 ms, native=300 ms
		Asset DB Callback time: managed=6 ms, native=18 ms
		Scripting: domain reloads=0, domain reload time=0 ms, compile time=0 ms, other=0 ms
		Project Asset Count: scripts=2160, non-scripts=5554
		Asset File Changes: new=0, changed=1, moved=0, deleted=0
		Scan Filter Count: 3
	ApplyChangesToAssetFolders: 0.287ms
	Scan: 28.846ms
	Collect global state as custom dependencies: 0.120ms
	OnSourceAssetsModified: 0.127ms
	ProcessAssetsWithTransientArtifactChanges: 0.265ms
	CategorizeAssets: 51.490ms
	ImportOutOfDateAssets: 198.142ms (27.959ms without children)
		ImportManagerImport: 41.886ms (2.173ms without children)
			UpdateCategorizedAssets: 0.126ms
		ReloadNativeAssets: 0.126ms
		UnloadImportedAssets: 0.342ms
		EnsureUptoDateAssetsAreRegisteredWithGuidPM: 2.380ms
		ImportSchedulerStart: 125.402ms
	PostProcessAllAssets: 7.880ms
		XRBuildSystem.XRAssetImported 1.114ms
		MonoPostProcessAllAssets: 6.392ms
			SyncVS.PostprocessSyncProject 3.929ms
			SpriteEditorTexturePostprocessor.OnPostprocessAllAssets 0.294ms
			ModelAssetProcessor.OnPostprocessAllAssets 0.261ms
			ShaderGraphAssetPostProcessor.OnPostprocessAllAssets 0.213ms
			RenderPipelineGlobalSettingsPostprocessor.OnPostprocessAllAssets 0.190ms
			AssetChangedListener.OnPostprocessAllAssets 0.133ms
			GraphRefreshPostprocessor.OnPostprocessAllAssets 0.123ms
			AssetPostprocessor.OnPostprocessAllAssets 0.121ms
			SpriteSlicePostprocessor.OnPostprocessAllAssets 0.086ms
	PostAssetChangesProfiler: 17.136ms
	GatherAllCurrentPrimaryImportResultRevisions: 1.028ms
	UnloadStreamsBegin: 4.053ms
	PersistCurrentRevisions: 0.660ms
	Untracked: 15.756ms

Asset Pipeline Refresh (id=bf65716fdb9d2dc45b972c9e69d6b4cf): Total: 0.076 seconds - Initiated by RefreshV2(AllowForceSynchronousImport)
[Licensing::Client] Error: Code 404 while processing request (status: Found 0 entitlement groups and 0 free entitlements matching requested entitlement ids)
Importing 'GUID: 026498f14de7e614193d710dff4a07e2 - Path: Assets/スクリーンショット 2026-07-15 145640.png' with importer (TextureImporter)
Imported 'GUID: 026498f14de7e614193d710dff4a07e2' -> (Import Result ID: 'b5869fac98c91dc5df7962d43bb7401c') in 0.141 seconds [static and dynamic dependencies]. Details - ImportResultOutputID=e83187007623a4ba4f324039a879e46c DependenciesID=b4589b21d7c7052675bbd442cdd2a583 StaticDependenciesID=e37133d8582b67a03d3fc932df03a918 
Refreshing native plugins compatible for Editor in 15.18 ms, found 5 plugins.

Asset Pipeline Refresh (id=5b769dc1634ccea409ea16c1281a2de3): Total: 0.689 seconds - Initiated by RefreshV2(AllowForceSynchronousImport)
	(Values over 0.05ms)
	Summary:
		Imports: total=1 (actual=1, local cache=0, cache server=0)
		Asset DB Process Time: managed=2 ms, native=611 ms
		Asset DB Callback time: managed=53 ms, native=21 ms
		Scripting: domain reloads=0, domain reload time=0 ms, compile time=0 ms, other=0 ms
		Project Asset Count: scripts=2160, non-scripts=5555
		Asset File Changes: new=1, changed=1, moved=0, deleted=0
		Scan Filter Count: 0
	InvokePackagesCallback: 4.175ms
	ApplyChangesToAssetFolders: 0.224ms
	Scan: 226.091ms
	Collect global state as custom dependencies: 0.159ms
	OnSourceAssetsModified: 0.205ms
	ProcessAssetsWithTransientArtifactChanges: 0.132ms
	CategorizeAssets: 61.181ms
	ImportOutOfDateAssets: 293.797ms (26.334ms without children)
		ImportManagerImport: 146.495ms (0.894ms without children)
			UpdateCategorizedAssets: 0.061ms
		ReloadNativeAssets: 0.138ms
		UnloadImportedAssets: 0.366ms
		EnsureUptoDateAssetsAreRegisteredWithGuidPM: 1.918ms
		ImportSchedulerStart: 118.505ms
	PostProcessAllAssets: 47.828ms
		XRBuildSystem.XRAssetImported 1.287ms
		VersionControlSettings.HiddenFilePostprocess 0.061ms
		MonoPostProcessAllAssets: 45.976ms
			SpriteSlicePostprocessor.OnPostprocessAllAssets 37.219ms
			SyncVS.PostprocessSyncProject 4.350ms
			TextAssetPostProcessor.OnPostprocessAllAssets 1.289ms
			TMPro_TexturePostProcessor.OnPostprocessAllAssets 0.556ms
			ShaderGraphAssetPostProcessor.OnPostprocessAllAssets 0.464ms
			ModelAssetProcessor.OnPostprocessAllAssets 0.282ms
			SpriteEditorTexturePostprocessor.OnPostprocessAllAssets 0.173ms
			AssetPostprocessor.OnPostprocessAllAssets 0.172ms
			AssetChangedListener.OnPostprocessAllAssets 0.143ms
			RenderPipelineGlobalSettingsPostprocessor.OnPostprocessAllAssets 0.129ms
			GraphRefreshPostprocessor.OnPostprocessAllAssets 0.127ms
			InputActionAssetPostprocessor.OnPostprocessAllAssets 0.086ms
			AssetReferenceReimportMonitor.OnPostprocessAllAssets 0.069ms
	PostAssetChangesProfiler: 24.311ms
	GatherAllCurrentPrimaryImportResultRevisions: 0.716ms
	PersistCurrentRevisions: 0.841ms
	Untracked: 28.979ms

[Licensing::Client] Error: Code 404 while processing request (status: Found 0 entitlement groups and 0 free entitlements matching requested entitlement ids)
Importing 'GUID: 6533f45107a324e4d89c2674a3a7c280 - Path: Assets/number.mat' with importer (NativeFormatImporter)
Imported 'GUID: 6533f45107a324e4d89c2674a3a7c280' -> (Import Result ID: 'd15567c1858dd15d25df1d66e2f48bb6') in 0.042 seconds [static dependencies only]. Details - ImportResultOutputID=75f771fef3438f844e5f7729fed15a53 DependenciesID=ab3cdb84f1dce24cb54afeded07ddb4b StaticDependenciesID=10c3b66ad3586e7d9bc55e6cbfc7b3a8 
Refreshing native plugins compatible for Editor in 14.97 ms, found 5 plugins.

Asset Pipeline Refresh (id=8f1892420c7554f448516584e25bd24a): Total: 0.349 seconds - Initiated by StopAssetImportingV2(NoUpdateAssetOptions)
	(Values over 0.05ms)
	Summary:
		Imports: total=1 (actual=1, local cache=0, cache server=0)
		Asset DB Process Time: managed=0 ms, native=287 ms
		Asset DB Callback time: managed=43 ms, native=18 ms
		Scripting: domain reloads=0, domain reload time=0 ms, compile time=0 ms, other=0 ms
		Project Asset Count: scripts=2160, non-scripts=5555
		Asset File Changes: new=0, changed=1, moved=0, deleted=0
		Scan Filter Count: 2
	ApplyChangesToAssetFolders: 0.281ms
	Scan: 33.722ms
	Collect global state as custom dependencies: 0.150ms
	OnSourceAssetsModified: 0.146ms
	ProcessAssetsWithTransientArtifactChanges: 0.150ms
	CategorizeAssets: 56.511ms
	ImportOutOfDateAssets: 185.384ms (23.814ms without children)
		ImportManagerImport: 47.781ms (2.476ms without children)
			UpdateCategorizedAssets: 0.071ms
		ReloadNativeAssets: 0.138ms
		UnloadImportedAssets: 0.388ms
		EnsureUptoDateAssetsAreRegisteredWithGuidPM: 2.292ms
		ImportSchedulerStart: 110.928ms
	PostProcessAllAssets: 44.737ms
		XRBuildSystem.XRAssetImported 1.179ms
		MonoPostProcessAllAssets: 43.195ms
			MaterialPostprocessor.OnPostprocessAllAssets 27.834ms
			SpriteEditorTexturePostprocessor.OnPostprocessAllAssets 7.367ms
			SyncVS.PostprocessSyncProject 5.380ms
			ModelAssetProcessor.OnPostprocessAllAssets 0.409ms
			RenderPipelineGlobalSettingsPostprocessor.OnPostprocessAllAssets 0.166ms
			GraphRefreshPostprocessor.OnPostprocessAllAssets 0.161ms
			AssetPostprocessor.OnPostprocessAllAssets 0.120ms
			AssetChangedListener.OnPostprocessAllAssets 0.114ms
			ShaderGraphAssetPostProcessor.OnPostprocessAllAssets 0.097ms
	PostAssetChangesProfiler: 16.588ms
	GatherAllCurrentPrimaryImportResultRevisions: 0.842ms
	UnloadStreamsBegin: 0.212ms
	PersistCurrentRevisions: 0.766ms
	UnloadStreamsEnd: 0.100ms
	Untracked: 9.782ms

Importing 'GUID: 99c9720ab356a0642a771bea13969a05 - Path: Assets/Scenes/GameScene.unity' with importer (DefaultImporter)
Imported 'GUID: 99c9720ab356a0642a771bea13969a05' -> (Import Result ID: 'ec859547c184b72530d497cd08474501') in 0.003 seconds [static dependencies only]. Details - ImportResultOutputID=204cd3d35d55972754313a6d1042cb8d DependenciesID=3eaa2b33cb2587cf720251c847b64594 StaticDependenciesID=58037cd9190d78ad072fdc787cd0c27d 
Refreshing native plugins compatible for Editor in 20.43 ms, found 5 plugins.

Asset Pipeline Refresh (id=79b90cffa399d574a8cfbb517008c8d4): Total: 0.307 seconds - Initiated by StopAssetImportingV2(NoUpdateAssetOptions)
	(Values over 0.05ms)
	Summary:
		Imports: total=1 (actual=1, local cache=0, cache server=0)
		Asset DB Process Time: managed=0 ms, native=277 ms
		Asset DB Callback time: managed=5 ms, native=23 ms
		Scripting: domain reloads=0, domain reload time=0 ms, compile time=0 ms, other=0 ms
		Project Asset Count: scripts=2160, non-scripts=5555
		Asset File Changes: new=0, changed=1, moved=0, deleted=0
		Scan Filter Count: 3
	ApplyChangesToAssetFolders: 0.263ms
	Scan: 32.419ms
	Collect global state as custom dependencies: 0.120ms
	OnSourceAssetsModified: 0.150ms
	ProcessAssetsWithTransientArtifactChanges: 0.185ms
	CategorizeAssets: 50.914ms
	ImportOutOfDateAssets: 180.844ms (23.757ms without children)
		ImportManagerImport: 43.197ms (1.516ms without children)
			UpdateCategorizedAssets: 0.099ms
		ReloadNativeAssets: 0.126ms
		UnloadImportedAssets: 0.434ms
		EnsureUptoDateAssetsAreRegisteredWithGuidPM: 2.120ms
		ImportSchedulerStart: 111.169ms
	PostProcessAllAssets: 7.103ms
		XRBuildSystem.XRAssetImported 1.256ms
		MonoPostProcessAllAssets: 5.457ms
			SyncVS.PostprocessSyncProject 3.336ms
			ModelAssetProcessor.OnPostprocessAllAssets 0.293ms
			SpriteEditorTexturePostprocessor.OnPostprocessAllAssets 0.182ms
			RenderPipelineGlobalSettingsPostprocessor.OnPostprocessAllAssets 0.155ms
			GraphRefreshPostprocessor.OnPostprocessAllAssets 0.126ms
			AssetPostprocessor.OnPostprocessAllAssets 0.122ms
			AssetChangedListener.OnPostprocessAllAssets 0.097ms
			ShaderGraphAssetPostProcessor.OnPostprocessAllAssets 0.092ms
	PostAssetChangesProfiler: 22.101ms
	GatherAllCurrentPrimaryImportResultRevisions: 0.843ms
	PersistCurrentRevisions: 0.678ms
	Untracked: 11.103ms

Importing 'GUID: 451aeec87e8dfb6458145d4f1af0f788 - Path: Assets/Materials' with importer (DefaultImporter)
Imported 'GUID: 451aeec87e8dfb6458145d4f1af0f788' -> (Import Result ID: '719603df11af6a32c01cbb80d9c7a5ce') in 0.012 seconds [static dependencies only]. Details - ImportResultOutputID=2ddf921bc26b78eb23663c0b26c91888 DependenciesID=364a0f0b7261462301f74fee330a965d StaticDependenciesID=e1c1cc2bbbc65cc010eb1485eda297c0 
Refreshing native plugins compatible for Editor in 18.20 ms, found 5 plugins.

Asset Pipeline Refresh (id=39a469b4b24969d4381833dc6facee42): Total: 0.308 seconds - Initiated by StopAssetImportingV2(NoUpdateAssetOptions)
	(Values over 0.05ms)
	Summary:
		Imports: total=1 (actual=1, local cache=0, cache server=0)
		Asset DB Process Time: managed=0 ms, native=271 ms
		Asset DB Callback time: managed=14 ms, native=21 ms
		Scripting: domain reloads=0, domain reload time=0 ms, compile time=0 ms, other=0 ms
		Project Asset Count: scripts=2161, non-scripts=5555
		Asset File Changes: new=1, changed=1, moved=0, deleted=0
		Scan Filter Count: 2
	ApplyChangesToAssetFolders: 0.370ms
	Scan: 38.919ms
	Collect global state as custom dependencies: 0.143ms
	OnSourceAssetsModified: 0.173ms
	ProcessAssetsWithTransientArtifactChanges: 0.124ms
	CategorizeAssets: 51.659ms
	ImportOutOfDateAssets: 161.573ms (23.139ms without children)
		ImportManagerImport: 17.557ms (0.473ms without children)
			UpdateCategorizedAssets: 0.057ms
		ReloadNativeAssets: 0.158ms
		UnloadImportedAssets: 0.336ms
		EnsureUptoDateAssetsAreRegisteredWithGuidPM: 1.927ms
		ImportSchedulerStart: 118.448ms
	PostProcessAllAssets: 7.131ms
		XRBuildSystem.XRAssetImported 1.130ms
		VersionControlSettings.HiddenFilePostprocess 0.071ms
		MonoPostProcessAllAssets: 5.510ms
			SyncVS.PostprocessSyncProject 3.550ms
			ModelAssetProcessor.OnPostprocessAllAssets 0.275ms
			SpriteEditorTexturePostprocessor.OnPostprocessAllAssets 0.199ms
			RenderPipelineGlobalSettingsPostprocessor.OnPostprocessAllAssets 0.120ms
			AssetPostprocessor.OnPostprocessAllAssets 0.108ms
			GraphRefreshPostprocessor.OnPostprocessAllAssets 0.106ms
			AssetChangedListener.OnPostprocessAllAssets 0.102ms
			ShaderGraphAssetPostProcessor.OnPostprocessAllAssets 0.069ms
	PostAssetChangesProfiler: 28.540ms
	GatherAllCurrentPrimaryImportResultRevisions: 0.969ms
	UnloadStreamsBegin: 4.166ms
	PersistCurrentRevisions: 0.669ms
	Untracked: 13.283ms

Importing 'GUID: 47ad19502852ab54491c964ff3480667 - Path: Assets/Materials/スクリーンショット 2026-07-15 145640.mat' with importer (NativeFormatImporter)
Imported 'GUID: 47ad19502852ab54491c964ff3480667' -> (Import Result ID: '91f5a67e1dfb933ad9e80d614e392011') in 0.005 seconds [static dependencies only]. Details - ImportResultOutputID=035df1dcae2d99fd69e488bc7616660d DependenciesID=f827186e58376360cbd4014bceb1bff8 StaticDependenciesID=aaca418db7551602a3beba2bcb581bb8 
Refreshing native plugins compatible for Editor in 15.83 ms, found 5 plugins.

Asset Pipeline Refresh (id=a6dde39c84bbf284285f99d7cc046ef6): Total: 0.313 seconds - Initiated by StopAssetImportingV2(NoUpdateAssetOptions)
	(Values over 0.05ms)
	Summary:
		Imports: total=1 (actual=1, local cache=0, cache server=0)
		Asset DB Process Time: managed=0 ms, native=271 ms
		Asset DB Callback time: managed=22 ms, native=19 ms
		Scripting: domain reloads=0, domain reload time=0 ms, compile time=0 ms, other=0 ms
		Project Asset Count: scripts=2161, non-scripts=5556
		Asset File Changes: new=1, changed=1, moved=0, deleted=0
		Scan Filter Count: 3
	ApplyChangesToAssetFolders: 0.237ms
	Scan: 31.901ms
	Collect global state as custom dependencies: 0.130ms
	OnSourceAssetsModified: 0.126ms
	ProcessAssetsWithTransientArtifactChanges: 0.127ms
	CategorizeAssets: 50.325ms
	ImportOutOfDateAssets: 175.491ms (24.641ms without children)
		ImportManagerImport: 11.056ms (2.559ms without children)
			UpdateCategorizedAssets: 0.051ms
		ReloadNativeAssets: 0.148ms
		UnloadImportedAssets: 0.559ms
		EnsureUptoDateAssetsAreRegisteredWithGuidPM: 2.324ms
		ImportSchedulerStart: 136.719ms
	PostProcessAllAssets: 16.523ms
		XRBuildSystem.XRAssetImported 1.502ms
		VersionControlSettings.HiddenFilePostprocess 0.111ms
		MonoPostProcessAllAssets: 14.387ms
			MaterialPostprocessor.OnPostprocessAllAssets 7.062ms
			SyncVS.PostprocessSyncProject 4.391ms
			ModelAssetProcessor.OnPostprocessAllAssets 0.415ms
			SpriteEditorTexturePostprocessor.OnPostprocessAllAssets 0.355ms
			RenderPipelineGlobalSettingsPostprocessor.OnPostprocessAllAssets 0.194ms
			GraphRefreshPostprocessor.OnPostprocessAllAssets 0.183ms
			AssetPostprocessor.OnPostprocessAllAssets 0.145ms
			AssetChangedListener.OnPostprocessAllAssets 0.143ms
			ShaderGraphAssetPostProcessor.OnPostprocessAllAssets 0.134ms
			SpriteSlicePostprocessor.OnPostprocessAllAssets 0.051ms
	PostAssetChangesProfiler: 25.103ms
	GatherAllCurrentPrimaryImportResultRevisions: 0.750ms
	PersistCurrentRevisions: 0.758ms
	UnloadStreamsEnd: 0.090ms
	Untracked: 11.380ms

Importing 'GUID: 6533f45107a324e4d89c2674a3a7c280 - Path: Assets/number.mat' with importer (NativeFormatImporter)
Imported 'GUID: 6533f45107a324e4d89c2674a3a7c280' -> (Import Result ID: 'f8ed9d691196b6edc924872a2f2ae5d9') in 0.003 seconds [static dependencies only]. Details - ImportResultOutputID=75f771fef3438f844e5f7729fed15a53 DependenciesID=a1a9b049ae90a74973ad12558ef47242 StaticDependenciesID=71cb76a6b5c6d83dbfd570e9976b3ae4 
Importing 'GUID: 47ad19502852ab54491c964ff3480667 - Path: Assets/Materials/スクリーンショット 2026-07-15 145640.mat' with importer (NativeFormatImporter)
Imported 'GUID: 47ad19502852ab54491c964ff3480667' -> (Import Result ID: 'd3d2200c659b70ecdadecd2689211a30') in 0.003 seconds [static dependencies only]. Details - ImportResultOutputID=035df1dcae2d99fd69e488bc7616660d DependenciesID=653c24699ae8f3202dce83a2e373a994 StaticDependenciesID=6b615411b00a9c07773f4051c976e9bd 
Refreshing native plugins compatible for Editor in 15.90 ms, found 5 plugins.

Asset Pipeline Refresh (id=3ba3aa9a155b97f4487e1668991ac1bf): Total: 0.472 seconds - Initiated by StopAssetImportingV2(NoUpdateAssetOptions)
	(Values over 0.05ms)
	Summary:
		Imports: total=2 (actual=2, local cache=0, cache server=0)
		Asset DB Process Time: managed=0 ms, native=318 ms
		Asset DB Callback time: managed=9 ms, native=143 ms
		Scripting: domain reloads=0, domain reload time=0 ms, compile time=0 ms, other=0 ms
		Project Asset Count: scripts=2161, non-scripts=5556
		Asset File Changes: new=0, changed=2, moved=0, deleted=0
		Scan Filter Count: 4
	ApplyChangesToAssetFolders: 0.263ms
	Scan: 32.902ms
	Collect global state as custom dependencies: 0.132ms
	OnSourceAssetsModified: 0.115ms
	ProcessAssetsWithTransientArtifactChanges: 0.121ms
	CategorizeAssets: 57.877ms
	ImportOutOfDateAssets: 216.018ms (24.485ms without children)
		ImportManagerImport: 49.427ms (3.436ms without children)
			UpdateCategorizedAssets: 0.075ms
		ReloadNativeAssets: 0.147ms
		UnloadImportedAssets: 0.470ms
		ReloadImportedAssets: 1.562ms
		EnsureUptoDateAssetsAreRegisteredWithGuidPM: 2.233ms
		ImportSchedulerStart: 139.216ms
	PostProcessAllAssets: 11.325ms
		XRBuildSystem.XRAssetImported 1.593ms
		MonoPostProcessAllAssets: 9.249ms
			MaterialPostprocessor.OnPostprocessAllAssets 3.551ms
			SyncVS.PostprocessSyncProject 3.411ms
			ModelAssetProcessor.OnPostprocessAllAssets 0.279ms
			SpriteEditorTexturePostprocessor.OnPostprocessAllAssets 0.192ms
			ShaderGraphAssetPostProcessor.OnPostprocessAllAssets 0.182ms
			AssetPostprocessor.OnPostprocessAllAssets 0.125ms
			RenderPipelineGlobalSettingsPostprocessor.OnPostprocessAllAssets 0.123ms
			GraphRefreshPostprocessor.OnPostprocessAllAssets 0.115ms
			AssetChangedListener.OnPostprocessAllAssets 0.101ms
	PostAssetChangesProfiler: 141.459ms
	GatherAllCurrentPrimaryImportResultRevisions: 0.785ms
	PersistCurrentRevisions: 0.684ms
	UnloadStreamsEnd: 0.123ms
	Untracked: 10.053ms

Asset Pipeline Refresh (id=e6a2ce5c298fee5418e9cce4c23fc687): Total: 0.088 seconds - Initiated by RefreshV2(AllowForceSynchronousImport)
[Licensing::Client] Error: Code 404 while processing request (status: Found 0 entitlement groups and 0 free entitlements matching requested entitlement ids)
Asset Pipeline Refresh (id=12456c6f8baa6d741baee1f025df002d): Total: 0.036 seconds - Initiated by RefreshV2(AllowForceSynchronousImport)
[Worker0] Imported GUID: 026498f14de7e614193d710dff4a07e2 - Path: Assets/スクリーンショット 2026-07-15 145640.png - Importer: PreviewImporter -> (ImportResultId: 'df3e7209e4835c2cba9f19ad057ec139') in 0.1040283 seconds
[Licensing::Client] Error: Code 404 while processing request (status: Found 0 entitlement groups and 0 free entitlements matching requested entitlement ids)
Starting new worker id: 2 with log in C:/Users/ikesakutarou/t6-M6/Molkky/Logs/AssetImportWorkerHW2.log
[Worker0] Imported GUID: 96bd19a587b100040bb8991bcb956fd3 - Path: Assets/skittle_true.asset - Importer: ScriptedImporter/UnityEditor.QuickSearchModule:UnityEditor.Search:ASIAI0B -> (ImportResultId: '17c295f336a2f507bb02dd7fe0fca955') in 0.1979855 seconds
[Worker1] Imported GUID: 99c9720ab356a0642a771bea13969a05 - Path: Assets/Scenes/GameScene.unity - Importer: ScriptedImporter/UnityEditor.QuickSearchModule:UnityEditor.Search:ASIAI0B -> (ImportResultId: 'ad0eddcf1958c533211ac1d6b322c476') in 0.2276629 seconds
[Worker0] Imported GUID: 026498f14de7e614193d710dff4a07e2 - Path: Assets/スクリーンショット 2026-07-15 145640.png - Importer: ScriptedImporter/UnityEditor.QuickSearchModule:UnityEditor.Search:ASIAI0B -> (ImportResultId: 'db3088134fd927c5336f2e7e27b9fbee') in 0.1648081 seconds
[Worker0] Imported GUID: 47ad19502852ab54491c964ff3480667 - Path: Assets/Materials/スクリーンショット 2026-07-15 145640.mat - Importer: ScriptedImporter/UnityEditor.QuickSearchModule:UnityEditor.Search:ASIAI0B -> (ImportResultId: 'bfdc4265c8fae757daa79945e3b0dee9') in 0.1176205 seconds
[Worker0] Imported GUID: 451aeec87e8dfb6458145d4f1af0f788 - Path: Assets/Materials - Importer: ScriptedImporter/UnityEditor.QuickSearchModule:UnityEditor.Search:ASIAI0B -> (ImportResultId: '46b97ba3977f584ada3928765a7d978d') in 0.0543874 seconds
[Worker1] Imported GUID: 37057503884141f4ebf6086f27f0ea0b - Path: Assets/Rocket.prefab - Importer: ScriptedImporter/UnityEditor.QuickSearchModule:UnityEditor.Search:ASIAI0B -> (ImportResultId: '511d609ec100a52719219454a594b53f') in 0.4019719 seconds
[Worker0] Imported GUID: dbc927788b3d96d4ebc4ed01c7e5c060 - Path: Assets/Script/Bomb.cs - Importer: ScriptedImporter/UnityEditor.QuickSearchModule:UnityEditor.Search:ASIAI0B -> (ImportResultId: '2feb405ae64188db8fd5d223281e23ff') in 0.0832393 seconds
Request Asset Garbage Collect because used heap size increased from 0.85 GB to 1.37 GB, exceeding the threshold of 256.0 MB.
Unloading 1 Unused Serialized files (Serialized files now loaded: 0)
Importing 'GUID: fcfbc2ac6e682984a9253438e2112be2 - Path: Assets/New Material.mat' with importer (NativeFormatImporter)
Imported 'GUID: fcfbc2ac6e682984a9253438e2112be2' -> (Import Result ID: '34b315f6f4829875b55a064d02138a8b') in 0.004 seconds [static dependencies only]. Details - ImportResultOutputID=92496e327cc788bd5d0d553dacb0c7cf DependenciesID=82b3e135771f10afa10ea6020ffbe294 StaticDependenciesID=99f7f8770396d8a02bc4c3a5224ab2dd 
Refreshing native plugins compatible for Editor in 17.35 ms, found 5 plugins.

Asset Pipeline Refresh (id=d878fa30b273b9642804a95c98ed60a1): Total: 0.356 seconds - Initiated by StopAssetImportingV2(NoUpdateAssetOptions)
	(Values over 0.05ms)
	Summary:
		Imports: total=1 (actual=1, local cache=0, cache server=0)
		Asset DB Process Time: managed=0 ms, native=289 ms
		Asset DB Callback time: managed=28 ms, native=38 ms
		Scripting: domain reloads=0, domain reload time=0 ms, compile time=0 ms, other=0 ms
		Project Asset Count: scripts=2161, non-scripts=5557
		Asset File Changes: new=1, changed=1, moved=0, deleted=0
		Scan Filter Count: 2
	ApplyChangesToAssetFolders: 0.275ms
	Scan: 37.344ms
	Collect global state as custom dependencies: 0.197ms
	OnSourceAssetsModified: 0.144ms
	ProcessAssetsWithTransientArtifactChanges: 0.333ms
	CategorizeAssets: 66.336ms
	ImportOutOfDateAssets: 166.121ms (28.385ms without children)
		ImportManagerImport: 9.078ms (2.666ms without children)
		ReloadNativeAssets: 0.197ms
		UnloadImportedAssets: 0.372ms
		EnsureUptoDateAssetsAreRegisteredWithGuidPM: 2.105ms
		ImportSchedulerStart: 125.943ms
	PostProcessAllAssets: 15.854ms
		XRBuildSystem.XRAssetImported 1.860ms
		VersionControlSettings.HiddenFilePostprocess 0.076ms
		MonoPostProcessAllAssets: 13.431ms
			MaterialPostprocessor.OnPostprocessAllAssets 5.185ms
			SyncVS.PostprocessSyncProject 4.950ms
			AssetChangedListener.OnPostprocessAllAssets 0.566ms
			ModelAssetProcessor.OnPostprocessAllAssets 0.375ms
			SpriteEditorTexturePostprocessor.OnPostprocessAllAssets 0.340ms
			RenderPipelineGlobalSettingsPostprocessor.OnPostprocessAllAssets 0.276ms
			GraphRefreshPostprocessor.OnPostprocessAllAssets 0.225ms
			AssetPostprocessor.OnPostprocessAllAssets 0.223ms
			ShaderGraphAssetPostProcessor.OnPostprocessAllAssets 0.128ms
			SpriteSlicePostprocessor.OnPostprocessAllAssets 0.050ms
	PostAssetChangesProfiler: 50.606ms
	GatherAllCurrentPrimaryImportResultRevisions: 0.954ms
	PersistCurrentRevisions: 0.753ms
	UnloadStreamsEnd: 0.112ms
	Untracked: 16.806ms

Unloading 261 unused Assets / (123.3 KB). Loaded Objects now: 13233.
Memory consumption went from 1.38 GB to 1.38 GB.
Total: 89.632000 ms (FindLiveObjects: 1.794800 ms CreateObjectMapping: 5.252900 ms MarkObjects: 79.042900 ms  DeleteObjects: 3.537800 ms)

Importing 'GUID: 00000000000000009000000000000000 - Path: ProjectSettings/QualitySettings.asset' with importer (LibraryAssetImporter)
Imported 'GUID: 00000000000000009000000000000000' -> (Import Result ID: 'afe4fdbe875b4f2573f6b154b3cd9ecc') in 0.004 seconds [static dependencies only]. Details - ImportResultOutputID=7b12711da11c94ad897442b4820d3f7b DependenciesID=d1d33c884cb535f7c7b0a21df0c5e9d6 StaticDependenciesID=1b452153127fdef2b3d894f2b4cf8d31 
Importing 'GUID: 00000000000000006100000000000000 - Path: ProjectSettings/GraphicsSettings.asset' with importer (LibraryAssetImporter)
Imported 'GUID: 00000000000000006100000000000000' -> (Import Result ID: 'eeae983e7e5e6a680477080d59405b52') in 0.003 seconds [static dependencies only]. Details - ImportResultOutputID=f9600466f06a676b7a4f639f6629ea48 DependenciesID=feb4dbc61ecf9f2b2ccc0963a4b2f231 StaticDependenciesID=30988c48a9cbee2cf60a1d41247832b2 
Importing 'GUID: fcfbc2ac6e682984a9253438e2112be2 - Path: Assets/New Material.mat' with importer (NativeFormatImporter)
Imported 'GUID: fcfbc2ac6e682984a9253438e2112be2' -> (Import Result ID: '9018342015015be64a5af8db16d85a53') in 0.005 seconds [static dependencies only]. Details - ImportResultOutputID=92496e327cc788bd5d0d553dacb0c7cf DependenciesID=a8763f3926d1b3a2f92935b90c58782d StaticDependenciesID=be2698d6ac0638d382d0cfdd02e3d47c 
Refreshing native plugins compatible for Editor in 20.90 ms, found 5 plugins.

Asset Pipeline Refresh (id=ad455a92d0f0e3e4384c764297226336): Total: 0.369 seconds - Initiated by StopAssetImportingV2(NoUpdateAssetOptions)
	(Values over 0.05ms)
	Summary:
		Imports: total=3 (actual=3, local cache=0, cache server=0)
		Asset DB Process Time: managed=0 ms, native=304 ms
		Asset DB Callback time: managed=14 ms, native=48 ms
		Scripting: domain reloads=0, domain reload time=0 ms, compile time=0 ms, other=0 ms
		Project Asset Count: scripts=2161, non-scripts=5557
		Asset File Changes: new=0, changed=1, moved=0, deleted=0
		Scan Filter Count: 4
	ApplyChangesToAssetFolders: 0.234ms
	Scan: 34.653ms
	Collect global state as custom dependencies: 0.115ms
	OnSourceAssetsModified: 0.114ms
	ProcessAssetsWithTransientArtifactChanges: 0.130ms
	CategorizeAssets: 60.457ms
	ImportOutOfDateAssets: 198.577ms (29.297ms without children)
		ImportManagerImport: 22.261ms (3.419ms without children)
			UpdateCategorizedAssets: 0.120ms
		ReloadNativeAssets: 0.151ms
		UnloadImportedAssets: 0.590ms
		ReloadImportedAssets: 1.152ms
		EnsureUptoDateAssetsAreRegisteredWithGuidPM: 3.391ms
		ImportSchedulerStart: 142.838ms
	PostProcessAllAssets: 40.653ms
		XRBuildSystem.XRAssetImported 25.404ms
		MonoPostProcessAllAssets: 14.672ms
			UniversalRenderPipelineGlobalSettingsPostprocessor.OnPostprocessAllAssets 5.342ms
			SyncVS.PostprocessSyncProject 4.275ms
			MaterialPostprocessor.OnPostprocessAllAssets 1.785ms
			SpriteEditorTexturePostprocessor.OnPostprocessAllAssets 0.238ms
			ModelAssetProcessor.OnPostprocessAllAssets 0.219ms
			GraphRefreshPostprocessor.OnPostprocessAllAssets 0.187ms
			ShaderGraphAssetPostProcessor.OnPostprocessAllAssets 0.177ms
			AssetChangedListener.OnPostprocessAllAssets 0.163ms
			AssetPostprocessor.OnPostprocessAllAssets 0.118ms
			RenderPipelineGlobalSettingsPostprocessor.OnPostprocessAllAssets 0.067ms
			SpriteSlicePostprocessor.OnPostprocessAllAssets 0.065ms
	PostAssetChangesProfiler: 22.471ms
	GatherAllCurrentPrimaryImportResultRevisions: 0.719ms
	PersistCurrentRevisions: 0.738ms
	UnloadStreamsEnd: 0.098ms
	Untracked: 9.445ms

[Worker1] Imported GUID: fcfbc2ac6e682984a9253438e2112be2 - Path: Assets/New Material.mat - Importer: ScriptedImporter/UnityEditor.QuickSearchModule:UnityEditor.Search:ASIAI0B -> (ImportResultId: 'f68710f286a319d42a9a9fdf3fdd8620') in 0.1114812 seconds
Worker ready: AssetImportWorkerHW2 2
Refreshing native plugins compatible for Editor in 16.32 ms, found 5 plugins.

Asset Pipeline Refresh (id=3845f65e3b857b241bd983b812c0e23a): Total: 0.332 seconds - Initiated by StopAssetImportingV2(NoUpdateAssetOptions)
	(Values over 0.05ms)
	Summary:
		Imports: total=0 (actual=0, local cache=0, cache server=0)
		Asset DB Process Time: managed=0 ms, native=287 ms
		Asset DB Callback time: managed=17 ms, native=27 ms
		Scripting: domain reloads=0, domain reload time=0 ms, compile time=0 ms, other=0 ms
		Project Asset Count: scripts=2161, non-scripts=5556
		Asset File Changes: new=0, changed=0, moved=0, deleted=1
		Scan Filter Count: 2
	ApplyChangesToAssetFolders: 0.207ms
	Scan: 34.957ms
	Collect global state as custom dependencies: 0.121ms
	OnSourceAssetsModified: 0.144ms
	ProcessAssetsWithTransientArtifactChanges: 0.112ms
	CategorizeAssets: 64.510ms
	ImportOutOfDateAssets: 163.154ms (28.833ms without children)
		ReloadNativeAssets: 0.191ms
		UnloadImportedAssets: 0.359ms
		EnsureUptoDateAssetsAreRegisteredWithGuidPM: 2.052ms
		ImportSchedulerStart: 131.712ms
	PostProcessAllAssets: 9.160ms
		XRBuildSystem.XRAssetImported 1.213ms
		MonoPostProcessAllAssets: 7.590ms
			SyncVS.PostprocessSyncProject 3.537ms
			ShaderGraphAssetPostProcessor.OnPostprocessAllAssets 1.419ms
			TrackSelectedAssetsProcessor.OnPostprocessAllAssets 0.323ms
			AssetChangedListener.OnPostprocessAllAssets 0.280ms
			ModelAssetProcessor.OnPostprocessAllAssets 0.240ms
			SpriteEditorTexturePostprocessor.OnPostprocessAllAssets 0.201ms
			RenderPipelineGlobalSettingsPostprocessor.OnPostprocessAllAssets 0.197ms
			RetainedModeAssetPostprocessor.OnPostprocessAllAssets 0.180ms
			GraphRefreshPostprocessor.OnPostprocessAllAssets 0.118ms
			StyleCatalogPostProcessor.OnPostprocessAllAssets 0.109ms
			AssetPostprocessor.OnPostprocessAllAssets 0.090ms
			SpeedTree9Postprocessor.OnPostprocessAllAssets 0.089ms
			UniversalRenderPipelineGlobalSettingsPostprocessor.OnPostprocessAllAssets 0.072ms
	PostAssetChangesProfiler: 35.725ms
	GatherAllCurrentPrimaryImportResultRevisions: 0.689ms
	PersistCurrentRevisions: 0.672ms
	Untracked: 22.476ms

Asset Pipeline Refresh (id=bef3f1d58749dbe4db92c8d08e514592): Total: 0.066 seconds - Initiated by RefreshV2(ForceSynchronousImport)
Asset Pipeline Refresh (id=bb2a4614d2f3d76409d98353cd9c017d): Total: 0.043 seconds - Initiated by RefreshV2(AllowForceSynchronousImport)
[Licensing::Client] Error: Code 404 while processing request (status: Found 0 entitlement groups and 0 free entitlements matching requested entitlement ids)
Importing 'GUID: 41af3c690a8e7294cb0855f33fdf9188 - Path: Assets/New_number.mat' with importer (NativeFormatImporter)
Imported 'GUID: 41af3c690a8e7294cb0855f33fdf9188' -> (Import Result ID: 'e784bec50967859d4921f77d85b70138') in 0.031 seconds [static dependencies only]. Details - ImportResultOutputID=9b292c905e52107894bc11bf944175fb DependenciesID=583e297afe69d1706262079861da7eb4 StaticDependenciesID=ece4170a6bef3d9dbfc3cb4f238cb620 
Refreshing native plugins compatible for Editor in 17.71 ms, found 5 plugins.

Asset Pipeline Refresh (id=4aa083e25eb18f246b54f4ea4bbe8679): Total: 0.353 seconds - Initiated by StopAssetImportingV2(NoUpdateAssetOptions)
	(Values over 0.05ms)
	Summary:
		Imports: total=1 (actual=1, local cache=0, cache server=0)
		Asset DB Process Time: managed=0 ms, native=288 ms
		Asset DB Callback time: managed=29 ms, native=35 ms
		Scripting: domain reloads=0, domain reload time=0 ms, compile time=0 ms, other=0 ms
		Project Asset Count: scripts=2161, non-scripts=5557
		Asset File Changes: new=1, changed=1, moved=0, deleted=0
		Scan Filter Count: 2
	ApplyChangesToAssetFolders: 0.255ms
	Scan: 36.022ms
	Collect global state as custom dependencies: 0.123ms
	OnSourceAssetsModified: 0.133ms
	ProcessAssetsWithTransientArtifactChanges: 0.114ms
	CategorizeAssets: 53.021ms
	ImportOutOfDateAssets: 187.441ms (25.035ms without children)
		ImportManagerImport: 35.918ms (2.564ms without children)
		ReloadNativeAssets: 0.177ms
		UnloadImportedAssets: 0.343ms
		EnsureUptoDateAssetsAreRegisteredWithGuidPM: 2.243ms
		ImportSchedulerStart: 123.687ms
	PostProcessAllAssets: 21.052ms
		XRBuildSystem.XRAssetImported 2.025ms
		VersionControlSettings.HiddenFilePostprocess 0.076ms
		MonoPostProcessAllAssets: 18.400ms
			MaterialPostprocessor.OnPostprocessAllAssets 11.094ms
			SyncVS.PostprocessSyncProject 4.918ms
			ModelAssetProcessor.OnPostprocessAllAssets 0.358ms
			SpriteEditorTexturePostprocessor.OnPostprocessAllAssets 0.265ms
			RenderPipelineGlobalSettingsPostprocessor.OnPostprocessAllAssets 0.143ms
			GraphRefreshPostprocessor.OnPostprocessAllAssets 0.129ms
			AssetPostprocessor.OnPostprocessAllAssets 0.124ms
			AssetChangedListener.OnPostprocessAllAssets 0.121ms
			ShaderGraphAssetPostProcessor.OnPostprocessAllAssets 0.105ms
			SpeedTree9Postprocessor.OnPostprocessAllAssets 0.101ms
	PostAssetChangesProfiler: 43.142ms
	GatherAllCurrentPrimaryImportResultRevisions: 0.792ms
	PersistCurrentRevisions: 0.785ms
	UnloadStreamsEnd: 0.074ms
	Untracked: 10.286ms

Importing 'GUID: 41af3c690a8e7294cb0855f33fdf9188 - Path: Assets/New_number.mat' with importer (NativeFormatImporter)
Imported 'GUID: 41af3c690a8e7294cb0855f33fdf9188' -> (Import Result ID: 'cb0d166937d6e76f42afdba494c0a6fa') in 0.004 seconds [static dependencies only]. Details - ImportResultOutputID=9b292c905e52107894bc11bf944175fb DependenciesID=29cc751d70a3f7bb5156b3ed3d093b3d StaticDependenciesID=3799c64adcfa487959c854defbfc424e 
Refreshing native plugins compatible for Editor in 17.43 ms, found 5 plugins.

Asset Pipeline Refresh (id=93340d99fc317664c95ad7138864f014): Total: 0.320 seconds - Initiated by StopAssetImportingV2(NoUpdateAssetOptions)
	(Values over 0.05ms)
	Summary:
		Imports: total=1 (actual=1, local cache=0, cache server=0)
		Asset DB Process Time: managed=0 ms, native=290 ms
		Asset DB Callback time: managed=9 ms, native=20 ms
		Scripting: domain reloads=0, domain reload time=0 ms, compile time=0 ms, other=0 ms
		Project Asset Count: scripts=2161, non-scripts=5557
		Asset File Changes: new=0, changed=1, moved=0, deleted=0
		Scan Filter Count: 2
	ApplyChangesToAssetFolders: 0.244ms
	Scan: 29.759ms
	Collect global state as custom dependencies: 0.120ms
	OnSourceAssetsModified: 0.117ms
	ProcessAssetsWithTransientArtifactChanges: 0.119ms
	CategorizeAssets: 52.084ms
	ImportOutOfDateAssets: 197.307ms (25.083ms without children)
		ImportManagerImport: 31.077ms (3.290ms without children)
			UpdateCategorizedAssets: 0.078ms
		ReloadNativeAssets: 0.116ms
		UnloadImportedAssets: 0.757ms
		ReloadImportedAssets: 1.176ms
		EnsureUptoDateAssetsAreRegisteredWithGuidPM: 2.582ms
		ImportSchedulerStart: 137.650ms
	PostProcessAllAssets: 10.979ms
		XRBuildSystem.XRAssetImported 1.505ms
		MonoPostProcessAllAssets: 8.941ms
			SyncVS.PostprocessSyncProject 4.559ms
			MaterialPostprocessor.OnPostprocessAllAssets 1.969ms
			ModelAssetProcessor.OnPostprocessAllAssets 0.354ms
			SpriteEditorTexturePostprocessor.OnPostprocessAllAssets 0.277ms
			RenderPipelineGlobalSettingsPostprocessor.OnPostprocessAllAssets 0.198ms
			AssetChangedListener.OnPostprocessAllAssets 0.182ms
			AssetPostprocessor.OnPostprocessAllAssets 0.145ms
			GraphRefreshPostprocessor.OnPostprocessAllAssets 0.119ms
			ShaderGraphAssetPostProcessor.OnPostprocessAllAssets 0.103ms
	PostAssetChangesProfiler: 18.885ms
	GatherAllCurrentPrimaryImportResultRevisions: 0.660ms
	PersistCurrentRevisions: 0.780ms
	UnloadStreamsEnd: 0.092ms
	Untracked: 8.873ms

[Worker2] Imported GUID: 41af3c690a8e7294cb0855f33fdf9188 - Path: Assets/New_number.mat - Importer: ScriptedImporter/UnityEditor.QuickSearchModule:UnityEditor.Search:ASIAI0B -> (ImportResultId: 'c32323da9e6712e80de52d63e7640ff0') in 0.2704434 seconds
Refreshing native plugins compatible for Editor in 13.76 ms, found 5 plugins.
Asset Pipeline Refresh (id=0ad26fcad2dd2e14d9905cf2ca043d36): Total: 0.295 seconds - Initiated by StopAssetImportingV2(NoUpdateAssetOptions)
Asset Pipeline Refresh (id=ba5a0032789645741bda426aa1d90dac): Total: 0.060 seconds - Initiated by RefreshV2(ForceSynchronousImport)
Asset Pipeline Refresh (id=31ad4b0063da8df4dacb418f75be8736): Total: 0.056 seconds - Initiated by RefreshV2(AllowForceSynchronousImport)
[Licensing::Client] Error: Code 404 while processing request (status: Found 0 entitlement groups and 0 free entitlements matching requested entitlement ids)
Asset Pipeline Refresh (id=c32236dbbb452914880da979402e9251): Total: 0.041 seconds - Initiated by RefreshV2(AllowForceSynchronousImport)
Loaded scene 'Library/Unused/c96af5f022a2a95408c21558863b914a'
	Deserialize:            0.745 ms
	Integration:            0.463 ms
	Integration of assets:  0.004 ms
	Thread Wait Time:       0.046 ms
	Total Operation Time:   1.258 ms
Unloading 0 Unused Serialized files (Serialized files now loaded: 0)
Unloading 101 unused Assets / (12.5 KB). Loaded Objects now: 13261.
Memory consumption went from 0.94 GB to 0.94 GB.
Total: 116.787300 ms (FindLiveObjects: 2.584200 ms CreateObjectMapping: 5.480200 ms MarkObjects: 108.179700 ms  DeleteObjects: 0.538400 ms)

[Licensing::Client] Error: Code 404 while processing request (status: Found 0 entitlement groups and 0 free entitlements matching requested entitlement ids)
Unloading 2 Unused Serialized files (Serialized files now loaded: 0)
Unloading 2 unused Assets / (2.7 KB). Loaded Objects now: 13268.
Memory consumption went from 0.94 GB to 0.94 GB.
Total: 99.794800 ms (FindLiveObjects: 2.010100 ms CreateObjectMapping: 5.784500 ms MarkObjects: 91.805300 ms  DeleteObjects: 0.191900 ms)

Asset Pipeline Refresh (id=18b72ab3b6e4f04488f5977df67b31a7): Total: 0.065 seconds - Initiated by RefreshV2(AllowForceSynchronousImport)
[Licensing::Client] Error: Code 404 while processing request (status: Found 0 entitlement groups and 0 free entitlements matching requested entitlement ids)
Asset Pipeline Refresh (id=821b4bd87c5605745b49af1c8fe2341e): Total: 0.046 seconds - Initiated by RefreshV2(AllowForceSynchronousImport)
[Licensing::Client] Error: Code 404 while processing request (status: Found 0 entitlement groups and 0 free entitlements matching requested entitlement ids)
[ScriptCompilation] Requested script compilation because: AssetDatabase observed changes in script compilation related files
[Licensing::Client] Successfully resolved entitlement details
[Licensing::Module] License group:
  Id: F4-S82E-258Q-RRPW-KWCH-XXXX
  Product: Unity Personal
  Type: ULF
  Expiration: Unlimited
[Licensing::Module] License group:
  Id: 15669559352791-UnityPersXXXX
  Product: Unity Personal
  Type: Assigned
  Expiration: Unlimited
Refreshing native plugins compatible for Editor in 25.97 ms, found 5 plugins.

Asset Pipeline Refresh (id=7ed4ddfc9f765364f862330f362d2ef1): Total: 2.214 seconds - Initiated by StopAssetImportingV2(NoUpdateAssetOptions)
	(Values over 0.05ms)
	Summary:
		Imports: total=0 (actual=0, local cache=0, cache server=0)
		Asset DB Process Time: managed=0 ms, native=959 ms
		Asset DB Callback time: managed=1184 ms, native=66 ms
		Scripting: domain reloads=0, domain reload time=0 ms, compile time=3 ms, other=0 ms
		Project Asset Count: scripts=2161, non-scripts=5556
		Asset File Changes: new=1, changed=1, moved=0, deleted=0
		Scan Filter Count: 2
	ApplyChangesToAssetFolders: 1.437ms
	Scan: 148.561ms
	Collect global state as custom dependencies: 0.199ms
	OnSourceAssetsModified: 0.285ms
	CategorizeScriptCompilationAssets: 0.142ms
	ProcessAssetsWithTransientArtifactChanges: 1.294ms
	CategorizeAssets: 112.972ms
	CompileScripts: 3.374ms
	ImportOutOfDateAssets: 265.252ms (38.026ms without children)
		ReloadNativeAssets: 0.141ms
		UnloadImportedAssets: 0.651ms
		EnsureUptoDateAssetsAreRegisteredWithGuidPM: 3.651ms
		ImportSchedulerStart: 222.767ms
	PostProcessAllAssets: 1204.177ms
		XRBuildSystem.XRAssetImported 36.672ms
		PostProcessCallbackCreateDeferredMaterials 0.331ms
		VersionControlSettings.HiddenFilePostprocess 0.120ms
		MonoPostProcessAllAssets: 1166.238ms
			SyncVS.PostprocessSyncProject 1162.213ms
			ModelAssetProcessor.OnPostprocessAllAssets 0.596ms
			SpriteEditorTexturePostprocessor.OnPostprocessAllAssets 0.553ms
			GraphRefreshPostprocessor.OnPostprocessAllAssets 0.394ms
			RenderPipelineGlobalSettingsPostprocessor.OnPostprocessAllAssets 0.341ms
			AssetChangedListener.OnPostprocessAllAssets 0.198ms
			AssetPostprocessor.OnPostprocessAllAssets 0.198ms
			ShaderGraphAssetPostProcessor.OnPostprocessAllAssets 0.150ms
			SpriteSlicePostprocessor.OnPostprocessAllAssets 0.077ms
			TMPro_TexturePostProcessor.OnPostprocessAllAssets 0.052ms
	PostAssetChangesProfiler: 46.459ms
	GatherAllCurrentPrimaryImportResultRevisions: 2.480ms
	PersistCurrentRevisions: 0.968ms
	Untracked: 425.858ms

info: Microsoft.AspNetCore.Hosting.Diagnostics[1]
      Request starting HTTP/2 POST http://ilpp/UnityILPP.PostProcessing/Ping - application/grpc -
info: Microsoft.AspNetCore.Routing.EndpointMiddleware[0]
      Executing endpoint 'gRPC - /UnityILPP.PostProcessing/Ping'
info: Microsoft.AspNetCore.Routing.EndpointMiddleware[1]
      Executed endpoint 'gRPC - /UnityILPP.PostProcessing/Ping'
info: Microsoft.AspNetCore.Hosting.Diagnostics[2]
      Request finished HTTP/2 POST http://ilpp/UnityILPP.PostProcessing/Ping - 200 - application/grpc 1.3559ms
Starting: C:\Program Files\Unity\Hub\Editor\6000.5.0f1\Editor\Data\Tools\BuildPipeline\bee_backend.exe --ipc --defer-dag-verification --dagfile="Library/Bee/1900b0aE.dag" --continue-on-failure --profile="Library/Bee/backend1.traceevents" ScriptAssemblies
WorkingDir: C:/Users/ikesakutarou/t6-M6/Molkky
info: Microsoft.AspNetCore.Hosting.Diagnostics[1]
      Request starting HTTP/2 POST http://ilpp/UnityILPP.PostProcessing/ConfigurePostProcessors - application/grpc -
info: Microsoft.AspNetCore.Routing.EndpointMiddleware[0]
      Executing endpoint 'gRPC - /UnityILPP.PostProcessing/ConfigurePostProcessors'
info: Unity.ILPP.Runner.PostProcessingAssemblyLoadContext[0]
      Current configuration matches the requested one, skipping
info: Microsoft.AspNetCore.Routing.EndpointMiddleware[1]
      Executed endpoint 'gRPC - /UnityILPP.PostProcessing/ConfigurePostProcessors'
info: Microsoft.AspNetCore.Hosting.Diagnostics[2]
      Request finished HTTP/2 POST http://ilpp/UnityILPP.PostProcessing/ConfigurePostProcessors - 200 - application/grpc 4.1352ms
ExitCode: 4 Duration: 1s393ms
[1249/1640  0s] ILPP-Configuration Library/ilpp-configuration.nevergeneratedoutput
Rebuilding DAG because FileSignature timestamp changed: Library/Bee/1900b0aE-inputdata.json
*** Tundra requires additional run (1.20 seconds), 1 items updated, 1640 evaluated
Starting: C:\Program Files\Unity\Hub\Editor\6000.5.0f1\Editor\Data\netcorerun\netcorerun.exe "C:\Program Files\Unity\Hub\Editor\6000.5.0f1\Editor\Data\Tools\BuildPipeline\ScriptCompilationBuildProgram.exe" "Library/Bee/1900b0aE.dag.json" "Library/Bee/1900b0aE-inputdata.json" "Library\Bee\buildprogram0.traceevents"
WorkingDir: C:/Users/ikesakutarou/t6-M6/Molkky
[Worker2] Imported GUID: d8d7796a4d642ce42856007227a63568 - Path: Assets/Mo.cs - Importer: ScriptedImporter/UnityEditor.QuickSearchModule:UnityEditor.Search:ASIAI0B -> (ImportResultId: 'd3b839c120368c1a6884976340cb04a2') in 0.1097182 seconds
[Worker2] Imported GUID: d8d7796a4d642ce42856007227a63568 - Path: Assets/Mo.cs - Importer: PreviewImporter -> (ImportResultId: '806a42e677dadf2b615cd979dbb0dba3') in 0.0720331 seconds
ExitCode: 0 Duration: 4s303ms
Starting: C:\Program Files\Unity\Hub\Editor\6000.5.0f1\Editor\Data\Tools\BuildPipeline\bee_backend.exe --ipc --defer-dag-verification --dagfile="Library/Bee/1900b0aE.dag" --continue-on-failure --dagfilejson="Library\Bee\1900b0aE.dag.json" --profile="Library/Bee/backend2.traceevents" ScriptAssemblies
WorkingDir: C:/Users/ikesakutarou/t6-M6/Molkky
info: Microsoft.AspNetCore.Hosting.Diagnostics[1]
      Request starting HTTP/2 POST http://ilpp/UnityILPP.PostProcessing/ConfigurePostProcessors - application/grpc -
info: Microsoft.AspNetCore.Routing.EndpointMiddleware[0]
      Executing endpoint 'gRPC - /UnityILPP.PostProcessing/ConfigurePostProcessors'
info: Unity.ILPP.Runner.PostProcessingAssemblyLoadContext[0]
      Current configuration matches the requested one, skipping
info: Microsoft.AspNetCore.Routing.EndpointMiddleware[1]
      Executed endpoint 'gRPC - /UnityILPP.PostProcessing/ConfigurePostProcessors'
info: Microsoft.AspNetCore.Hosting.Diagnostics[2]
      Request finished HTTP/2 POST http://ilpp/UnityILPP.PostProcessing/ConfigurePostProcessors - 200 - application/grpc 1.8997ms
info: Microsoft.AspNetCore.Hosting.Diagnostics[1]
      Request starting HTTP/2 POST http://ilpp/UnityILPP.PostProcessing/PostProcessAssembly - application/grpc -
info: Microsoft.AspNetCore.Routing.EndpointMiddleware[0]
      Executing endpoint 'gRPC - /UnityILPP.PostProcessing/PostProcessAssembly'
info: Unity.ILPP.Runner.PostProcessingPipeline[0]
      Processing assembly Library/Bee/artifacts/1900b0aE.dag/Assembly-CSharp.dll, with 144 defines and 369 references
info: Unity.ILPP.Runner.PostProcessingPipeline[0]
      processors: Unity.Jobs.CodeGen.JobsILPostProcessor, zzzUnity.Burst.CodeGen.BurstILPostProcessor
info: Unity.ILPP.Runner.PostProcessingPipeline[0]
      running Unity.Jobs.CodeGen.JobsILPostProcessor
info: Unity.ILPP.Runner.PostProcessingPipeline[0]
      running zzzUnity.Burst.CodeGen.BurstILPostProcessor
info: Microsoft.AspNetCore.Routing.EndpointMiddleware[1]
      Executed endpoint 'gRPC - /UnityILPP.PostProcessing/PostProcessAssembly'
info: Microsoft.AspNetCore.Hosting.Diagnostics[2]
      Request finished HTTP/2 POST http://ilpp/UnityILPP.PostProcessing/PostProcessAssembly - 200 - application/grpc 40.1897ms
info: Microsoft.AspNetCore.Hosting.Diagnostics[1]
      Request starting HTTP/2 POST http://ilpp/UnityILPP.PostProcessing/PostProcessAssembly - application/grpc -
info: Microsoft.AspNetCore.Routing.EndpointMiddleware[0]
      Executing endpoint 'gRPC - /UnityILPP.PostProcessing/PostProcessAssembly'
info: Unity.ILPP.Runner.PostProcessingPipeline[0]
      Processing assembly Library/Bee/artifacts/1900b0aE.dag/Assembly-CSharp-Editor.dll, with 142 defines and 393 references
info: Unity.ILPP.Runner.PostProcessingPipeline[0]
      processors: Unity.Jobs.CodeGen.JobsILPostProcessor, zzzUnity.Burst.CodeGen.BurstILPostProcessor
info: Unity.ILPP.Runner.PostProcessingPipeline[0]
      running Unity.Jobs.CodeGen.JobsILPostProcessor
info: Unity.ILPP.Runner.PostProcessingPipeline[0]
      running zzzUnity.Burst.CodeGen.BurstILPostProcessor
info: Microsoft.AspNetCore.Routing.EndpointMiddleware[1]
      Executed endpoint 'gRPC - /UnityILPP.PostProcessing/PostProcessAssembly'
info: Microsoft.AspNetCore.Hosting.Diagnostics[2]
      Request finished HTTP/2 POST http://ilpp/UnityILPP.PostProcessing/PostProcessAssembly - 200 - application/grpc 40.7029ms
ExitCode: 0 Duration: 6s818ms
Finished compiling graph: 1644 nodes, 35213 flattened edges (28741 ToBuild, 272 ToUse), maximum node priority 1839
[ 841/1640  0s] WriteText Library/Bee/artifacts/1900b0aE.dag/Assembly-CSharp.rsp
[1247/1640  0s] ILPP-Configuration Library/ilpp-configuration.nevergeneratedoutput
[1632/1640  3s] Csc Library/Bee/artifacts/1900b0aE.dag/Assembly-CSharp.dll (+2 others)
[1633/1640  0s] ILPostProcess Library/Bee/artifacts/1900b0aE.dag/post-processed/Assembly-CSharp.dll (+pdb)
Processing assembly Library/Bee/artifacts/1900b0aE.dag/Assembly-CSharp.dll, with 144 defines and 369 references

processors: Unity.Jobs.CodeGen.JobsILPostProcessor, zzzUnity.Burst.CodeGen.BurstILPostProcessor

running Unity.Jobs.CodeGen.JobsILPostProcessor

running zzzUnity.Burst.CodeGen.BurstILPostProcessor
[1634/1640  0s] CopyFiles Library/ScriptAssemblies/Assembly-CSharp.pdb
[1635/1640  0s] CopyFiles Library/ScriptAssemblies/Assembly-CSharp.dll
[1636/1640  0s] Csc Library/Bee/artifacts/1900b0aE.dag/Assembly-CSharp-Editor.dll (+2 others)
[1637/1640  0s] ILPostProcess Library/Bee/artifacts/1900b0aE.dag/post-processed/Assembly-CSharp-Editor.dll (+pdb)
Processing assembly Library/Bee/artifacts/1900b0aE.dag/Assembly-CSharp-Editor.dll, with 142 defines and 393 references

processors: Unity.Jobs.CodeGen.JobsILPostProcessor, zzzUnity.Burst.CodeGen.BurstILPostProcessor

running Unity.Jobs.CodeGen.JobsILPostProcessor

running zzzUnity.Burst.CodeGen.BurstILPostProcessor
[1638/1640  0s] CopyFiles Library/ScriptAssemblies/Assembly-CSharp-Editor.pdb
[1639/1640  0s] CopyFiles Library/ScriptAssemblies/Assembly-CSharp-Editor.dll
*** Tundra build success (6.75 seconds), 10 items updated, 1640 evaluated
Reloading assemblies after forced synchronous recompile.
Begin MonoManager ReloadAssembly
UnityException: Calls to "AssetDatabase.RegisterCustomDependency" are restricted during importing. Custom dependencies can only be removed when the assetdatabase is not importing.
  at (wrapper managed-to-native) UnityEditor.AssetDatabase.RegisterCustomDependency_Injected(UnityEngine.Bindings.ManagedSpanWrapper&,UnityEngine.Hash128&)
  at UnityEditor.AssetDatabase.RegisterCustomDependency (System.String dependency, UnityEngine.Hash128 hashOfValue) [0x0002a] in <cd9a5dfa62e34daeb7c2d29ef5f4929b>:0 
  at UnityEditor.ShaderGraph.RenderPipelineChangedCallback.SRPChanged () [0x00000] in .\Library\PackageCache\com.unity.shadergraph@3fa956880a81\Editor\Importers\RenderPipelineChangedCallback.cs:22 
  at (wrapper delegate-invoke) <Module>.invoke_void()
  at UnityEngine.Rendering.RenderPipelineManager.set_currentPipeline (UnityEngine.Rendering.RenderPipeline value) [0x0001c] in <baf9d421e5ac43acaf162d71aef6a04c>:0 
  at UnityEngine.Rendering.RenderPipelineManager.CleanupRenderPipeline () [0x00039] in <baf9d421e5ac43acaf162d71aef6a04c>:0 
  at UnityEngine.Rendering.RenderPipelineAsset.OnDisable () [0x00000] in <baf9d421e5ac43acaf162d71aef6a04c>:0 
  at UnityEngine.Rendering.Universal.UniversalRenderPipelineAsset.OnDisable () [0x00006] in .\Library\PackageCache\com.unity.render-pipelines.universal@0c18adc4ff89\Runtime\Data\UniversalRenderPipelineAsset.cs:835 

(Filename: ./Library/PackageCache/com.unity.shadergraph@3fa956880a81/Editor/Importers/RenderPipelineChangedCallback.cs Line: 22)

Total cache size 266817116
Total cache size after purge 266817116, took 00:00:01.3626860
Symbol file LoadedFromMemory is not a mono symbol file
Symbol file LoadedFromMemory is not a mono symbol file
Refreshing native plugins compatible for Editor in 16.01 ms, found 5 plugins.
Native extension for WindowsStandalone target not found
Native extension for WebGL target not found
[MODES] ModeService[none].Initialize
[MODES] ModeService[none].LoadModes
Refreshing native plugins compatible for Editor in 16.38 ms, found 5 plugins.
[Licensing::Client] Error: Code 404 while processing request (status: Found 0 entitlement groups and 0 free entitlements matching requested entitlement ids)
ScheduleIndexationOnStartup MainProcess:True IndexOnStartup:True
Mono: successfully reloaded assembly
- Finished resetting the current domain, in  6.487 seconds
Domain Reload Profiling: 11155ms
	BeginReloadAssembly (3001ms)
		DisableScriptedObjects (474ms)
		CreateAndSetChildDomain (1839ms)
	RebuildCommonClasses (19ms)
	RebuildNativeTypeToScriptingClass (35ms)
	initialDomainReloadingComplete (328ms)
	LoadAllAssembliesAndSetupDomain (1283ms)
		LoadAssemblies (455ms)
		AnalyzeDomain (756ms)
			TypeCache.Refresh (28ms)
			BuildScriptInfoCaches (702ms)
			ResolveRequiredComponents (19ms)
	FinalizeReload (6489ms)
		SetupLoadedEditorAssemblies (0ms)
			InitializePlatformSupportModulesInManaged (6ms)
			BeforeProcessingInitializeOnLoad (609ms)
			ProcessInitializeOnLoadAttributes (2216ms)
			ProcessInitializeOnLoadMethodAttributes (1145ms)
			AfterProcessingInitializeOnLoad (8ms)
		AwakeInstancesAfterBackupRestoration (1290ms)
Refreshing native plugins compatible for Editor in 15.87 ms, found 5 plugins.

Asset Pipeline Refresh (id=a7ca4f2e6f90fa7459a7634342064622): Total: 21.942 seconds - Initiated by RefreshV2(AllowForceSynchronousImport)
	(Values over 0.05ms)
	Summary:
		Imports: total=0 (actual=0, local cache=0, cache server=0)
		Asset DB Process Time: managed=0 ms, native=7106 ms
		Asset DB Callback time: managed=571 ms, native=167 ms
		Scripting: domain reloads=1, domain reload time=5334 ms, compile time=8762 ms, other=0 ms
		Project Asset Count: scripts=2161, non-scripts=5556
		Asset File Changes: new=0, changed=0, moved=0, deleted=0
		Scan Filter Count: 0
	InvokePackagesCallback: 13.097ms
	ApplyChangesToAssetFolders: 0.805ms
	Scan: 42.844ms
	Collect global state as custom dependencies: 7.600ms
	ProcessAssetsWithTransientArtifactChanges: 20.844ms
	CategorizeAssets: 211.098ms
	CompileScripts: 8761.521ms
	ImportOutOfDateAssets: 6675.001ms (6541.874ms without children)
		CollectScriptTypesHashes: 3.622ms
		ReloadNativeAssets: 2.588ms
		UnloadImportedAssets: 0.457ms
		EnsureUptoDateAssetsAreRegisteredWithGuidPM: 2.585ms
		ImportSchedulerStart: 127.395ms
	PostProcessAllAssets: 574.316ms
		XRBuildSystem.XRAssetImported 1.802ms
		PostProcessCallbackCreateDeferredMaterials 0.235ms
		MonoPostProcessAllAssets: 571.242ms
			AssetReferenceReimportMonitor.OnPostprocessAllAssets 52.920ms
			UniversalRenderPipelineGlobalSettingsPostprocessor.OnPostprocessAllAssets 26.494ms
			SyncVS.PostprocessSyncProject 24.156ms
			AssetChangedListener.OnPostprocessAllAssets 14.142ms
			BuilderAssetPostprocessor.OnPostprocessAllAssets 10.048ms
			AssetPostprocessor.OnPostprocessAllAssets 10.042ms
			SpriteSlicePostprocessor.OnPostprocessAllAssets 6.002ms
			SpeedTree9Postprocessor.OnPostprocessAllAssets 5.796ms
			ShaderGraphAssetPostProcessor.OnPostprocessAllAssets 3.939ms
			GraphRefreshPostprocessor.OnPostprocessAllAssets 3.563ms
			RetainedModeAssetPostprocessor.OnPostprocessAllAssets 3.459ms
			WindowAssetPostprocessingWatcher.OnPostprocessAllAssets 2.952ms
			MaterialPostprocessor.OnPostprocessAllAssets 2.183ms
			AssetChangeDetector.OnPostprocessAllAssets 1.845ms
			SpriteEditorTexturePostprocessor.OnPostprocessAllAssets 1.741ms
			TMPro_TexturePostProcessor.OnPostprocessAllAssets 1.664ms
			RenderPipelineGlobalSettingsPostprocessor.OnPostprocessAllAssets 1.508ms
			SampleDependencyImporterPostProcessor.OnPostprocessAllAssets 1.129ms
			InputActionAssetPostprocessor.OnPostprocessAllAssets 1.113ms
			ShaderReflectionAssetPostProcessor.OnPostprocessAllAssets 1.104ms
			ArtifactBrowserPostProcessor.OnPostprocessAllAssets 1.060ms
			TextAssetPostProcessor.OnPostprocessAllAssets 1.023ms
			ModelAssetProcessor.OnPostprocessAllAssets 0.946ms
			InputActionJsonNameModifierAssetProcessor.OnPostprocessAllAssets 0.828ms
			SkillsProjectAssetPostprocessor.OnPostprocessAllAssets 0.774ms
			PostProcessor.OnPostprocessAllAssets 0.719ms
			UVCSAssetPostprocessor.OnPostprocessAllAssets 0.663ms
			ReferencedClipsPostProcessor.OnPostprocessAllAssets 0.591ms
			AudioMixerPostprocessor.OnPostprocessAllAssets 0.575ms
			SpeedTreePostProcessor.OnPostprocessAllAssets 0.503ms
			AssetEvents.OnPostprocessAllAssets 0.447ms
			StyleCatalogPostProcessor.OnPostprocessAllAssets 0.437ms
			TerrainToolbarOverlayPostProcessor.OnPostprocessAllAssets 0.425ms
			SamplePostprocessor.OnPostprocessAllAssets 0.405ms
			ProjectSettingsPostprocessor.OnPostprocessAllAssets 0.381ms
			AssetDatabaseCallbacks.OnPostprocessAllAssets 0.301ms
			ConfigAssetsTracker.OnPostprocessAllAssets 0.230ms
			ScenarioDriftAssetsTracker.OnPostprocessAllAssets 0.218ms
			AudioContainerPostProcessor.OnPostprocessAllAssets 0.192ms
			TrackSelectedAssetsProcessor.OnPostprocessAllAssets 0.097ms
	PostAssetChangesProfiler: 161.298ms
	GatherAllCurrentPrimaryImportResultRevisions: 1.029ms
	UnloadStreamsBegin: 0.076ms
	PersistCurrentRevisions: 0.506ms
	GenerateScriptTypeHashes: 8.210ms
	GenerateScriptTypeSerializationHashes: 14.207ms
	Untracked: 5452.260ms

[Licensing::Client] Error: Code 404 while processing request (status: Found 0 entitlement groups and 0 free entitlements matching requested entitlement ids)
[Licensing::Client] Error: Code 404 while processing request (status: Found 0 entitlement groups and 0 free entitlements matching requested entitlement ids)
[Licensing::Client] Successfully resolved entitlement details
[Licensing::Client] Successfully resolved entitlement details
[Licensing::Client] Successfully resolved entitlement details
UPID Received 'ca0305d8-fd50-418a-928d-79e1b140c2d6'.
[Licensing::Client] Error: Code 404 while processing request (status: Found 0 entitlement groups and 0 free entitlements matching requested entitlement ids)
[Licensing::Client] Error: Code 404 while processing request (status: Found 0 entitlement groups and 0 free entitlements matching requested entitlement ids)
[Licensing::Client] Error: Code 404 while processing request (status: Found 0 entitlement groups and 0 free entitlements matching requested entitlement ids)
[Licensing::Client] Error: Code 404 while processing request (status: Found 0 entitlement groups and 0 free entitlements matching requested entitlement ids)
[Licensing::Client] Error: Code 404 while processing request (status: Found 0 entitlement groups and 0 free entitlements matching requested entitlement ids)
[Licensing::Client] Error: Code 404 while processing request (status: Found 0 entitlement groups and 0 free entitlements matching requested entitlement ids)
[INFO ] [relay] relay.startup port=9001 mcpClientPort=9002 editorPid=15024
[INFO ] [relay] log === RELAY SERVER STARTED === (unity-ai-relay v1.0.12-build.96)
[INFO ] [relay] log Starting relay server...
[INFO ] [relay] log Command line arguments: ["bun","B:/~BUN/root/relay_win.exe","--relay","--port","9001","--mcp-client-port","9002","--editor-pid","15024","--shutdown-delay","180","--log-dir","C:\\Users\\ikesakutarou\\t6-M6\\Molkky\\Logs"]
[INFO ] [relay] log Parsed config: {"port":9001,"mcpClientPort":9002,"editorPid":"15024","shutdownDelaySeconds":180}
[INFO ] [relay] log Initializing relay components...
[INFO ] [relay] log Creating RelayEditor...
[INFO ] [relay] log WebSocket server started
[INFO ] [relay] log Relay server initialization completed
[INFO ] [relay] log MCP Client initialized at port: 9002
[WARN ] [relay] log [shell-env] Shell environment did not contain a PATH variable
[INFO ] [relay] log Unity MCP Relay server started | Port: 9002 | Endpoints: /mcp/start-server, /mcp/stop-server, /mcp/server-status, /mcp/call-tool
[INFO ] [relay] log Unity client connected with ID: editor-15024-lq775c (relay 1.0.12-build.96)
[INFO ] [relay] connection.established clientId=editor-15024-lq775c port=9001
[Licensing::Client] Error: Code 404 while processing request (status: Found 0 entitlement groups and 0 free entitlements matching requested entitlement ids)
[Licensing::Client] Error: Code 404 while processing request (status: Found 0 entitlement groups and 0 free entitlements matching requested entitlement ids)
[ScriptCompilation] Requested script compilation because: AssetDatabase observed changes in script compilation related files
Refreshing native plugins compatible for Editor in 17.06 ms, found 5 plugins.

Asset Pipeline Refresh (id=b7dd8aac0254ab348afd95ac201531cd): Total: 0.995 seconds - Initiated by StopAssetImportingV2(NoUpdateAssetOptions)
	(Values over 0.05ms)
	Summary:
		Imports: total=0 (actual=0, local cache=0, cache server=0)
		Asset DB Process Time: managed=0 ms, native=452 ms
		Asset DB Callback time: managed=489 ms, native=51 ms
		Scripting: domain reloads=0, domain reload time=0 ms, compile time=2 ms, other=0 ms
		Project Asset Count: scripts=2161, non-scripts=5556
		Asset File Changes: new=0, changed=0, moved=1, deleted=0
		Scan Filter Count: 3
	ApplyChangesToAssetFolders: 0.373ms
	Scan: 60.779ms
	Collect global state as custom dependencies: 0.156ms
	OnSourceAssetsModified: 1.586ms
	CategorizeScriptCompilationAssets: 0.051ms
	ProcessAssetsWithTransientArtifactChanges: 2.008ms
	CategorizeAssets: 63.107ms
	CompileScripts: 1.810ms
	ImportOutOfDateAssets: 159.346ms (31.947ms without children)
		ReloadNativeAssets: 0.100ms
		UnloadImportedAssets: 0.460ms
		EnsureUptoDateAssetsAreRegisteredWithGuidPM: 2.168ms
		ImportSchedulerStart: 124.663ms
	PostProcessAllAssets: 472.839ms
		XRBuildSystem.XRAssetImported 1.748ms
		MonoPostProcessAllAssets: 469.807ms
			SyncVS.PostprocessSyncProject 465.141ms
			ShaderGraphAssetPostProcessor.OnPostprocessAllAssets 1.094ms
			AssetChangedListener.OnPostprocessAllAssets 0.960ms
			ModelAssetProcessor.OnPostprocessAllAssets 0.398ms
			SpriteEditorTexturePostprocessor.OnPostprocessAllAssets 0.332ms
			RenderPipelineGlobalSettingsPostprocessor.OnPostprocessAllAssets 0.295ms
			GraphRefreshPostprocessor.OnPostprocessAllAssets 0.185ms
			AssetPostprocessor.OnPostprocessAllAssets 0.178ms
			ProjectSettingsPostprocessor.OnPostprocessAllAssets 0.096ms
			AssetReferenceReimportMonitor.OnPostprocessAllAssets 0.096ms
			UniversalRenderPipelineGlobalSettingsPostprocessor.OnPostprocessAllAssets 0.065ms
			PostProcessor.OnPostprocessAllAssets 0.051ms
	PostAssetChangesProfiler: 66.605ms
	GatherAllCurrentPrimaryImportResultRevisions: 0.763ms
	UnloadStreamsBegin: 0.477ms
	PersistCurrentRevisions: 0.696ms
	Untracked: 164.447ms

info: Microsoft.AspNetCore.Hosting.Diagnostics[1]
      Request starting HTTP/2 POST http://ilpp/UnityILPP.PostProcessing/Ping - application/grpc -
info: Microsoft.AspNetCore.Routing.EndpointMiddleware[0]
      Executing endpoint 'gRPC - /UnityILPP.PostProcessing/Ping'
info: Microsoft.AspNetCore.Routing.EndpointMiddleware[1]
      Executed endpoint 'gRPC - /UnityILPP.PostProcessing/Ping'
info: Microsoft.AspNetCore.Hosting.Diagnostics[2]
      Request finished HTTP/2 POST http://ilpp/UnityILPP.PostProcessing/Ping - 200 - application/grpc 0.5628ms
Starting: C:\Program Files\Unity\Hub\Editor\6000.5.0f1\Editor\Data\Tools\BuildPipeline\bee_backend.exe --ipc --defer-dag-verification --dagfile="Library/Bee/1900b0aE.dag" --continue-on-failure --profile="Library/Bee/backend1.traceevents" ScriptAssemblies
WorkingDir: C:/Users/ikesakutarou/t6-M6/Molkky
info: Microsoft.AspNetCore.Hosting.Diagnostics[1]
      Request starting HTTP/2 POST http://ilpp/UnityILPP.PostProcessing/ConfigurePostProcessors - application/grpc -
info: Microsoft.AspNetCore.Routing.EndpointMiddleware[0]
      Executing endpoint 'gRPC - /UnityILPP.PostProcessing/ConfigurePostProcessors'
info: Unity.ILPP.Runner.PostProcessingAssemblyLoadContext[0]
      Current configuration matches the requested one, skipping
info: Microsoft.AspNetCore.Routing.EndpointMiddleware[1]
      Executed endpoint 'gRPC - /UnityILPP.PostProcessing/ConfigurePostProcessors'
info: Microsoft.AspNetCore.Hosting.Diagnostics[2]
      Request finished HTTP/2 POST http://ilpp/UnityILPP.PostProcessing/ConfigurePostProcessors - 200 - application/grpc 2.9390ms
ExitCode: 4 Duration: 0s940ms
[1247/1640  0s] ILPP-Configuration Library/ilpp-configuration.nevergeneratedoutput
Rebuilding DAG because FileSignature timestamp changed: Library/Bee/1900b0aE-inputdata.json
*** Tundra requires additional run (0.84 seconds), 2 items updated, 1268 evaluated
Starting: C:\Program Files\Unity\Hub\Editor\6000.5.0f1\Editor\Data\netcorerun\netcorerun.exe "C:\Program Files\Unity\Hub\Editor\6000.5.0f1\Editor\Data\Tools\BuildPipeline\ScriptCompilationBuildProgram.exe" "Library/Bee/1900b0aE.dag.json" "Library/Bee/1900b0aE-inputdata.json" "Library\Bee\buildprogram0.traceevents"
WorkingDir: C:/Users/ikesakutarou/t6-M6/Molkky
[Worker1] Imported GUID: d8d7796a4d642ce42856007227a63568 - Path: Assets/MolkkyItemHandler.cs - Importer: PreviewImporter -> (ImportResultId: '94f834652aa83bb357fd796736adecfc') in 0.072165 seconds
[Worker1] Imported GUID: d8d7796a4d642ce42856007227a63568 - Path: Assets/MolkkyItemHandler.cs - Importer: PreviewImporter -> (ImportResultId: '94f834652aa83bb357fd796736adecfc') in 0.0510906 seconds
[Worker1] Imported GUID: d8d7796a4d642ce42856007227a63568 - Path: Assets/MolkkyItemHandler.cs - Importer: PreviewImporter -> (ImportResultId: '94f834652aa83bb357fd796736adecfc') in 0.0448899 seconds
[Worker1] Imported GUID: d8d7796a4d642ce42856007227a63568 - Path: Assets/MolkkyItemHandler.cs - Importer: PreviewImporter -> (ImportResultId: '94f834652aa83bb357fd796736adecfc') in 0.0403565 seconds
[Worker2] Imported GUID: d8d7796a4d642ce42856007227a63568 - Path: Assets/MolkkyItemHandler.cs - Importer: PreviewImporter -> (ImportResultId: '94f834652aa83bb357fd796736adecfc') in 0.0636667 seconds
[Worker2] Imported GUID: d8d7796a4d642ce42856007227a63568 - Path: Assets/MolkkyItemHandler.cs - Importer: PreviewImporter -> (ImportResultId: '94f834652aa83bb357fd796736adecfc') in 0.0451159 seconds
[Worker2] Imported GUID: d8d7796a4d642ce42856007227a63568 - Path: Assets/MolkkyItemHandler.cs - Importer: PreviewImporter -> (ImportResultId: '94f834652aa83bb357fd796736adecfc') in 0.033021 seconds
[Worker2] Imported GUID: d8d7796a4d642ce42856007227a63568 - Path: Assets/MolkkyItemHandler.cs - Importer: PreviewImporter -> (ImportResultId: '94f834652aa83bb357fd796736adecfc') in 0.0379084 seconds
[Worker2] Imported GUID: d8d7796a4d642ce42856007227a63568 - Path: Assets/MolkkyItemHandler.cs - Importer: PreviewImporter -> (ImportResultId: '94f834652aa83bb357fd796736adecfc') in 0.0360777 seconds
[Worker2] Imported GUID: d8d7796a4d642ce42856007227a63568 - Path: Assets/MolkkyItemHandler.cs - Importer: PreviewImporter -> (ImportResultId: '94f834652aa83bb357fd796736adecfc') in 0.0333516 seconds
[Worker2] Imported GUID: d8d7796a4d642ce42856007227a63568 - Path: Assets/MolkkyItemHandler.cs - Importer: PreviewImporter -> (ImportResultId: '94f834652aa83bb357fd796736adecfc') in 0.0385627 seconds
[Worker2] Imported GUID: d8d7796a4d642ce42856007227a63568 - Path: Assets/MolkkyItemHandler.cs - Importer: PreviewImporter -> (ImportResultId: '94f834652aa83bb357fd796736adecfc') in 0.0390732 seconds
[Worker2] Imported GUID: d8d7796a4d642ce42856007227a63568 - Path: Assets/MolkkyItemHandler.cs - Importer: PreviewImporter -> (ImportResultId: '94f834652aa83bb357fd796736adecfc') in 0.0355952 seconds
[Worker2] Imported GUID: d8d7796a4d642ce42856007227a63568 - Path: Assets/MolkkyItemHandler.cs - Importer: PreviewImporter -> (ImportResultId: '94f834652aa83bb357fd796736adecfc') in 0.0354323 seconds
[Worker2] Imported GUID: d8d7796a4d642ce42856007227a63568 - Path: Assets/MolkkyItemHandler.cs - Importer: PreviewImporter -> (ImportResultId: '94f834652aa83bb357fd796736adecfc') in 0.0338216 seconds
[Worker2] Imported GUID: d8d7796a4d642ce42856007227a63568 - Path: Assets/MolkkyItemHandler.cs - Importer: PreviewImporter -> (ImportResultId: '94f834652aa83bb357fd796736adecfc') in 0.0353469 seconds
[Worker2] Imported GUID: d8d7796a4d642ce42856007227a63568 - Path: Assets/MolkkyItemHandler.cs - Importer: PreviewImporter -> (ImportResultId: '94f834652aa83bb357fd796736adecfc') in 0.039349 seconds
[Worker2] Imported GUID: d8d7796a4d642ce42856007227a63568 - Path: Assets/MolkkyItemHandler.cs - Importer: PreviewImporter -> (ImportResultId: '94f834652aa83bb357fd796736adecfc') in 0.0422916 seconds
[Worker2] Imported GUID: d8d7796a4d642ce42856007227a63568 - Path: Assets/MolkkyItemHandler.cs - Importer: PreviewImporter -> (ImportResultId: '94f834652aa83bb357fd796736adecfc') in 0.0476962 seconds
[Worker2] Imported GUID: d8d7796a4d642ce42856007227a63568 - Path: Assets/MolkkyItemHandler.cs - Importer: PreviewImporter -> (ImportResultId: '94f834652aa83bb357fd796736adecfc') in 0.0449007 seconds
[Worker2] Imported GUID: d8d7796a4d642ce42856007227a63568 - Path: Assets/MolkkyItemHandler.cs - Importer: PreviewImporter -> (ImportResultId: '94f834652aa83bb357fd796736adecfc') in 0.0383693 seconds
[ScriptCompilation] Requested script compilation because: AssetDatabase observed changes in script compilation related files
Refreshing native plugins compatible for Editor in 22.39 ms, found 5 plugins.

Asset Pipeline Refresh (id=26b064510947adf4ca94980273c9a970): Total: 0.925 seconds - Initiated by StopAssetImportingV2(NoUpdateAssetOptions)
	(Values over 0.05ms)
	Summary:
		Imports: total=0 (actual=0, local cache=0, cache server=0)
		Asset DB Process Time: managed=0 ms, native=399 ms
		Asset DB Callback time: managed=483 ms, native=41 ms
		Scripting: domain reloads=0, domain reload time=0 ms, compile time=0 ms, other=0 ms
		Project Asset Count: scripts=2161, non-scripts=5556
		Asset File Changes: new=0, changed=0, moved=1, deleted=0
		Scan Filter Count: 4
	ApplyChangesToAssetFolders: 0.314ms
	Scan: 28.714ms
	Collect global state as custom dependencies: 0.117ms
	OnSourceAssetsModified: 0.156ms
	ProcessAssetsWithTransientArtifactChanges: 0.540ms
	CategorizeAssets: 51.680ms
	CompileScripts: 0.264ms
	ImportOutOfDateAssets: 167.762ms (25.949ms without children)
		ReloadNativeAssets: 0.122ms
		UnloadImportedAssets: 0.523ms
		EnsureUptoDateAssetsAreRegisteredWithGuidPM: 2.794ms
		ImportSchedulerStart: 138.363ms
	PostProcessAllAssets: 478.859ms
		XRBuildSystem.XRAssetImported 1.913ms
		MonoPostProcessAllAssets: 476.646ms
			SyncVS.PostprocessSyncProject 466.851ms
			ModelAssetProcessor.OnPostprocessAllAssets 0.347ms
			SpriteEditorTexturePostprocessor.OnPostprocessAllAssets 0.290ms
			ShaderGraphAssetPostProcessor.OnPostprocessAllAssets 0.199ms
			RenderPipelineGlobalSettingsPostprocessor.OnPostprocessAllAssets 0.184ms
			GraphRefreshPostprocessor.OnPostprocessAllAssets 0.181ms
			AssetPostprocessor.OnPostprocessAllAssets 0.168ms
			AssetChangedListener.OnPostprocessAllAssets 0.119ms
			SkillsProjectAssetPostprocessor.OnPostprocessAllAssets 0.100ms
			BuilderAssetPostprocessor.OnPostprocessAllAssets 0.083ms
	PostAssetChangesProfiler: 46.656ms
	GatherAllCurrentPrimaryImportResultRevisions: 0.636ms
	PersistCurrentRevisions: 0.760ms
	Untracked: 148.615ms

Asset Pipeline Refresh (id=2fe1a4fad26e1fb4db54dc5394e8536c): Total: 0.003 seconds - Initiated by StopAssetImportingV2(NoUpdateAssetOptions)
ExitCode: 0 Duration: 4s734ms
Starting: C:\Program Files\Unity\Hub\Editor\6000.5.0f1\Editor\Data\Tools\BuildPipeline\bee_backend.exe --ipc --defer-dag-verification --dagfile="Library/Bee/1900b0aE.dag" --continue-on-failure --dagfilejson="Library\Bee\1900b0aE.dag.json" --profile="Library/Bee/backend2.traceevents" ScriptAssemblies
WorkingDir: C:/Users/ikesakutarou/t6-M6/Molkky
ExitCode: 2 Duration: 0s89ms
bee_backend: error: Failed IPC_Client_InitializeAndConnectToParent: WaitNamedPipeA on \\.\pipe\ipc_15024_cth_1 failed. GetLastError 指定されたファイルが見つかりません。



[Worker1] Imported GUID: d8d7796a4d642ce42856007227a63568 - Path: Assets/Script/MolkkyItemHandler.cs - Importer: PreviewImporter -> (ImportResultId: '94f834652aa83bb357fd796736adecfc') in 0.0280477 seconds

[Worker2] Imported GUID: d8d7796a4d642ce42856007227a63568 - Path: Assets/Script/MolkkyItemHandler.cs - Importer: PreviewImporter -> (ImportResultId: '94f834652aa83bb357fd796736adecfc') in 0.042256 seconds
[Worker2] Imported GUID: d8d7796a4d642ce42856007227a63568 - Path: Assets/Script/MolkkyItemHandler.cs - Importer: PreviewImporter -> (ImportResultId: '94f834652aa83bb357fd796736adecfc') in 0.0398224 seconds
[Worker2] Imported GUID: d8d7796a4d642ce42856007227a63568 - Path: Assets/Script/MolkkyItemHandler.cs - Importer: PreviewImporter -> (ImportResultId: '94f834652aa83bb357fd796736adecfc') in 0.043868 seconds
[Worker2] Imported GUID: d8d7796a4d642ce42856007227a63568 - Path: Assets/Script/MolkkyItemHandler.cs - Importer: PreviewImporter -> (ImportResultId: '94f834652aa83bb357fd796736adecfc') in 0.035824 seconds
info: Microsoft.AspNetCore.Hosting.Diagnostics[1]
      Request starting HTTP/2 POST http://ilpp/UnityILPP.PostProcessing/Ping - application/grpc -
info: Microsoft.AspNetCore.Routing.EndpointMiddleware[0]
      Executing endpoint 'gRPC - /UnityILPP.PostProcessing/Ping'
info: Microsoft.AspNetCore.Routing.EndpointMiddleware[1]
      Executed endpoint 'gRPC - /UnityILPP.PostProcessing/Ping'
info: Microsoft.AspNetCore.Hosting.Diagnostics[2]
      Request finished HTTP/2 POST http://ilpp/UnityILPP.PostProcessing/Ping - 200 - application/grpc 0.4112ms
Starting: C:\Program Files\Unity\Hub\Editor\6000.5.0f1\Editor\Data\Tools\BuildPipeline\bee_backend.exe --ipc --defer-dag-verification --dagfile="Library/Bee/1900b0aE.dag" --continue-on-failure --profile="Library/Bee/backend1.traceevents" ScriptAssemblies
WorkingDir: C:/Users/ikesakutarou/t6-M6/Molkky
Total cache size 266817116
Total cache size after purge 266817116, took 00:00:00.3981509
info: Microsoft.AspNetCore.Hosting.Diagnostics[1]
      Request starting HTTP/2 POST http://ilpp/UnityILPP.PostProcessing/ConfigurePostProcessors - application/grpc -
info: Microsoft.AspNetCore.Routing.EndpointMiddleware[0]
      Executing endpoint 'gRPC - /UnityILPP.PostProcessing/ConfigurePostProcessors'
info: Unity.ILPP.Runner.PostProcessingAssemblyLoadContext[0]
      Current configuration matches the requested one, skipping
info: Microsoft.AspNetCore.Routing.EndpointMiddleware[1]
      Executed endpoint 'gRPC - /UnityILPP.PostProcessing/ConfigurePostProcessors'
info: Microsoft.AspNetCore.Hosting.Diagnostics[2]
      Request finished HTTP/2 POST http://ilpp/UnityILPP.PostProcessing/ConfigurePostProcessors - 200 - application/grpc 6.0954ms
Starting: C:\Program Files\Unity\Hub\Editor\6000.5.0f1\Editor\Data\netcorerun\netcorerun.exe "C:\Program Files\Unity\Hub\Editor\6000.5.0f1\Editor\Data\Tools\BuildPipeline\ScriptCompilationBuildProgram.exe" "Library/Bee/1900b0aE.dag.json" "Library/Bee/1900b0aE-inputdata.json" "Library\Bee\buildprogram0.traceevents"
WorkingDir: C:/Users/ikesakutarou/t6-M6/Molkky
ExitCode: 4 Duration: 1s68ms
Rebuilding DAG because FileSignature timestamp changed: Library/Bee/1900b0aE-inputdata.json
[1247/1640  0s] ILPP-Configuration Library/ilpp-configuration.nevergeneratedoutput
*** Tundra requires additional run (0.98 seconds), 2 items updated, 1246 evaluated
[Worker2] Imported GUID: d8d7796a4d642ce42856007227a63568 - Path: Assets/Script/MolkkyItemHandler.cs - Importer: PreviewImporter -> (ImportResultId: '94f834652aa83bb357fd796736adecfc') in 0.0945866 seconds
[Worker2] Imported GUID: d8d7796a4d642ce42856007227a63568 - Path: Assets/Script/MolkkyItemHandler.cs - Importer: PreviewImporter -> (ImportResultId: '94f834652aa83bb357fd796736adecfc') in 0.0948529 seconds
[Worker2] Imported GUID: d8d7796a4d642ce42856007227a63568 - Path: Assets/Script/MolkkyItemHandler.cs - Importer: PreviewImporter -> (ImportResultId: '94f834652aa83bb357fd796736adecfc') in 0.0751988 seconds
[Worker2] Imported GUID: d8d7796a4d642ce42856007227a63568 - Path: Assets/Script/MolkkyItemHandler.cs - Importer: PreviewImporter -> (ImportResultId: '94f834652aa83bb357fd796736adecfc') in 0.0783897 seconds
[Worker2] Imported GUID: d8d7796a4d642ce42856007227a63568 - Path: Assets/Script/MolkkyItemHandler.cs - Importer: PreviewImporter -> (ImportResultId: '94f834652aa83bb357fd796736adecfc') in 0.0771909 seconds
[Worker2] Imported GUID: d8d7796a4d642ce42856007227a63568 - Path: Assets/Script/MolkkyItemHandler.cs - Importer: PreviewImporter -> (ImportResultId: '94f834652aa83bb357fd796736adecfc') in 0.0705434 seconds
[Worker2] Imported GUID: d8d7796a4d642ce42856007227a63568 - Path: Assets/Script/MolkkyItemHandler.cs - Importer: PreviewImporter -> (ImportResultId: '94f834652aa83bb357fd796736adecfc') in 0.0878641 seconds
[Worker2] Imported GUID: d8d7796a4d642ce42856007227a63568 - Path: Assets/Script/MolkkyItemHandler.cs - Importer: PreviewImporter -> (ImportResultId: '94f834652aa83bb357fd796736adecfc') in 0.2032 seconds
[Worker2] Imported GUID: d8d7796a4d642ce42856007227a63568 - Path: Assets/Script/MolkkyItemHandler.cs - Importer: PreviewImporter -> (ImportResultId: '94f834652aa83bb357fd796736adecfc') in 0.0689261 seconds
[Worker2] Imported GUID: d8d7796a4d642ce42856007227a63568 - Path: Assets/Script/MolkkyItemHandler.cs - Importer: PreviewImporter -> (ImportResultId: '94f834652aa83bb357fd796736adecfc') in 0.0714609 seconds
[Worker2] Imported GUID: d8d7796a4d642ce42856007227a63568 - Path: Assets/Script/MolkkyItemHandler.cs - Importer: PreviewImporter -> (ImportResultId: '94f834652aa83bb357fd796736adecfc') in 0.1097076 seconds
[Worker2] Imported GUID: d8d7796a4d642ce42856007227a63568 - Path: Assets/Script/MolkkyItemHandler.cs - Importer: PreviewImporter -> (ImportResultId: '94f834652aa83bb357fd796736adecfc') in 0.0660661 seconds
[Worker2] Imported GUID: d8d7796a4d642ce42856007227a63568 - Path: Assets/Script/MolkkyItemHandler.cs - Importer: PreviewImporter -> (ImportResultId: '94f834652aa83bb357fd796736adecfc') in 0.0640971 seconds
[Worker2] Imported GUID: d8d7796a4d642ce42856007227a63568 - Path: Assets/Script/MolkkyItemHandler.cs - Importer: PreviewImporter -> (ImportResultId: '94f834652aa83bb357fd796736adecfc') in 0.0527015 seconds
[Worker2] Imported GUID: d8d7796a4d642ce42856007227a63568 - Path: Assets/Script/MolkkyItemHandler.cs - Importer: PreviewImporter -> (ImportResultId: '94f834652aa83bb357fd796736adecfc') in 0.0609267 seconds
[Worker2] Imported GUID: d8d7796a4d642ce42856007227a63568 - Path: Assets/Script/MolkkyItemHandler.cs - Importer: PreviewImporter -> (ImportResultId: '94f834652aa83bb357fd796736adecfc') in 0.0757798 seconds
[Worker2] Imported GUID: d8d7796a4d642ce42856007227a63568 - Path: Assets/Script/MolkkyItemHandler.cs - Importer: PreviewImporter -> (ImportResultId: '94f834652aa83bb357fd796736adecfc') in 0.0556914 seconds
[Worker2] Imported GUID: d8d7796a4d642ce42856007227a63568 - Path: Assets/Script/MolkkyItemHandler.cs - Importer: PreviewImporter -> (ImportResultId: '94f834652aa83bb357fd796736adecfc') in 0.057676 seconds
[Worker2] Imported GUID: d8d7796a4d642ce42856007227a63568 - Path: Assets/Script/MolkkyItemHandler.cs - Importer: PreviewImporter -> (ImportResultId: '94f834652aa83bb357fd796736adecfc') in 0.0492278 seconds
[Worker2] Imported GUID: d8d7796a4d642ce42856007227a63568 - Path: Assets/Script/MolkkyItemHandler.cs - Importer: PreviewImporter -> (ImportResultId: '94f834652aa83bb357fd796736adecfc') in 0.0763283 seconds
[Worker2] Imported GUID: d8d7796a4d642ce42856007227a63568 - Path: Assets/Script/MolkkyItemHandler.cs - Importer: PreviewImporter -> (ImportResultId: '94f834652aa83bb357fd796736adecfc') in 0.0758482 seconds
[Worker2] Imported GUID: d8d7796a4d642ce42856007227a63568 - Path: Assets/Script/MolkkyItemHandler.cs - Importer: PreviewImporter -> (ImportResultId: '94f834652aa83bb357fd796736adecfc') in 0.0862735 seconds
[Worker2] Imported GUID: d8d7796a4d642ce42856007227a63568 - Path: Assets/Script/MolkkyItemHandler.cs - Importer: PreviewImporter -> (ImportResultId: '94f834652aa83bb357fd796736adecfc') in 0.0658379 seconds
[Worker2] Imported GUID: d8d7796a4d642ce42856007227a63568 - Path: Assets/Script/MolkkyItemHandler.cs - Importer: PreviewImporter -> (ImportResultId: '94f834652aa83bb357fd796736adecfc') in 0.0670367 seconds
[Worker2] Imported GUID: d8d7796a4d642ce42856007227a63568 - Path: Assets/Script/MolkkyItemHandler.cs - Importer: PreviewImporter -> (ImportResultId: '94f834652aa83bb357fd796736adecfc') in 0.0638858 seconds
[Worker2] Imported GUID: d8d7796a4d642ce42856007227a63568 - Path: Assets/Script/MolkkyItemHandler.cs - Importer: PreviewImporter -> (ImportResultId: '94f834652aa83bb357fd796736adecfc') in 0.0758258 seconds
[Worker2] Imported GUID: d8d7796a4d642ce42856007227a63568 - Path: Assets/Script/MolkkyItemHandler.cs - Importer: PreviewImporter -> (ImportResultId: '94f834652aa83bb357fd796736adecfc') in 0.0545169 seconds
[Worker2] Imported GUID: d8d7796a4d642ce42856007227a63568 - Path: Assets/Script/MolkkyItemHandler.cs - Importer: PreviewImporter -> (ImportResultId: '94f834652aa83bb357fd796736adecfc') in 0.0622918 seconds
[Worker2] Imported GUID: d8d7796a4d642ce42856007227a63568 - Path: Assets/Script/MolkkyItemHandler.cs - Importer: PreviewImporter -> (ImportResultId: '94f834652aa83bb357fd796736adecfc') in 0.0777374 seconds
[Worker2] Imported GUID: d8d7796a4d642ce42856007227a63568 - Path: Assets/Script/MolkkyItemHandler.cs - Importer: PreviewImporter -> (ImportResultId: '94f834652aa83bb357fd796736adecfc') in 0.0710026 seconds
[Worker2] Imported GUID: d8d7796a4d642ce42856007227a63568 - Path: Assets/Script/MolkkyItemHandler.cs - Importer: PreviewImporter -> (ImportResultId: '94f834652aa83bb357fd796736adecfc') in 0.0887931 seconds
[Worker2] Imported GUID: d8d7796a4d642ce42856007227a63568 - Path: Assets/Script/MolkkyItemHandler.cs - Importer: PreviewImporter -> (ImportResultId: '94f834652aa83bb357fd796736adecfc') in 0.0925578 seconds
[Worker2] Imported GUID: d8d7796a4d642ce42856007227a63568 - Path: Assets/Script/MolkkyItemHandler.cs - Importer: PreviewImporter -> (ImportResultId: '94f834652aa83bb357fd796736adecfc') in 0.089573 seconds
[Worker2] Imported GUID: d8d7796a4d642ce42856007227a63568 - Path: Assets/Script/MolkkyItemHandler.cs - Importer: PreviewImporter -> (ImportResultId: '94f834652aa83bb357fd796736adecfc') in 0.1129054 seconds
[Worker2] Imported GUID: d8d7796a4d642ce42856007227a63568 - Path: Assets/Script/MolkkyItemHandler.cs - Importer: PreviewImporter -> (ImportResultId: '94f834652aa83bb357fd796736adecfc') in 0.1230228 seconds
[Worker2] Imported GUID: d8d7796a4d642ce42856007227a63568 - Path: Assets/Script/MolkkyItemHandler.cs - Importer: PreviewImporter -> (ImportResultId: '94f834652aa83bb357fd796736adecfc') in 0.0938662 seconds
[Worker2] Imported GUID: d8d7796a4d642ce42856007227a63568 - Path: Assets/Script/MolkkyItemHandler.cs - Importer: PreviewImporter -> (ImportResultId: '94f834652aa83bb357fd796736adecfc') in 0.065365 seconds
[Worker2] Imported GUID: d8d7796a4d642ce42856007227a63568 - Path: Assets/Script/MolkkyItemHandler.cs - Importer: PreviewImporter -> (ImportResultId: '94f834652aa83bb357fd796736adecfc') in 0.0824579 seconds
[Worker2] Imported GUID: d8d7796a4d642ce42856007227a63568 - Path: Assets/Script/MolkkyItemHandler.cs - Importer: PreviewImporter -> (ImportResultId: '94f834652aa83bb357fd796736adecfc') in 0.0718089 seconds
[Worker2] Imported GUID: d8d7796a4d642ce42856007227a63568 - Path: Assets/Script/MolkkyItemHandler.cs - Importer: PreviewImporter -> (ImportResultId: '94f834652aa83bb357fd796736adecfc') in 0.1054136 seconds
[Worker2] Imported GUID: d8d7796a4d642ce42856007227a63568 - Path: Assets/Script/MolkkyItemHandler.cs - Importer: PreviewImporter -> (ImportResultId: '94f834652aa83bb357fd796736adecfc') in 0.099429 seconds
[Worker2] Imported GUID: d8d7796a4d642ce42856007227a63568 - Path: Assets/Script/MolkkyItemHandler.cs - Importer: PreviewImporter -> (ImportResultId: '94f834652aa83bb357fd796736adecfc') in 0.1002687 seconds
[Worker2] Imported GUID: d8d7796a4d642ce42856007227a63568 - Path: Assets/Script/MolkkyItemHandler.cs - Importer: PreviewImporter -> (ImportResultId: '94f834652aa83bb357fd796736adecfc') in 0.0938779 seconds
[Worker2] Imported GUID: d8d7796a4d642ce42856007227a63568 - Path: Assets/Script/MolkkyItemHandler.cs - Importer: PreviewImporter -> (ImportResultId: '94f834652aa83bb357fd796736adecfc') in 0.1174548 seconds
[Worker2] Imported GUID: d8d7796a4d642ce42856007227a63568 - Path: Assets/Script/MolkkyItemHandler.cs - Importer: PreviewImporter -> (ImportResultId: '94f834652aa83bb357fd796736adecfc') in 0.107468 seconds
[Worker2] Imported GUID: d8d7796a4d642ce42856007227a63568 - Path: Assets/Script/MolkkyItemHandler.cs - Importer: PreviewImporter -> (ImportResultId: '94f834652aa83bb357fd796736adecfc') in 0.0897989 seconds
[Worker2] Imported GUID: d8d7796a4d642ce42856007227a63568 - Path: Assets/Script/MolkkyItemHandler.cs - Importer: PreviewImporter -> (ImportResultId: '94f834652aa83bb357fd796736adecfc') in 0.074452 seconds
[Worker2] Imported GUID: d8d7796a4d642ce42856007227a63568 - Path: Assets/Script/MolkkyItemHandler.cs - Importer: PreviewImporter -> (ImportResultId: '94f834652aa83bb357fd796736adecfc') in 0.1220929 seconds
[Worker2] Imported GUID: d8d7796a4d642ce42856007227a63568 - Path: Assets/Script/MolkkyItemHandler.cs - Importer: PreviewImporter -> (ImportResultId: '94f834652aa83bb357fd796736adecfc') in 0.0700271 seconds
[Worker2] Imported GUID: d8d7796a4d642ce42856007227a63568 - Path: Assets/Script/MolkkyItemHandler.cs - Importer: PreviewImporter -> (ImportResultId: '94f834652aa83bb357fd796736adecfc') in 0.0573674 seconds
[Worker2] Imported GUID: d8d7796a4d642ce42856007227a63568 - Path: Assets/Script/MolkkyItemHandler.cs - Importer: PreviewImporter -> (ImportResultId: '94f834652aa83bb357fd796736adecfc') in 0.0632859 seconds
[Worker2] Imported GUID: d8d7796a4d642ce42856007227a63568 - Path: Assets/Script/MolkkyItemHandler.cs - Importer: PreviewImporter -> (ImportResultId: '94f834652aa83bb357fd796736adecfc') in 0.0660303 seconds
[Worker2] Imported GUID: d8d7796a4d642ce42856007227a63568 - Path: Assets/Script/MolkkyItemHandler.cs - Importer: PreviewImporter -> (ImportResultId: '94f834652aa83bb357fd796736adecfc') in 0.0675382 seconds
[Worker2] Imported GUID: d8d7796a4d642ce42856007227a63568 - Path: Assets/Script/MolkkyItemHandler.cs - Importer: PreviewImporter -> (ImportResultId: '94f834652aa83bb357fd796736adecfc') in 0.055514 seconds
[Worker2] Imported GUID: d8d7796a4d642ce42856007227a63568 - Path: Assets/Script/MolkkyItemHandler.cs - Importer: PreviewImporter -> (ImportResultId: '94f834652aa83bb357fd796736adecfc') in 0.1894756 seconds
[Worker2] Imported GUID: d8d7796a4d642ce42856007227a63568 - Path: Assets/Script/MolkkyItemHandler.cs - Importer: PreviewImporter -> (ImportResultId: '94f834652aa83bb357fd796736adecfc') in 0.0656398 seconds
[Worker2] Imported GUID: d8d7796a4d642ce42856007227a63568 - Path: Assets/Script/MolkkyItemHandler.cs - Importer: PreviewImporter -> (ImportResultId: '00000000000000000000000000000000') in 0.0727361 seconds
[Worker2] Import Error Code:(4)
Message: Build asset version error: assets/script/molkkyitemhandler.cs in SourceAssetDB has modification time of '2026-08-06T05:54:09.6859304Z' while content on disk has modification time of '2026-08-06T05:55:04.2306198Z'
[Worker2] Imported GUID: d8d7796a4d642ce42856007227a63568 - Path: Assets/Script/MolkkyItemHandler.cs - Importer: PreviewImporter -> (ImportResultId: '00000000000000000000000000000000') in 0.0837507 seconds
[Worker2] Import Error Code:(4)
Message: Build asset version error: assets/script/molkkyitemhandler.cs in SourceAssetDB has modification time of '2026-08-06T05:54:09.6859304Z' while content on disk has modification time of '2026-08-06T05:55:04.2306198Z'
[Worker2] Imported GUID: d8d7796a4d642ce42856007227a63568 - Path: Assets/Script/MolkkyItemHandler.cs - Importer: PreviewImporter -> (ImportResultId: '00000000000000000000000000000000') in 0.0693014 seconds
[Worker2] Import Error Code:(4)
Message: Build asset version error: assets/script/molkkyitemhandler.cs in SourceAssetDB has modification time of '2026-08-06T05:54:09.6859304Z' while content on disk has modification time of '2026-08-06T05:55:04.2306198Z'
[Worker2] Imported GUID: d8d7796a4d642ce42856007227a63568 - Path: Assets/Script/MolkkyItemHandler.cs - Importer: PreviewImporter -> (ImportResultId: '00000000000000000000000000000000') in 0.0746067 seconds
[Worker2] Import Error Code:(4)
Message: Build asset version error: assets/script/molkkyitemhandler.cs in SourceAssetDB has modification time of '2026-08-06T05:54:09.6859304Z' while content on disk has modification time of '2026-08-06T05:55:04.2306198Z'
ExitCode: 0 Duration: 6s917ms
Starting: C:\Program Files\Unity\Hub\Editor\6000.5.0f1\Editor\Data\Tools\BuildPipeline\bee_backend.exe --ipc --defer-dag-verification --dagfile="Library/Bee/1900b0aE.dag" --continue-on-failure --dagfilejson="Library\Bee\1900b0aE.dag.json" --profile="Library/Bee/backend2.traceevents" ScriptAssemblies
WorkingDir: C:/Users/ikesakutarou/t6-M6/Molkky
[Worker2] Imported GUID: d8d7796a4d642ce42856007227a63568 - Path: Assets/Script/MolkkyItemHandler.cs - Importer: PreviewImporter -> (ImportResultId: '00000000000000000000000000000000') in 0.0680409 seconds
[Worker2] Import Error Code:(4)
Message: Build asset version error: assets/script/molkkyitemhandler.cs in SourceAssetDB has modification time of '2026-08-06T05:54:09.6859304Z' while content on disk has modification time of '2026-08-06T05:55:04.2306198Z'
[Worker2] Imported GUID: d8d7796a4d642ce42856007227a63568 - Path: Assets/Script/MolkkyItemHandler.cs - Importer: PreviewImporter -> (ImportResultId: '00000000000000000000000000000000') in 0.0741693 seconds
[Worker2] Import Error Code:(4)
Message: Build asset version error: assets/script/molkkyitemhandler.cs in SourceAssetDB has modification time of '2026-08-06T05:54:09.6859304Z' while content on disk has modification time of '2026-08-06T05:55:04.2306198Z'
[Worker2] Imported GUID: d8d7796a4d642ce42856007227a63568 - Path: Assets/Script/MolkkyItemHandler.cs - Importer: PreviewImporter -> (ImportResultId: '00000000000000000000000000000000') in 0.069687 seconds
[Worker2] Import Error Code:(4)
Message: Build asset version error: assets/script/molkkyitemhandler.cs in SourceAssetDB has modification time of '2026-08-06T05:54:09.6859304Z' while content on disk has modification time of '2026-08-06T05:55:04.2306198Z'
[Worker2] Imported GUID: d8d7796a4d642ce42856007227a63568 - Path: Assets/Script/MolkkyItemHandler.cs - Importer: PreviewImporter -> (ImportResultId: '00000000000000000000000000000000') in 0.0748191 seconds
[Worker2] Import Error Code:(4)
Message: Build asset version error: assets/script/molkkyitemhandler.cs in SourceAssetDB has modification time of '2026-08-06T05:54:09.6859304Z' while content on disk has modification time of '2026-08-06T05:55:04.2306198Z'
[Worker2] Imported GUID: d8d7796a4d642ce42856007227a63568 - Path: Assets/Script/MolkkyItemHandler.cs - Importer: PreviewImporter -> (ImportResultId: '00000000000000000000000000000000') in 0.0958703 seconds
[Worker2] Import Error Code:(4)
Message: Build asset version error: assets/script/molkkyitemhandler.cs in SourceAssetDB has modification time of '2026-08-06T05:54:09.6859304Z' while content on disk has modification time of '2026-08-06T05:55:04.2306198Z'
[Worker2] Imported GUID: d8d7796a4d642ce42856007227a63568 - Path: Assets/Script/MolkkyItemHandler.cs - Importer: PreviewImporter -> (ImportResultId: '00000000000000000000000000000000') in 0.0630931 seconds
[Worker2] Import Error Code:(4)
Message: Build asset version error: assets/script/molkkyitemhandler.cs in SourceAssetDB has modification time of '2026-08-06T05:54:09.6859304Z' while content on disk has modification time of '2026-08-06T05:55:04.2306198Z'
[Worker2] Imported GUID: d8d7796a4d642ce42856007227a63568 - Path: Assets/Script/MolkkyItemHandler.cs - Importer: PreviewImporter -> (ImportResultId: '00000000000000000000000000000000') in 0.082843 seconds
[Worker2] Import Error Code:(4)
Message: Build asset version error: assets/script/molkkyitemhandler.cs in SourceAssetDB has modification time of '2026-08-06T05:54:09.6859304Z' while content on disk has modification time of '2026-08-06T05:55:04.2306198Z'
[Worker2] Imported GUID: d8d7796a4d642ce42856007227a63568 - Path: Assets/Script/MolkkyItemHandler.cs - Importer: PreviewImporter -> (ImportResultId: '00000000000000000000000000000000') in 0.0595662 seconds
[Worker2] Import Error Code:(4)
Message: Build asset version error: assets/script/molkkyitemhandler.cs in SourceAssetDB has modification time of '2026-08-06T05:54:09.6859304Z' while content on disk has modification time of '2026-08-06T05:55:04.2306198Z'
[Worker2] Imported GUID: d8d7796a4d642ce42856007227a63568 - Path: Assets/Script/MolkkyItemHandler.cs - Importer: PreviewImporter -> (ImportResultId: '00000000000000000000000000000000') in 0.0747228 seconds
[Worker2] Import Error Code:(4)
Message: Build asset version error: assets/script/molkkyitemhandler.cs in SourceAssetDB has modification time of '2026-08-06T05:54:09.6859304Z' while content on disk has modification time of '2026-08-06T05:55:04.2306198Z'
[Worker2] Imported GUID: d8d7796a4d642ce42856007227a63568 - Path: Assets/Script/MolkkyItemHandler.cs - Importer: PreviewImporter -> (ImportResultId: '00000000000000000000000000000000') in 0.0922986 seconds
[Worker2] Import Error Code:(4)
Message: Build asset version error: assets/script/molkkyitemhandler.cs in SourceAssetDB has modification time of '2026-08-06T05:54:09.6859304Z' while content on disk has modification time of '2026-08-06T05:55:04.2306198Z'
[Worker2] Imported GUID: d8d7796a4d642ce42856007227a63568 - Path: Assets/Script/MolkkyItemHandler.cs - Importer: PreviewImporter -> (ImportResultId: '00000000000000000000000000000000') in 0.0803353 seconds
[Worker2] Import Error Code:(4)
Message: Build asset version error: assets/script/molkkyitemhandler.cs in SourceAssetDB has modification time of '2026-08-06T05:54:09.6859304Z' while content on disk has modification time of '2026-08-06T05:55:04.2306198Z'
[Worker2] Imported GUID: d8d7796a4d642ce42856007227a63568 - Path: Assets/Script/MolkkyItemHandler.cs - Importer: PreviewImporter -> (ImportResultId: '00000000000000000000000000000000') in 0.0791793 seconds
[Worker2] Import Error Code:(4)
Message: Build asset version error: assets/script/molkkyitemhandler.cs in SourceAssetDB has modification time of '2026-08-06T05:54:09.6859304Z' while content on disk has modification time of '2026-08-06T05:55:04.2306198Z'
[Worker2] Imported GUID: d8d7796a4d642ce42856007227a63568 - Path: Assets/Script/MolkkyItemHandler.cs - Importer: PreviewImporter -> (ImportResultId: '00000000000000000000000000000000') in 0.089984 seconds
[Worker2] Import Error Code:(4)
Message: Build asset version error: assets/script/molkkyitemhandler.cs in SourceAssetDB has modification time of '2026-08-06T05:54:09.6859304Z' while content on disk has modification time of '2026-08-06T05:55:04.2306198Z'
[Worker2] Imported GUID: d8d7796a4d642ce42856007227a63568 - Path: Assets/Script/MolkkyItemHandler.cs - Importer: PreviewImporter -> (ImportResultId: '00000000000000000000000000000000') in 0.1982742 seconds
[Worker2] Import Error Code:(4)
Message: Build asset version error: assets/script/molkkyitemhandler.cs in SourceAssetDB has modification time of '2026-08-06T05:54:09.6859304Z' while content on disk has modification time of '2026-08-06T05:55:04.2306198Z'
[Worker2] Imported GUID: d8d7796a4d642ce42856007227a63568 - Path: Assets/Script/MolkkyItemHandler.cs - Importer: PreviewImporter -> (ImportResultId: '00000000000000000000000000000000') in 0.0642143 seconds
[Worker2] Import Error Code:(4)
Message: Build asset version error: assets/script/molkkyitemhandler.cs in SourceAssetDB has modification time of '2026-08-06T05:54:09.6859304Z' while content on disk has modification time of '2026-08-06T05:55:04.2306198Z'
info: Microsoft.AspNetCore.Hosting.Diagnostics[1]
      Request starting HTTP/2 POST http://ilpp/UnityILPP.PostProcessing/ConfigurePostProcessors - application/grpc -
info: Microsoft.AspNetCore.Routing.EndpointMiddleware[0]
      Executing endpoint 'gRPC - /UnityILPP.PostProcessing/ConfigurePostProcessors'
info: Unity.ILPP.Runner.PostProcessingAssemblyLoadContext[0]
      Current configuration matches the requested one, skipping
info: Microsoft.AspNetCore.Routing.EndpointMiddleware[1]
      Executed endpoint 'gRPC - /UnityILPP.PostProcessing/ConfigurePostProcessors'
info: Microsoft.AspNetCore.Hosting.Diagnostics[2]
      Request finished HTTP/2 POST http://ilpp/UnityILPP.PostProcessing/ConfigurePostProcessors - 200 - application/grpc 3.0415ms
[Worker2] Imported GUID: d8d7796a4d642ce42856007227a63568 - Path: Assets/Script/MolkkyItemHandler.cs - Importer: PreviewImporter -> (ImportResultId: '00000000000000000000000000000000') in 0.144016 seconds
[Worker2] Import Error Code:(4)
Message: Build asset version error: assets/script/molkkyitemhandler.cs in SourceAssetDB has modification time of '2026-08-06T05:54:09.6859304Z' while content on disk has modification time of '2026-08-06T05:55:04.2306198Z'
[Worker2] Imported GUID: d8d7796a4d642ce42856007227a63568 - Path: Assets/Script/MolkkyItemHandler.cs - Importer: PreviewImporter -> (ImportResultId: '00000000000000000000000000000000') in 0.0871189 seconds
[Worker2] Import Error Code:(4)
Message: Build asset version error: assets/script/molkkyitemhandler.cs in SourceAssetDB has modification time of '2026-08-06T05:54:09.6859304Z' while content on disk has modification time of '2026-08-06T05:55:04.2306198Z'
[Worker2] Imported GUID: d8d7796a4d642ce42856007227a63568 - Path: Assets/Script/MolkkyItemHandler.cs - Importer: PreviewImporter -> (ImportResultId: '00000000000000000000000000000000') in 0.0720899 seconds
[Worker2] Import Error Code:(4)
Message: Build asset version error: assets/script/molkkyitemhandler.cs in SourceAssetDB has modification time of '2026-08-06T05:54:09.6859304Z' while content on disk has modification time of '2026-08-06T05:55:04.2306198Z'
[Worker2] Imported GUID: d8d7796a4d642ce42856007227a63568 - Path: Assets/Script/MolkkyItemHandler.cs - Importer: PreviewImporter -> (ImportResultId: '00000000000000000000000000000000') in 0.0863518 seconds
[Worker2] Import Error Code:(4)
Message: Build asset version error: assets/script/molkkyitemhandler.cs in SourceAssetDB has modification time of '2026-08-06T05:54:09.6859304Z' while content on disk has modification time of '2026-08-06T05:55:04.2306198Z'
[Worker2] Imported GUID: d8d7796a4d642ce42856007227a63568 - Path: Assets/Script/MolkkyItemHandler.cs - Importer: PreviewImporter -> (ImportResultId: '00000000000000000000000000000000') in 0.100067 seconds
[Worker2] Import Error Code:(4)
Message: Build asset version error: assets/script/molkkyitemhandler.cs in SourceAssetDB has modification time of '2026-08-06T05:54:09.6859304Z' while content on disk has modification time of '2026-08-06T05:55:04.2306198Z'
[Worker2] Imported GUID: d8d7796a4d642ce42856007227a63568 - Path: Assets/Script/MolkkyItemHandler.cs - Importer: PreviewImporter -> (ImportResultId: '00000000000000000000000000000000') in 0.0986563 seconds
[Worker2] Import Error Code:(4)
Message: Build asset version error: assets/script/molkkyitemhandler.cs in SourceAssetDB has modification time of '2026-08-06T05:54:09.6859304Z' while content on disk has modification time of '2026-08-06T05:55:04.2306198Z'
[Worker2] Imported GUID: d8d7796a4d642ce42856007227a63568 - Path: Assets/Script/MolkkyItemHandler.cs - Importer: PreviewImporter -> (ImportResultId: '00000000000000000000000000000000') in 0.0955341 seconds
[Worker2] Import Error Code:(4)
Message: Build asset version error: assets/script/molkkyitemhandler.cs in SourceAssetDB has modification time of '2026-08-06T05:54:09.6859304Z' while content on disk has modification time of '2026-08-06T05:55:04.2306198Z'
[Worker2] Imported GUID: d8d7796a4d642ce42856007227a63568 - Path: Assets/Script/MolkkyItemHandler.cs - Importer: PreviewImporter -> (ImportResultId: '00000000000000000000000000000000') in 0.076715 seconds
[Worker2] Import Error Code:(4)
Message: Build asset version error: assets/script/molkkyitemhandler.cs in SourceAssetDB has modification time of '2026-08-06T05:54:09.6859304Z' while content on disk has modification time of '2026-08-06T05:55:04.2306198Z'
[Worker2] Imported GUID: d8d7796a4d642ce42856007227a63568 - Path: Assets/Script/MolkkyItemHandler.cs - Importer: PreviewImporter -> (ImportResultId: '00000000000000000000000000000000') in 0.0965043 seconds
[Worker2] Import Error Code:(4)
Message: Build asset version error: assets/script/molkkyitemhandler.cs in SourceAssetDB has modification time of '2026-08-06T05:54:09.6859304Z' while content on disk has modification time of '2026-08-06T05:55:04.2306198Z'
[Worker2] Imported GUID: d8d7796a4d642ce42856007227a63568 - Path: Assets/Script/MolkkyItemHandler.cs - Importer: PreviewImporter -> (ImportResultId: '00000000000000000000000000000000') in 0.1462833 seconds
[Worker2] Import Error Code:(4)
Message: Build asset version error: assets/script/molkkyitemhandler.cs in SourceAssetDB has modification time of '2026-08-06T05:54:09.6859304Z' while content on disk has modification time of '2026-08-06T05:55:04.2306198Z'
[Worker2] Imported GUID: d8d7796a4d642ce42856007227a63568 - Path: Assets/Script/MolkkyItemHandler.cs - Importer: PreviewImporter -> (ImportResultId: '00000000000000000000000000000000') in 0.0696947 seconds
[Worker2] Import Error Code:(4)
Message: Build asset version error: assets/script/molkkyitemhandler.cs in SourceAssetDB has modification time of '2026-08-06T05:54:09.6859304Z' while content on disk has modification time of '2026-08-06T05:55:04.2306198Z'
[Worker2] Imported GUID: d8d7796a4d642ce42856007227a63568 - Path: Assets/Script/MolkkyItemHandler.cs - Importer: PreviewImporter -> (ImportResultId: '00000000000000000000000000000000') in 0.1334289 seconds
[Worker2] Import Error Code:(4)
Message: Build asset version error: assets/script/molkkyitemhandler.cs in SourceAssetDB has modification time of '2026-08-06T05:54:09.6859304Z' while content on disk has modification time of '2026-08-06T05:55:04.2306198Z'
[Worker2] Imported GUID: d8d7796a4d642ce42856007227a63568 - Path: Assets/Script/MolkkyItemHandler.cs - Importer: PreviewImporter -> (ImportResultId: '00000000000000000000000000000000') in 0.1057696 seconds
[Worker2] Import Error Code:(4)
Message: Build asset version error: assets/script/molkkyitemhandler.cs in SourceAssetDB has modification time of '2026-08-06T05:54:09.6859304Z' while content on disk has modification time of '2026-08-06T05:55:04.2306198Z'
[Worker2] Imported GUID: d8d7796a4d642ce42856007227a63568 - Path: Assets/Script/MolkkyItemHandler.cs - Importer: PreviewImporter -> (ImportResultId: '00000000000000000000000000000000') in 0.0899538 seconds
[Worker2] Import Error Code:(4)
Message: Build asset version error: assets/script/molkkyitemhandler.cs in SourceAssetDB has modification time of '2026-08-06T05:54:09.6859304Z' while content on disk has modification time of '2026-08-06T05:55:04.2306198Z'
[Worker2] Imported GUID: d8d7796a4d642ce42856007227a63568 - Path: Assets/Script/MolkkyItemHandler.cs - Importer: PreviewImporter -> (ImportResultId: '00000000000000000000000000000000') in 0.0812566 seconds
[Worker2] Import Error Code:(4)
Message: Build asset version error: assets/script/molkkyitemhandler.cs in SourceAssetDB has modification time of '2026-08-06T05:54:09.6859304Z' while content on disk has modification time of '2026-08-06T05:55:04.2306198Z'
info: Microsoft.AspNetCore.Hosting.Diagnostics[1]
      Request starting HTTP/2 POST http://ilpp/UnityILPP.PostProcessing/PostProcessAssembly - application/grpc -
info: Microsoft.AspNetCore.Routing.EndpointMiddleware[0]
      Executing endpoint 'gRPC - /UnityILPP.PostProcessing/PostProcessAssembly'
info: Unity.ILPP.Runner.PostProcessingPipeline[0]
      Processing assembly Library/Bee/artifacts/1900b0aE.dag/Assembly-CSharp.dll, with 144 defines and 369 references
info: Unity.ILPP.Runner.PostProcessingPipeline[0]
      processors: Unity.Jobs.CodeGen.JobsILPostProcessor, zzzUnity.Burst.CodeGen.BurstILPostProcessor
info: Unity.ILPP.Runner.PostProcessingPipeline[0]
      running Unity.Jobs.CodeGen.JobsILPostProcessor
info: Unity.ILPP.Runner.PostProcessingPipeline[0]
      running zzzUnity.Burst.CodeGen.BurstILPostProcessor
[Worker2] Imported GUID: d8d7796a4d642ce42856007227a63568 - Path: Assets/Script/MolkkyItemHandler.cs - Importer: PreviewImporter -> (ImportResultId: '00000000000000000000000000000000') in 0.0830173 seconds
[Worker2] Import Error Code:(4)
Message: Build asset version error: assets/script/molkkyitemhandler.cs in SourceAssetDB has modification time of '2026-08-06T05:54:09.6859304Z' while content on disk has modification time of '2026-08-06T05:55:04.2306198Z'
info: Microsoft.AspNetCore.Routing.EndpointMiddleware[1]
      Executed endpoint 'gRPC - /UnityILPP.PostProcessing/PostProcessAssembly'
info: Microsoft.AspNetCore.Hosting.Diagnostics[2]
      Request finished HTTP/2 POST http://ilpp/UnityILPP.PostProcessing/PostProcessAssembly - 200 - application/grpc 111.3344ms
[Worker2] Imported GUID: d8d7796a4d642ce42856007227a63568 - Path: Assets/Script/MolkkyItemHandler.cs - Importer: PreviewImporter -> (ImportResultId: '00000000000000000000000000000000') in 0.0904492 seconds
[Worker2] Import Error Code:(4)
Message: Build asset version error: assets/script/molkkyitemhandler.cs in SourceAssetDB has modification time of '2026-08-06T05:54:09.6859304Z' while content on disk has modification time of '2026-08-06T05:55:04.2306198Z'
[Worker2] Imported GUID: d8d7796a4d642ce42856007227a63568 - Path: Assets/Script/MolkkyItemHandler.cs - Importer: PreviewImporter -> (ImportResultId: '00000000000000000000000000000000') in 0.0853675 seconds
[Worker2] Import Error Code:(4)
Message: Build asset version error: assets/script/molkkyitemhandler.cs in SourceAssetDB has modification time of '2026-08-06T05:54:09.6859304Z' while content on disk has modification time of '2026-08-06T05:55:04.2306198Z'
[Worker2] Imported GUID: d8d7796a4d642ce42856007227a63568 - Path: Assets/Script/MolkkyItemHandler.cs - Importer: PreviewImporter -> (ImportResultId: '00000000000000000000000000000000') in 0.0959893 seconds
[Worker2] Import Error Code:(4)
Message: Build asset version error: assets/script/molkkyitemhandler.cs in SourceAssetDB has modification time of '2026-08-06T05:54:09.6859304Z' while content on disk has modification time of '2026-08-06T05:55:04.2306198Z'
[Worker2] Imported GUID: d8d7796a4d642ce42856007227a63568 - Path: Assets/Script/MolkkyItemHandler.cs - Importer: PreviewImporter -> (ImportResultId: '00000000000000000000000000000000') in 0.116531 seconds
[Worker2] Import Error Code:(4)
Message: Build asset version error: assets/script/molkkyitemhandler.cs in SourceAssetDB has modification time of '2026-08-06T05:54:09.6859304Z' while content on disk has modification time of '2026-08-06T05:55:04.2306198Z'
[Worker2] Imported GUID: d8d7796a4d642ce42856007227a63568 - Path: Assets/Script/MolkkyItemHandler.cs - Importer: PreviewImporter -> (ImportResultId: '00000000000000000000000000000000') in 0.0985729 seconds
[Worker2] Import Error Code:(4)
Message: Build asset version error: assets/script/molkkyitemhandler.cs in SourceAssetDB has modification time of '2026-08-06T05:54:09.6859304Z' while content on disk has modification time of '2026-08-06T05:55:04.2306198Z'
[Worker2] Imported GUID: d8d7796a4d642ce42856007227a63568 - Path: Assets/Script/MolkkyItemHandler.cs - Importer: PreviewImporter -> (ImportResultId: '00000000000000000000000000000000') in 0.1032579 seconds
[Worker2] Import Error Code:(4)
Message: Build asset version error: assets/script/molkkyitemhandler.cs in SourceAssetDB has modification time of '2026-08-06T05:54:09.6859304Z' while content on disk has modification time of '2026-08-06T05:55:04.2306198Z'
[Worker2] Imported GUID: d8d7796a4d642ce42856007227a63568 - Path: Assets/Script/MolkkyItemHandler.cs - Importer: PreviewImporter -> (ImportResultId: '00000000000000000000000000000000') in 0.0960332 seconds
[Worker2] Import Error Code:(4)
Message: Build asset version error: assets/script/molkkyitemhandler.cs in SourceAssetDB has modification time of '2026-08-06T05:54:09.6859304Z' while content on disk has modification time of '2026-08-06T05:55:04.2306198Z'
[Worker2] Imported GUID: d8d7796a4d642ce42856007227a63568 - Path: Assets/Script/MolkkyItemHandler.cs - Importer: PreviewImporter -> (ImportResultId: '00000000000000000000000000000000') in 0.0843232 seconds
[Worker2] Import Error Code:(4)
Message: Build asset version error: assets/script/molkkyitemhandler.cs in SourceAssetDB has modification time of '2026-08-06T05:54:09.6859304Z' while content on disk has modification time of '2026-08-06T05:55:04.2306198Z'
[Worker2] Imported GUID: d8d7796a4d642ce42856007227a63568 - Path: Assets/Script/MolkkyItemHandler.cs - Importer: PreviewImporter -> (ImportResultId: '00000000000000000000000000000000') in 0.0914411 seconds
[Worker2] Import Error Code:(4)
Message: Build asset version error: assets/script/molkkyitemhandler.cs in SourceAssetDB has modification time of '2026-08-06T05:54:09.6859304Z' while content on disk has modification time of '2026-08-06T05:55:04.2306198Z'
[Worker2] Imported GUID: d8d7796a4d642ce42856007227a63568 - Path: Assets/Script/MolkkyItemHandler.cs - Importer: PreviewImporter -> (ImportResultId: '00000000000000000000000000000000') in 0.0989245 seconds
[Worker2] Import Error Code:(4)
Message: Build asset version error: assets/script/molkkyitemhandler.cs in SourceAssetDB has modification time of '2026-08-06T05:54:09.6859304Z' while content on disk has modification time of '2026-08-06T05:55:04.2306198Z'
[Worker2] Imported GUID: d8d7796a4d642ce42856007227a63568 - Path: Assets/Script/MolkkyItemHandler.cs - Importer: PreviewImporter -> (ImportResultId: '00000000000000000000000000000000') in 0.1074687 seconds
[Worker2] Import Error Code:(4)
Message: Build asset version error: assets/script/molkkyitemhandler.cs in SourceAssetDB has modification time of '2026-08-06T05:54:09.6859304Z' while content on disk has modification time of '2026-08-06T05:55:04.2306198Z'
[Worker2] Imported GUID: d8d7796a4d642ce42856007227a63568 - Path: Assets/Script/MolkkyItemHandler.cs - Importer: PreviewImporter -> (ImportResultId: '00000000000000000000000000000000') in 0.0985515 seconds
[Worker2] Import Error Code:(4)
Message: Build asset version error: assets/script/molkkyitemhandler.cs in SourceAssetDB has modification time of '2026-08-06T05:54:09.6859304Z' while content on disk has modification time of '2026-08-06T05:55:04.2306198Z'
[Worker2] Imported GUID: d8d7796a4d642ce42856007227a63568 - Path: Assets/Script/MolkkyItemHandler.cs - Importer: PreviewImporter -> (ImportResultId: '00000000000000000000000000000000') in 0.0745944 seconds
info: Microsoft.AspNetCore.Hosting.Diagnostics[1]
      Request starting HTTP/2 POST http://ilpp/UnityILPP.PostProcessing/PostProcessAssembly - application/grpc -
info: Microsoft.AspNetCore.Routing.EndpointMiddleware[0]
      Executing endpoint 'gRPC - /UnityILPP.PostProcessing/PostProcessAssembly'
info: Unity.ILPP.Runner.PostProcessingPipeline[0]
      Processing assembly Library/Bee/artifacts/1900b0aE.dag/Assembly-CSharp-Editor.dll, with 142 defines and 393 references
info: Unity.ILPP.Runner.PostProcessingPipeline[0]
      processors: Unity.Jobs.CodeGen.JobsILPostProcessor, zzzUnity.Burst.CodeGen.BurstILPostProcessor
info: Unity.ILPP.Runner.PostProcessingPipeline[0]
      running Unity.Jobs.CodeGen.JobsILPostProcessor
[Worker2] Import Error Code:(4)
Message: Build asset version error: assets/script/molkkyitemhandler.cs in SourceAssetDB has modification time of '2026-08-06T05:54:09.6859304Z' while content on disk has modification time of '2026-08-06T05:55:04.2306198Z'
info: Unity.ILPP.Runner.PostProcessingPipeline[0]
      running zzzUnity.Burst.CodeGen.BurstILPostProcessor
info: Microsoft.AspNetCore.Routing.EndpointMiddleware[1]
      Executed endpoint 'gRPC - /UnityILPP.PostProcessing/PostProcessAssembly'
info: Microsoft.AspNetCore.Hosting.Diagnostics[2]
      Request finished HTTP/2 POST http://ilpp/UnityILPP.PostProcessing/PostProcessAssembly - 200 - application/grpc 83.1349ms
[Worker2] Imported GUID: d8d7796a4d642ce42856007227a63568 - Path: Assets/Script/MolkkyItemHandler.cs - Importer: PreviewImporter -> (ImportResultId: '00000000000000000000000000000000') in 0.0961167 seconds
[Worker2] Import Error Code:(4)
Message: Build asset version error: assets/script/molkkyitemhandler.cs in SourceAssetDB has modification time of '2026-08-06T05:54:09.6859304Z' while content on disk has modification time of '2026-08-06T05:55:04.2306198Z'
[Worker2] Imported GUID: d8d7796a4d642ce42856007227a63568 - Path: Assets/Script/MolkkyItemHandler.cs - Importer: PreviewImporter -> (ImportResultId: '00000000000000000000000000000000') in 0.0895795 seconds
[Worker2] Import Error Code:(4)
Message: Build asset version error: assets/script/molkkyitemhandler.cs in SourceAssetDB has modification time of '2026-08-06T05:54:09.6859304Z' while content on disk has modification time of '2026-08-06T05:55:04.2306198Z'
[Worker2] Imported GUID: d8d7796a4d642ce42856007227a63568 - Path: Assets/Script/MolkkyItemHandler.cs - Importer: PreviewImporter -> (ImportResultId: '00000000000000000000000000000000') in 0.1068649 seconds
[Worker2] Import Error Code:(4)
Message: Build asset version error: assets/script/molkkyitemhandler.cs in SourceAssetDB has modification time of '2026-08-06T05:54:09.6859304Z' while content on disk has modification time of '2026-08-06T05:55:04.2306198Z'
[Worker2] Imported GUID: d8d7796a4d642ce42856007227a63568 - Path: Assets/Script/MolkkyItemHandler.cs - Importer: PreviewImporter -> (ImportResultId: '00000000000000000000000000000000') in 0.092481 seconds
[Worker2] Import Error Code:(4)
Message: Build asset version error: assets/script/molkkyitemhandler.cs in SourceAssetDB has modification time of '2026-08-06T05:54:09.6859304Z' while content on disk has modification time of '2026-08-06T05:55:04.2306198Z'
[Worker2] Imported GUID: d8d7796a4d642ce42856007227a63568 - Path: Assets/Script/MolkkyItemHandler.cs - Importer: PreviewImporter -> (ImportResultId: '00000000000000000000000000000000') in 0.1159129 seconds
[Worker2] Import Error Code:(4)
Message: Build asset version error: assets/script/molkkyitemhandler.cs in SourceAssetDB has modification time of '2026-08-06T05:54:09.6859304Z' while content on disk has modification time of '2026-08-06T05:55:04.2306198Z'
[Worker2] Imported GUID: d8d7796a4d642ce42856007227a63568 - Path: Assets/Script/MolkkyItemHandler.cs - Importer: PreviewImporter -> (ImportResultId: '00000000000000000000000000000000') in 0.0802211 seconds
[Worker2] Import Error Code:(4)
Message: Build asset version error: assets/script/molkkyitemhandler.cs in SourceAssetDB has modification time of '2026-08-06T05:54:09.6859304Z' while content on disk has modification time of '2026-08-06T05:55:04.2306198Z'
ExitCode: 0 Duration: 6s513ms
Finished compiling graph: 1644 nodes, 35213 flattened edges (28741 ToBuild, 272 ToUse), maximum node priority 1839
[ 841/1640  0s] WriteText Library/Bee/artifacts/1900b0aE.dag/Assembly-CSharp.rsp
[1247/1640  0s] ILPP-Configuration Library/ilpp-configuration.nevergeneratedoutput
[1632/1640  1s] Csc Library/Bee/artifacts/1900b0aE.dag/Assembly-CSharp.dll (+2 others)
[1633/1640  0s] ILPostProcess Library/Bee/artifacts/1900b0aE.dag/post-processed/Assembly-CSharp.dll (+pdb)
Processing assembly Library/Bee/artifacts/1900b0aE.dag/Assembly-CSharp.dll, with 144 defines and 369 references

processors: Unity.Jobs.CodeGen.JobsILPostProcessor, zzzUnity.Burst.CodeGen.BurstILPostProcessor

running Unity.Jobs.CodeGen.JobsILPostProcessor

running zzzUnity.Burst.CodeGen.BurstILPostProcessor
[1634/1640  0s] CopyFiles Library/ScriptAssemblies/Assembly-CSharp.pdb
[1635/1640  0s] CopyFiles Library/ScriptAssemblies/Assembly-CSharp.dll
[1636/1640  1s] Csc Library/Bee/artifacts/1900b0aE.dag/Assembly-CSharp-Editor.dll (+2 others)
[1637/1640  0s] ILPostProcess Library/Bee/artifacts/1900b0aE.dag/post-processed/Assembly-CSharp-Editor.dll (+pdb)
Processing assembly Library/Bee/artifacts/1900b0aE.dag/Assembly-CSharp-Editor.dll, with 142 defines and 393 references

processors: Unity.Jobs.CodeGen.JobsILPostProcessor, zzzUnity.Burst.CodeGen.BurstILPostProcessor

running Unity.Jobs.CodeGen.JobsILPostProcessor

running zzzUnity.Burst.CodeGen.BurstILPostProcessor
[1638/1640  0s] CopyFiles Library/ScriptAssemblies/Assembly-CSharp-Editor.pdb
[1639/1640  0s] CopyFiles Library/ScriptAssemblies/Assembly-CSharp-Editor.dll
*** Tundra build success (6.40 seconds), 10 items updated, 1640 evaluated
[Worker2] Imported GUID: d8d7796a4d642ce42856007227a63568 - Path: Assets/Script/MolkkyItemHandler.cs - Importer: PreviewImporter -> (ImportResultId: '00000000000000000000000000000000') in 0.204584 seconds
[Worker2] Import Error Code:(4)
Message: Build asset version error: assets/script/molkkyitemhandler.cs in SourceAssetDB has modification time of '2026-08-06T05:54:09.6859304Z' while content on disk has modification time of '2026-08-06T05:55:04.2306198Z'
[Worker2] Imported GUID: d8d7796a4d642ce42856007227a63568 - Path: Assets/Script/MolkkyItemHandler.cs - Importer: PreviewImporter -> (ImportResultId: '00000000000000000000000000000000') in 0.0728348 seconds
[Worker2] Import Error Code:(4)
Message: Build asset version error: assets/script/molkkyitemhandler.cs in SourceAssetDB has modification time of '2026-08-06T05:54:09.6859304Z' while content on disk has modification time of '2026-08-06T05:55:04.2306198Z'
[Worker2] Imported GUID: d8d7796a4d642ce42856007227a63568 - Path: Assets/Script/MolkkyItemHandler.cs - Importer: PreviewImporter -> (ImportResultId: '00000000000000000000000000000000') in 0.1288028 seconds
Reloading assemblies after finishing script compilation.
[Worker2] Import Error Code:(4)
Message: Build asset version error: assets/script/molkkyitemhandler.cs in SourceAssetDB has modification time of '2026-08-06T05:54:09.6859304Z' while content on disk has modification time of '2026-08-06T05:55:04.2306198Z'
Reloading assemblies after forced synchronous recompile.
[Licensing::Client] Successfully resolved entitlement details
[Licensing::Module] License group:
  Id: F4-S82E-258Q-RRPW-KWCH-XXXX
  Product: Unity Personal
  Type: ULF
  Expiration: Unlimited
[Licensing::Module] License group:
  Id: 15669559352791-UnityPersXXXX
  Product: Unity Personal
  Type: Assigned
  Expiration: Unlimited
Begin MonoManager ReloadAssembly
[INFO ] [relay] log Domain reload signal received from client editor-15024-lq775c
Total cache size 266817116
Total cache size after purge 266817116, took 00:00:02.0210290
[INFO ] [relay] log Client disconnected - blocking and caching for recovery
[WARN ] [relay] connection.lost clientId=null
[WARN ] [relay] log Client disconnected - sessions will persist until auto-shutdown, reason: Client disconnected
[INFO ] [relay] log Auto-shutdown timer started due to client disconnection
Symbol file LoadedFromMemory is not a mono symbol file
Symbol file LoadedFromMemory is not a mono symbol file
Refreshing native plugins compatible for Editor in 29.47 ms, found 5 plugins.
Native extension for WindowsStandalone target not found
Native extension for WebGL target not found
[MODES] ModeService[none].Initialize
[MODES] ModeService[none].LoadModes
Refreshing native plugins compatible for Editor in 36.88 ms, found 5 plugins.
[Licensing::Client] Error: Code 404 while processing request (status: Found 0 entitlement groups and 0 free entitlements matching requested entitlement ids)
ScheduleIndexationOnStartup MainProcess:True IndexOnStartup:True
Mono: successfully reloaded assembly
- Finished resetting the current domain, in 14.827 seconds
Domain Reload Profiling: 23806ms
	BeginReloadAssembly (4767ms)
		DisableScriptedObjects (785ms)
		CreateAndSetChildDomain (2511ms)
	RebuildCommonClasses (67ms)
	RebuildNativeTypeToScriptingClass (100ms)
	initialDomainReloadingComplete (597ms)
	LoadAllAssembliesAndSetupDomain (3440ms)
		LoadAssemblies (901ms)
		AnalyzeDomain (2233ms)
			TypeCache.Refresh (50ms)
				TypeCache.ScanAssembly (3ms)
			BuildScriptInfoCaches (2117ms)
			ResolveRequiredComponents (58ms)
	FinalizeReload (14836ms)
		SetupLoadedEditorAssemblies (0ms)
			InitializePlatformSupportModulesInManaged (7ms)
			BeforeProcessingInitializeOnLoad (1193ms)
			ProcessInitializeOnLoadAttributes (4815ms)
			ProcessInitializeOnLoadMethodAttributes (2616ms)
			AfterProcessingInitializeOnLoad (14ms)
		AwakeInstancesAfterBackupRestoration (3492ms)
Refreshing native plugins compatible for Editor in 24.85 ms, found 5 plugins.

Asset Pipeline Refresh (id=7929acf44f76862498003a112f323597): Total: 27.529 seconds - Initiated by StopAssetImportingV2(ForceSynchronousImport | ForceDomainReload)
	(Values over 0.05ms)
	Summary:
		Imports: total=0 (actual=0, local cache=0, cache server=0)
		Asset DB Process Time: managed=0 ms, native=15993 ms
		Asset DB Callback time: managed=1448 ms, native=282 ms
		Scripting: domain reloads=1, domain reload time=9796 ms, compile time=8 ms, other=0 ms
		Project Asset Count: scripts=2161, non-scripts=5556
		Asset File Changes: new=0, changed=0, moved=0, deleted=0
		Scan Filter Count: 0
	InvokePackagesCallback: 41.767ms
	ApplyChangesToAssetFolders: 1.380ms
	Collect global state as custom dependencies: 14.121ms
	ProcessAssetsWithTransientArtifactChanges: 37.144ms
	CategorizeAssets: 439.350ms
	CompileScripts: 7.919ms
	ImportOutOfDateAssets: 15205.834ms (14929.178ms without children)
		CollectScriptTypesHashes: 5.121ms
		ReloadNativeAssets: 3.717ms
		UnloadImportedAssets: 0.739ms
		EnsureUptoDateAssetsAreRegisteredWithGuidPM: 4.313ms
		ImportSchedulerStart: 267.530ms
	PostProcessAllAssets: 1451.570ms
		XRBuildSystem.XRAssetImported 1.968ms
		PostProcessCallbackCreateDeferredMaterials 0.080ms
		MonoPostProcessAllAssets: 1448.278ms
			AssetReferenceReimportMonitor.OnPostprocessAllAssets 137.501ms
			UniversalRenderPipelineGlobalSettingsPostprocessor.OnPostprocessAllAssets 52.090ms
			SyncVS.PostprocessSyncProject 44.553ms
			AssetChangedListener.OnPostprocessAllAssets 26.443ms
			BuilderAssetPostprocessor.OnPostprocessAllAssets 23.959ms
			AssetPostprocessor.OnPostprocessAllAssets 17.158ms
			SpriteSlicePostprocessor.OnPostprocessAllAssets 11.181ms
			GraphRefreshPostprocessor.OnPostprocessAllAssets 9.435ms
			SpeedTree9Postprocessor.OnPostprocessAllAssets 9.404ms
			RetainedModeAssetPostprocessor.OnPostprocessAllAssets 9.077ms
			WindowAssetPostprocessingWatcher.OnPostprocessAllAssets 7.423ms
			ShaderGraphAssetPostProcessor.OnPostprocessAllAssets 6.603ms
			AssetChangeDetector.OnPostprocessAllAssets 5.650ms
			RenderPipelineGlobalSettingsPostprocessor.OnPostprocessAllAssets 2.983ms
			SkillsProjectAssetPostprocessor.OnPostprocessAllAssets 2.960ms
			TMPro_TexturePostProcessor.OnPostprocessAllAssets 2.849ms
			ReferencedClipsPostProcessor.OnPostprocessAllAssets 2.804ms
			SpriteEditorTexturePostprocessor.OnPostprocessAllAssets 2.801ms
			MaterialPostprocessor.OnPostprocessAllAssets 2.750ms
			ArtifactBrowserPostProcessor.OnPostprocessAllAssets 2.694ms
			ShaderReflectionAssetPostProcessor.OnPostprocessAllAssets 2.103ms
			SampleDependencyImporterPostProcessor.OnPostprocessAllAssets 2.043ms
			StyleCatalogPostProcessor.OnPostprocessAllAssets 1.980ms
			PostProcessor.OnPostprocessAllAssets 1.785ms
			InputActionAssetPostprocessor.OnPostprocessAllAssets 1.766ms
			AudioMixerPostprocessor.OnPostprocessAllAssets 1.482ms
			ModelAssetProcessor.OnPostprocessAllAssets 1.450ms
			AssetEvents.OnPostprocessAllAssets 1.403ms
			TextAssetPostProcessor.OnPostprocessAllAssets 1.279ms
			UVCSAssetPostprocessor.OnPostprocessAllAssets 1.227ms
			SpeedTreePostProcessor.OnPostprocessAllAssets 1.050ms
			InputActionJsonNameModifierAssetProcessor.OnPostprocessAllAssets 1.039ms
			AssetDatabaseCallbacks.OnPostprocessAllAssets 0.714ms
			SamplePostprocessor.OnPostprocessAllAssets 0.704ms
			ProjectSettingsPostprocessor.OnPostprocessAllAssets 0.667ms
			TerrainToolbarOverlayPostProcessor.OnPostprocessAllAssets 0.610ms
			ConfigAssetsTracker.OnPostprocessAllAssets 0.562ms
			ScenarioDriftAssetsTracker.OnPostprocessAllAssets 0.543ms
			TrackSelectedAssetsProcessor.OnPostprocessAllAssets 0.480ms
			AudioContainerPostProcessor.OnPostprocessAllAssets 0.389ms
	PostAssetChangesProfiler: 259.416ms
	GatherAllCurrentPrimaryImportResultRevisions: 2.039ms
	PersistCurrentRevisions: 2.324ms
	GenerateScriptTypeHashes: 21.194ms
	GenerateScriptTypeSerializationHashes: 37.292ms
	Untracked: 10040.890ms

[Licensing::Client] Error: Code 404 while processing request (status: Found 0 entitlement groups and 0 free entitlements matching requested entitlement ids)
[Licensing::Client] Successfully resolved entitlement details
[Licensing::Client] Successfully resolved entitlement details
[Licensing::Client] Successfully resolved entitlement details
[ScriptCompilation] Requested script compilation because: AssetDatabase observed changes in script compilation related files
info: Microsoft.AspNetCore.Hosting.Diagnostics[1]
      Request starting HTTP/2 POST http://ilpp/UnityILPP.PostProcessing/Ping - application/grpc -
info: Microsoft.AspNetCore.Routing.EndpointMiddleware[0]
      Executing endpoint 'gRPC - /UnityILPP.PostProcessing/Ping'
info: Microsoft.AspNetCore.Routing.EndpointMiddleware[1]
      Executed endpoint 'gRPC - /UnityILPP.PostProcessing/Ping'
info: Microsoft.AspNetCore.Hosting.Diagnostics[2]
      Request finished HTTP/2 POST http://ilpp/UnityILPP.PostProcessing/Ping - 200 - application/grpc 0.4553ms
Starting: C:\Program Files\Unity\Hub\Editor\6000.5.0f1\Editor\Data\Tools\BuildPipeline\bee_backend.exe --ipc --defer-dag-verification --dagfile="Library/Bee/1900b0aE.dag" --continue-on-failure --profile="Library/Bee/backend1.traceevents" ScriptAssemblies
WorkingDir: C:/Users/ikesakutarou/t6-M6/Molkky
info: Microsoft.AspNetCore.Hosting.Diagnostics[1]
      Request starting HTTP/2 POST http://ilpp/UnityILPP.PostProcessing/ConfigurePostProcessors - application/grpc -
info: Microsoft.AspNetCore.Routing.EndpointMiddleware[0]
      Executing endpoint 'gRPC - /UnityILPP.PostProcessing/ConfigurePostProcessors'
info: Unity.ILPP.Runner.PostProcessingAssemblyLoadContext[0]
      Current configuration matches the requested one, skipping
info: Microsoft.AspNetCore.Routing.EndpointMiddleware[1]
      Executed endpoint 'gRPC - /UnityILPP.PostProcessing/ConfigurePostProcessors'
info: Microsoft.AspNetCore.Hosting.Diagnostics[2]
      Request finished HTTP/2 POST http://ilpp/UnityILPP.PostProcessing/ConfigurePostProcessors - 200 - application/grpc 6.8808ms
ExitCode: 0 Duration: 0s706ms
[1249/1640  0s] ILPP-Configuration Library/ilpp-configuration.nevergeneratedoutput
*** Tundra build success (0.61 seconds), 1 items updated, 1640 evaluated
Reloading assemblies after forced synchronous recompile.
Begin MonoManager ReloadAssembly
Total cache size 266817116
Total cache size after purge 266817116, took 00:00:00.8305704
Symbol file LoadedFromMemory is not a mono symbol file
Symbol file LoadedFromMemory is not a mono symbol file
Refreshing native plugins compatible for Editor in 16.38 ms, found 5 plugins.
Native extension for WindowsStandalone target not found
Native extension for WebGL target not found
[MODES] ModeService[none].Initialize
[MODES] ModeService[none].LoadModes
Refreshing native plugins compatible for Editor in 14.39 ms, found 5 plugins.
[Licensing::Client] Error: Code 404 while processing request (status: Found 0 entitlement groups and 0 free entitlements matching requested entitlement ids)
ScheduleIndexationOnStartup MainProcess:True IndexOnStartup:True
Mono: successfully reloaded assembly
- Finished resetting the current domain, in  6.847 seconds
Domain Reload Profiling: 10486ms
	BeginReloadAssembly (2422ms)
		DisableScriptedObjects (485ms)
		CreateAndSetChildDomain (1113ms)
	RebuildCommonClasses (22ms)
	RebuildNativeTypeToScriptingClass (48ms)
	initialDomainReloadingComplete (449ms)
	LoadAllAssembliesAndSetupDomain (696ms)
		LoadAssemblies (614ms)
		AnalyzeDomain (61ms)
			TypeCache.Refresh (23ms)
			ResolveRequiredComponents (24ms)
	FinalizeReload (6849ms)
		SetupLoadedEditorAssemblies (0ms)
			InitializePlatformSupportModulesInManaged (7ms)
			BeforeProcessingInitializeOnLoad (649ms)
			ProcessInitializeOnLoadAttributes (2056ms)
			ProcessInitializeOnLoadMethodAttributes (1108ms)
			AfterProcessingInitializeOnLoad (10ms)
		AwakeInstancesAfterBackupRestoration (1381ms)
Refreshing native plugins compatible for Editor in 16.52 ms, found 5 plugins.

Asset Pipeline Refresh (id=29d8aef4ad137c9468afcddd0a06a20a): Total: 13.808 seconds - Initiated by RefreshV2(AllowForceSynchronousImport)
	(Values over 0.05ms)
	Summary:
		Imports: total=0 (actual=0, local cache=0, cache server=0)
		Asset DB Process Time: managed=0 ms, native=7475 ms
		Asset DB Callback time: managed=658 ms, native=150 ms
		Scripting: domain reloads=1, domain reload time=4208 ms, compile time=1316 ms, other=0 ms
		Project Asset Count: scripts=2161, non-scripts=5556
		Asset File Changes: new=0, changed=1, moved=0, deleted=0
		Scan Filter Count: 0
	InvokePackagesCallback: 19.845ms
	ApplyChangesToAssetFolders: 0.962ms
	Scan: 45.478ms
	Collect global state as custom dependencies: 4.566ms
	OnSourceAssetsModified: 1.655ms
	CategorizeScriptCompilationAssets: 0.083ms
	ProcessAssetsWithTransientArtifactChanges: 2.197ms
	CategorizeAssets: 201.313ms
	CompileScripts: 1315.533ms
	ImportOutOfDateAssets: 7051.463ms (6909.015ms without children)
		CollectScriptTypesHashes: 2.409ms
		ReloadNativeAssets: 3.060ms
		UnloadImportedAssets: 0.249ms
		EnsureUptoDateAssetsAreRegisteredWithGuidPM: 3.484ms
		ImportSchedulerStart: 135.547ms
	PostProcessAllAssets: 660.140ms
		XRBuildSystem.XRAssetImported 1.727ms
		PostProcessCallbackCreateDeferredMaterials 0.328ms
		MonoPostProcessAllAssets: 656.753ms
			AssetReferenceReimportMonitor.OnPostprocessAllAssets 66.082ms
			UniversalRenderPipelineGlobalSettingsPostprocessor.OnPostprocessAllAssets 29.134ms
			SyncVS.PostprocessSyncProject 24.755ms
			AssetChangedListener.OnPostprocessAllAssets 15.029ms
			BuilderAssetPostprocessor.OnPostprocessAllAssets 13.366ms
			AssetPostprocessor.OnPostprocessAllAssets 11.636ms
			SpriteSlicePostprocessor.OnPostprocessAllAssets 6.537ms
			SpeedTree9Postprocessor.OnPostprocessAllAssets 5.246ms
			GraphRefreshPostprocessor.OnPostprocessAllAssets 4.693ms
			WindowAssetPostprocessingWatcher.OnPostprocessAllAssets 4.408ms
			ShaderGraphAssetPostProcessor.OnPostprocessAllAssets 4.056ms
			RetainedModeAssetPostprocessor.OnPostprocessAllAssets 2.793ms
			MaterialPostprocessor.OnPostprocessAllAssets 2.499ms
			AssetChangeDetector.OnPostprocessAllAssets 1.937ms
			RenderPipelineGlobalSettingsPostprocessor.OnPostprocessAllAssets 1.866ms
			TMPro_TexturePostProcessor.OnPostprocessAllAssets 1.718ms
			SpriteEditorTexturePostprocessor.OnPostprocessAllAssets 1.610ms
			ArtifactBrowserPostProcessor.OnPostprocessAllAssets 1.525ms
			InputActionAssetPostprocessor.OnPostprocessAllAssets 1.341ms
			SampleDependencyImporterPostProcessor.OnPostprocessAllAssets 1.261ms
			AudioMixerPostprocessor.OnPostprocessAllAssets 1.172ms
			ShaderReflectionAssetPostProcessor.OnPostprocessAllAssets 1.037ms
			InputActionJsonNameModifierAssetProcessor.OnPostprocessAllAssets 0.999ms
			ReferencedClipsPostProcessor.OnPostprocessAllAssets 0.926ms
			TextAssetPostProcessor.OnPostprocessAllAssets 0.909ms
			ModelAssetProcessor.OnPostprocessAllAssets 0.881ms
			PostProcessor.OnPostprocessAllAssets 0.842ms
			SkillsProjectAssetPostprocessor.OnPostprocessAllAssets 0.812ms
			UVCSAssetPostprocessor.OnPostprocessAllAssets 0.803ms
			AssetEvents.OnPostprocessAllAssets 0.659ms
			StyleCatalogPostProcessor.OnPostprocessAllAssets 0.644ms
			ProjectSettingsPostprocessor.OnPostprocessAllAssets 0.543ms
			SpeedTreePostProcessor.OnPostprocessAllAssets 0.491ms
			AssetDatabaseCallbacks.OnPostprocessAllAssets 0.353ms
			TerrainToolbarOverlayPostProcessor.OnPostprocessAllAssets 0.328ms
			SamplePostprocessor.OnPostprocessAllAssets 0.271ms
			ConfigAssetsTracker.OnPostprocessAllAssets 0.253ms
			AudioContainerPostProcessor.OnPostprocessAllAssets 0.222ms
			ScenarioDriftAssetsTracker.OnPostprocessAllAssets 0.220ms
			TrackSelectedAssetsProcessor.OnPostprocessAllAssets 0.119ms
	PostAssetChangesProfiler: 141.858ms
	GatherAllCurrentPrimaryImportResultRevisions: 1.180ms
	PersistCurrentRevisions: 0.592ms
	GenerateScriptTypeHashes: 8.797ms
	GenerateScriptTypeSerializationHashes: 15.401ms
	Untracked: 4343.233ms

UPID Received 'ca0305d8-fd50-418a-928d-79e1b140c2d6'.
[Licensing::Client] Error: Code 404 while processing request (status: Found 0 entitlement groups and 0 free entitlements matching requested entitlement ids)
[Licensing::Client] Error: Code 404 while processing request (status: Found 0 entitlement groups and 0 free entitlements matching requested entitlement ids)
[Licensing::Client] Successfully resolved entitlement details
[Licensing::Client] Successfully resolved entitlement details
[INFO ] [relay] log Unity client connected with ID: editor-15024-3v3ji1 (relay 1.0.12-build.96)
[INFO ] [relay] connection.established clientId=editor-15024-3v3ji1 port=9001
[Licensing::Client] Successfully resolved entitlement details
[Licensing::Client] Error: Code 404 while processing request (status: Found 0 entitlement groups and 0 free entitlements matching requested entitlement ids)
[Licensing::Client] Error: Code 404 while processing request (status: Found 0 entitlement groups and 0 free entitlements matching requested entitlement ids)
[Licensing::Client] Error: Code 404 while processing request (status: Found 0 entitlement groups and 0 free entitlements matching requested entitlement ids)
[Licensing::Client] Error: Code 404 while processing request (status: Found 0 entitlement groups and 0 free entitlements matching requested entitlement ids)
[Licensing::Client] Error: Code 404 while processing request (status: Found 0 entitlement groups and 0 free entitlements matching requested entitlement ids)
[Licensing::Client] Error: Code 404 while processing request (status: Found 0 entitlement groups and 0 free entitlements matching requested entitlement ids)
[Licensing::Client] Error: Code 404 while processing request (status: Found 0 entitlement groups and 0 free entitlements matching requested entitlement ids)
UPID Received 'ca0305d8-fd50-418a-928d-79e1b140c2d6'.
[Licensing::Client] Error: Code 404 while processing request (status: Found 0 entitlement groups and 0 free entitlements matching requested entitlement ids)
[Licensing::Client] Error: Code 404 while processing request (status: Found 0 entitlement groups and 0 free entitlements matching requested entitlement ids)
[Worker1] Imported GUID: d8d7796a4d642ce42856007227a63568 - Path: Assets/Script/MolkkyItemHandler.cs - Importer: PreviewImporter -> (ImportResultId: '5ed64f7d173a7a7097254d9533e0ba29') in 0.045375 seconds
Asset Pipeline Refresh (id=60b83c573b330814588ff2d5ec641130): Total: 0.046 seconds - Initiated by RefreshV2(AllowForceSynchronousImport)
[Licensing::Client] Error: Code 404 while processing request (status: Found 0 entitlement groups and 0 free entitlements matching requested entitlement ids)
Importing 'GUID: 56241a59585eb2c44a07ec8f98b00517 - Path: Assets/nomal_Molkky.prefab' with importer (PrefabImporter)
Imported 'GUID: 56241a59585eb2c44a07ec8f98b00517' -> (Import Result ID: '4a2042c9f7db1ec8d740d6f0bde6a732') in 0.022 seconds [static dependencies only]. Details - ImportResultOutputID=991ec90a63cddf6468868ede05c2e24b DependenciesID=a4442f9dd0faaf730ec10ae83986f7b4 StaticDependenciesID=99a36c63b0dcb294ced78ef39e10e6f4 
Refreshing native plugins compatible for Editor in 17.66 ms, found 5 plugins.

Asset Pipeline Refresh (id=02ae0075017dae04db797048bc138100): Total: 0.441 seconds - Initiated by StopAssetImportingV2(NoUpdateAssetOptions)
	(Values over 0.05ms)
	Summary:
		Imports: total=1 (actual=1, local cache=0, cache server=0)
		Asset DB Process Time: managed=3 ms, native=317 ms
		Asset DB Callback time: managed=34 ms, native=85 ms
		Scripting: domain reloads=0, domain reload time=0 ms, compile time=0 ms, other=0 ms
		Project Asset Count: scripts=2161, non-scripts=5556
		Asset File Changes: new=0, changed=1, moved=1, deleted=0
		Scan Filter Count: 3
	ApplyChangesToAssetFolders: 0.326ms
	Scan: 53.434ms
	Collect global state as custom dependencies: 0.135ms
	OnSourceAssetsModified: 1.627ms
	ProcessAssetsWithTransientArtifactChanges: 0.131ms
	CategorizeAssets: 49.884ms
	ImportOutOfDateAssets: 202.136ms (24.056ms without children)
		ImportManagerImport: 50.670ms (3.687ms without children)
			UpdateCategorizedAssets: 0.067ms
		ReloadNativeAssets: 0.095ms
		UnloadImportedAssets: 2.384ms
		ReloadImportedAssets: 2.265ms
		EnsureUptoDateAssetsAreRegisteredWithGuidPM: 1.965ms
		ImportSchedulerStart: 122.923ms
	PostProcessAllAssets: 14.046ms
		XRBuildSystem.XRAssetImported 1.282ms
		MonoPostProcessAllAssets: 12.243ms
			SyncVS.PostprocessSyncProject 6.243ms
			AssetChangedListener.OnPostprocessAllAssets 1.376ms
			SpriteEditorTexturePostprocessor.OnPostprocessAllAssets 0.457ms
			ShaderGraphAssetPostProcessor.OnPostprocessAllAssets 0.403ms
			ModelAssetProcessor.OnPostprocessAllAssets 0.347ms
			RenderPipelineGlobalSettingsPostprocessor.OnPostprocessAllAssets 0.182ms
			PostProcessor.OnPostprocessAllAssets 0.156ms
			AssetPostprocessor.OnPostprocessAllAssets 0.151ms
			GraphRefreshPostprocessor.OnPostprocessAllAssets 0.129ms
			StyleCatalogPostProcessor.OnPostprocessAllAssets 0.087ms
			SpriteSlicePostprocessor.OnPostprocessAllAssets 0.052ms
	PostAssetChangesProfiler: 103.690ms
	GatherAllCurrentPrimaryImportResultRevisions: 0.873ms
	PersistCurrentRevisions: 0.765ms
	Untracked: 13.426ms

[Worker1] Imported GUID: 56241a59585eb2c44a07ec8f98b00517 - Path: Assets/nomal_Molkky.prefab - Importer: PreviewImporter -> (ImportResultId: '605ced2de01f508820ccae0e2ebc91fc') in 1.368023 seconds
Asset Pipeline Refresh (id=5f21c1e6023eddf4da402d91ed5d842f): Total: 0.085 seconds - Initiated by RefreshV2(AllowForceSynchronousImport)
[Licensing::Client] Error: Code 404 while processing request (status: Found 0 entitlement groups and 0 free entitlements matching requested entitlement ids)
Asset Pipeline Refresh (id=e6de56432a5d8f84a939d99efaebe590): Total: 0.048 seconds - Initiated by RefreshV2(AllowForceSynchronousImport)
[Licensing::Client] Error: Code 404 while processing request (status: Found 0 entitlement groups and 0 free entitlements matching requested entitlement ids)
Asset Pipeline Refresh (id=1f00792d3f50e734d9d536e30df54bfa): Total: 0.039 seconds - Initiated by RefreshV2(AllowForceSynchronousImport)
[Licensing::Client] Error: Code 404 while processing request (status: Found 0 entitlement groups and 0 free entitlements matching requested entitlement ids)
Asset Pipeline Refresh (id=b270a73ad96ff2a43befade0b002ece1): Total: 0.030 seconds - Initiated by RefreshV2(AllowForceSynchronousImport)
[Licensing::Client] Error: Code 404 while processing request (status: Found 0 entitlement groups and 0 free entitlements matching requested entitlement ids)
Reloading assemblies for play mode.
Reloading assemblies after forced synchronous recompile.
[Licensing::Client] Successfully resolved entitlement details
[Licensing::Module] License group:
  Id: F4-S82E-258Q-RRPW-KWCH-XXXX
  Product: Unity Personal
  Type: ULF
  Expiration: Unlimited
[Licensing::Module] License group:
  Id: 15669559352791-UnityPersXXXX
  Product: Unity Personal
  Type: Assigned
  Expiration: Unlimited
Begin MonoManager ReloadAssembly
[INFO ] [relay] log Domain reload signal received from client editor-15024-3v3ji1
[INFO ] [relay] log Client disconnected - blocking and caching for recovery
[WARN ] [relay] connection.lost clientId=null
[WARN ] [relay] log Client disconnected - sessions will persist until auto-shutdown, reason: Client disconnected
[INFO ] [relay] log Auto-shutdown timer started due to client disconnection
Symbol file LoadedFromMemory is not a mono symbol file
Symbol file LoadedFromMemory is not a mono symbol file
Refreshing native plugins compatible for Editor in 15.21 ms, found 5 plugins.
Native extension for WindowsStandalone target not found
Native extension for WebGL target not found
[MODES] ModeService[none].Initialize
[MODES] ModeService[none].LoadModes
[Licensing::Client] Error: Code 404 while processing request (status: Found 0 entitlement groups and 0 free entitlements matching requested entitlement ids)
ScheduleIndexationOnStartup MainProcess:True IndexOnStartup:True
Mono: successfully reloaded assembly
- Finished resetting the current domain, in  6.134 seconds
Domain Reload Profiling: 9075ms
	BeginReloadAssembly (1969ms)
		DisableScriptedObjects (315ms)
		CreateAndSetChildDomain (1153ms)
	RebuildCommonClasses (19ms)
	RebuildNativeTypeToScriptingClass (29ms)
	initialDomainReloadingComplete (337ms)
	LoadAllAssembliesAndSetupDomain (583ms)
		LoadAssemblies (444ms)
		AnalyzeDomain (53ms)
			TypeCache.Refresh (20ms)
			ResolveRequiredComponents (20ms)
	FinalizeReload (6137ms)
		SetupLoadedEditorAssemblies (0ms)
			InitializePlatformSupportModulesInManaged (6ms)
			BeforeProcessingInitializeOnLoad (250ms)
			ProcessInitializeOnLoadAttributes (2092ms)
			ProcessInitializeOnLoadMethodAttributes (1303ms)
			AfterProcessingInitializeOnLoad (10ms)
		AwakeInstancesAfterBackupRestoration (1230ms)

Asset Pipeline Refresh (id=7064476c9558ad74cb6b688dcc6279c5): Total: 10.010 seconds - Initiated by StopAssetImportingV2(ForceSynchronousImport | ForceDomainReload)
	(Values over 0.05ms)
	Summary:
		Imports: total=0 (actual=0, local cache=0, cache server=0)
		Asset DB Process Time: managed=0 ms, native=6668 ms
		Asset DB Callback time: managed=94 ms, native=2 ms
		Scripting: domain reloads=1, domain reload time=3241 ms, compile time=2 ms, other=0 ms
		Project Asset Count: scripts=2161, non-scripts=5556
		Asset File Changes: new=0, changed=0, moved=0, deleted=0
		Scan Filter Count: 0
	InvokePackagesCallback: 11.021ms
	ApplyChangesToAssetFolders: 0.812ms
	Collect global state as custom dependencies: 5.157ms
	ProcessAssetsWithTransientArtifactChanges: 0.440ms
	CategorizeAssets: 199.032ms
	CompileScripts: 2.491ms
	ImportOutOfDateAssets: 6332.196ms (6196.437ms without children)
		CollectScriptTypesHashes: 2.445ms
		ReloadNativeAssets: 3.285ms
		UnloadImportedAssets: 0.445ms
		EnsureUptoDateAssetsAreRegisteredWithGuidPM: 2.732ms
		ImportSchedulerStart: 129.200ms
	PostProcessAllAssets: 94.681ms
		MonoPostProcessAllAssets: 94.669ms
			UniversalRenderPipelineGlobalSettingsPostprocessor.OnPostprocessAllAssets 23.909ms
			SyncVS.PostprocessSyncProject 23.738ms
			GraphRefreshPostprocessor.OnPostprocessAllAssets 4.342ms
			WindowAssetPostprocessingWatcher.OnPostprocessAllAssets 4.275ms
			SpeedTree9Postprocessor.OnPostprocessAllAssets 3.533ms
			AssetChangeDetector.OnPostprocessAllAssets 1.955ms
			RenderPipelineGlobalSettingsPostprocessor.OnPostprocessAllAssets 1.742ms
			AssetChangedListener.OnPostprocessAllAssets 1.376ms
			ReferencedClipsPostProcessor.OnPostprocessAllAssets 0.926ms
			ShaderReflectionAssetPostProcessor.OnPostprocessAllAssets 0.784ms
			InputActionAssetPostprocessor.OnPostprocessAllAssets 0.540ms
			SpriteEditorTexturePostprocessor.OnPostprocessAllAssets 0.457ms
			ShaderGraphAssetPostProcessor.OnPostprocessAllAssets 0.403ms
			AssetDatabaseCallbacks.OnPostprocessAllAssets 0.386ms
			ModelAssetProcessor.OnPostprocessAllAssets 0.347ms
			ProjectSettingsPostprocessor.OnPostprocessAllAssets 0.272ms
			TerrainToolbarOverlayPostProcessor.OnPostprocessAllAssets 0.265ms
			PostProcessor.OnPostprocessAllAssets 0.156ms
			AssetPostprocessor.OnPostprocessAllAssets 0.151ms
			StyleCatalogPostProcessor.OnPostprocessAllAssets 0.087ms
			SpriteSlicePostprocessor.OnPostprocessAllAssets 0.052ms
	GatherAllCurrentPrimaryImportResultRevisions: 0.645ms
	UnloadStreamsBegin: 3.459ms
	PersistCurrentRevisions: 0.537ms
	GenerateScriptTypeHashes: 7.974ms
	GenerateScriptTypeSerializationHashes: 13.570ms
	Untracked: 3335.072ms

The referenced script (Unknown) on this Behaviour is missing!
Loaded scene 'Temp/__Backupscenes/0.backup'
	Deserialize:            19.530 ms
	Integration:            893.869 ms
	Integration of assets:  0.239 ms
	Thread Wait Time:       -0.150 ms
	Total Operation Time:   913.487 ms
UnassignedReferenceException: The variable molkkyRb of PlayerController has not been assigned.
You probably need to assign the molkkyRb variable of the PlayerController script in the inspector.
  at UnityEngine.Object+MarshalledUnityObject.TryThrowEditorNullExceptionObject (UnityEngine.Object unityObj, System.String parameterName) [0x000b4] in <baf9d421e5ac43acaf162d71aef6a04c>:0 
  at UnityEngine.Bindings.ThrowHelper.ThrowNullReferenceException (System.Object obj) [0x0000a] in <baf9d421e5ac43acaf162d71aef6a04c>:0 
  at UnityEngine.Component.get_gameObject () [0x00006] in <baf9d421e5ac43acaf162d71aef6a04c>:0 
  at PlayerController.ResetMolkky () [0x00000] in C:\Users\ikesakutarou\t6-M6\Molkky\Assets\Script\PlayerController.cs:164 
  at PlayerController.Start () [0x00000] in C:\Users\ikesakutarou\t6-M6\Molkky\Assets\Script\PlayerController.cs:38 

(Filename: Assets/Script/PlayerController.cs Line: 164)

Concave Mesh Colliders are not supported when used with dynamic Rigidbody GameObjects.
Either make the Mesh Collider convex, or make the Rigidbody kinematic. Scene hierarchy path "MolkkyLnuncher/Molkky/Rocket", Mesh asset path "", Mesh name "pb_Mesh568105589213734530"
[Licensing::Client] Error: Code 404 while processing request (status: Found 0 entitlement groups and 0 free entitlements matching requested entitlement ids)
[Licensing::Client] Successfully resolved entitlement details
[Licensing::Client] Successfully resolved entitlement details
[INFO ] [relay] log Unity client connected with ID: editor-15024-ma546q (relay 1.0.12-build.96)
[INFO ] [relay] connection.established clientId=editor-15024-ma546q port=9001
[Licensing::Client] Successfully resolved entitlement details
Unloading 1 Unused Serialized files (Serialized files now loaded: 0)
Loaded scene 'Temp/__Backupscenes/0.backup'
	Deserialize:            14.141 ms
	Integration:            618.487 ms
	Integration of assets:  0.235 ms
	Thread Wait Time:       0.436 ms
	Total Operation Time:   633.300 ms
Unloading 156 unused Assets / (5.4 MB). Loaded Objects now: 13176.
Memory consumption went from 0.86 GB to 0.85 GB.
Total: 57.225200 ms (FindLiveObjects: 1.922100 ms CreateObjectMapping: 5.686100 ms MarkObjects: 48.707200 ms  DeleteObjects: 0.904900 ms)

[Licensing::Client] Successfully resolved entitlement details
[Licensing::Module] License group:
  Id: F4-S82E-258Q-RRPW-KWCH-XXXX
  Product: Unity Personal
  Type: ULF
  Expiration: Unlimited
[Licensing::Module] License group:
  Id: 15669559352791-UnityPersXXXX
  Product: Unity Personal
  Type: Assigned
  Expiration: Unlimited

Asset Pipeline Refresh (id=74a371217b2be104a9a8be9efbf78648): Total: 0.052 seconds - Initiated by RefreshV2(AllowForceSynchronousImport)
[Licensing::Client] Error: Code 404 while processing request (status: Found 0 entitlement groups and 0 free entitlements matching requested entitlement ids)
Asset Pipeline Refresh (id=1eae8d81195286a4d821f8c7ad66b469): Total: 0.028 seconds - Initiated by RefreshV2(AllowForceSynchronousImport)
[Licensing::Client] Error: Code 404 while processing request (status: Found 0 entitlement groups and 0 free entitlements matching requested entitlement ids)
Asset Pipeline Refresh (id=7ba80f53fdbf5414abd87b36f594abff): Total: 0.034 seconds - Initiated by RefreshV2(AllowForceSynchronousImport)
[Licensing::Client] Error: Code 404 while processing request (status: Found 0 entitlement groups and 0 free entitlements matching requested entitlement ids)
Reloading assemblies for play mode.
Reloading assemblies after forced synchronous recompile.
[Licensing::Client] Successfully resolved entitlement details
[Licensing::Module] License group:
  Id: F4-S82E-258Q-RRPW-KWCH-XXXX
  Product: Unity Personal
  Type: ULF
  Expiration: Unlimited
[Licensing::Module] License group:
  Id: 15669559352791-UnityPersXXXX
  Product: Unity Personal
  Type: Assigned
  Expiration: Unlimited
Begin MonoManager ReloadAssembly
[INFO ] [relay] log Domain reload signal received from client editor-15024-ma546q
[INFO ] [relay] log Client disconnected - blocking and caching for recovery
[WARN ] [relay] connection.lost clientId=null
[WARN ] [relay] log Client disconnected - sessions will persist until auto-shutdown, reason: Client disconnected
[INFO ] [relay] log Auto-shutdown timer started due to client disconnection
Symbol file LoadedFromMemory is not a mono symbol file
Symbol file LoadedFromMemory is not a mono symbol file
Refreshing native plugins compatible for Editor in 15.03 ms, found 5 plugins.
Native extension for WindowsStandalone target not found
Native extension for WebGL target not found
Refreshing native plugins compatible for Editor in 13.52 ms, found 5 plugins.
[MODES] ModeService[none].Initialize
[MODES] ModeService[none].LoadModes
[Licensing::Client] Error: Code 404 while processing request (status: Found 0 entitlement groups and 0 free entitlements matching requested entitlement ids)
ScheduleIndexationOnStartup MainProcess:True IndexOnStartup:True
Mono: successfully reloaded assembly
- Finished resetting the current domain, in  6.342 seconds
Domain Reload Profiling: 9251ms
	BeginReloadAssembly (1953ms)
		DisableScriptedObjects (258ms)
		CreateAndSetChildDomain (1170ms)
	RebuildCommonClasses (18ms)
	RebuildNativeTypeToScriptingClass (29ms)
	initialDomainReloadingComplete (322ms)
	LoadAllAssembliesAndSetupDomain (584ms)
		LoadAssemblies (490ms)
		AnalyzeDomain (52ms)
			TypeCache.Refresh (20ms)
			ResolveRequiredComponents (23ms)
	FinalizeReload (6345ms)
		SetupLoadedEditorAssemblies (0ms)
			InitializePlatformSupportModulesInManaged (5ms)
			BeforeProcessingInitializeOnLoad (260ms)
			ProcessInitializeOnLoadAttributes (2137ms)
			ProcessInitializeOnLoadMethodAttributes (1283ms)
			AfterProcessingInitializeOnLoad (10ms)
		AwakeInstancesAfterBackupRestoration (1338ms)

Asset Pipeline Refresh (id=323f1f45753e5ed4e83113985165aa43): Total: 10.272 seconds - Initiated by StopAssetImportingV2(ForceSynchronousImport | ForceDomainReload)
	(Values over 0.05ms)
	Summary:
		Imports: total=0 (actual=0, local cache=0, cache server=0)
		Asset DB Process Time: managed=0 ms, native=6948 ms
		Asset DB Callback time: managed=120 ms, native=2 ms
		Scripting: domain reloads=1, domain reload time=3197 ms, compile time=4 ms, other=0 ms
		Project Asset Count: scripts=2161, non-scripts=5556
		Asset File Changes: new=0, changed=0, moved=0, deleted=0
		Scan Filter Count: 0
	InvokePackagesCallback: 11.882ms
	ApplyChangesToAssetFolders: 0.810ms
	Collect global state as custom dependencies: 7.334ms
	ProcessAssetsWithTransientArtifactChanges: 0.603ms
	CategorizeAssets: 226.692ms
	CompileScripts: 3.702ms
	ImportOutOfDateAssets: 6567.374ms (6415.120ms without children)
		CollectScriptTypesHashes: 1.595ms
		ReloadNativeAssets: 3.644ms
		UnloadImportedAssets: 0.504ms
		EnsureUptoDateAssetsAreRegisteredWithGuidPM: 2.640ms
		ImportSchedulerStart: 145.337ms
	PostProcessAllAssets: 120.195ms
		MonoPostProcessAllAssets: 120.181ms
			UniversalRenderPipelineGlobalSettingsPostprocessor.OnPostprocessAllAssets 32.454ms
			SyncVS.PostprocessSyncProject 29.955ms
			SpeedTree9Postprocessor.OnPostprocessAllAssets 5.807ms
			GraphRefreshPostprocessor.OnPostprocessAllAssets 5.523ms
			WindowAssetPostprocessingWatcher.OnPostprocessAllAssets 5.121ms
			AssetChangeDetector.OnPostprocessAllAssets 2.736ms
			RenderPipelineGlobalSettingsPostprocessor.OnPostprocessAllAssets 1.911ms
			AssetChangedListener.OnPostprocessAllAssets 1.376ms
			ShaderReflectionAssetPostProcessor.OnPostprocessAllAssets 1.234ms
			InputActionAssetPostprocessor.OnPostprocessAllAssets 0.948ms
			ReferencedClipsPostProcessor.OnPostprocessAllAssets 0.715ms
			ProjectSettingsPostprocessor.OnPostprocessAllAssets 0.516ms
			TerrainToolbarOverlayPostProcessor.OnPostprocessAllAssets 0.458ms
			SpriteEditorTexturePostprocessor.OnPostprocessAllAssets 0.457ms
			AssetDatabaseCallbacks.OnPostprocessAllAssets 0.411ms
			ShaderGraphAssetPostProcessor.OnPostprocessAllAssets 0.403ms
			ModelAssetProcessor.OnPostprocessAllAssets 0.347ms
			PostProcessor.OnPostprocessAllAssets 0.156ms
			AssetPostprocessor.OnPostprocessAllAssets 0.151ms
			StyleCatalogPostProcessor.OnPostprocessAllAssets 0.087ms
			SpriteSlicePostprocessor.OnPostprocessAllAssets 0.052ms
	GatherAllCurrentPrimaryImportResultRevisions: 0.650ms
	PersistCurrentRevisions: 0.657ms
	GenerateScriptTypeHashes: 10.078ms
	GenerateScriptTypeSerializationHashes: 17.172ms
	Untracked: 3312.304ms

The referenced script (Unknown) on this Behaviour is missing!
Loaded scene 'Temp/__Backupscenes/0.backup'
	Deserialize:            18.774 ms
	Integration:            841.099 ms
	Integration of assets:  0.490 ms
	Thread Wait Time:       -0.452 ms
	Total Operation Time:   859.912 ms
UnassignedReferenceException: The variable molkkyRb of PlayerController has not been assigned.
You probably need to assign the molkkyRb variable of the PlayerController script in the inspector.
  at UnityEngine.Object+MarshalledUnityObject.TryThrowEditorNullExceptionObject (UnityEngine.Object unityObj, System.String parameterName) [0x000b4] in <baf9d421e5ac43acaf162d71aef6a04c>:0 
  at UnityEngine.Bindings.ThrowHelper.ThrowNullReferenceException (System.Object obj) [0x0000a] in <baf9d421e5ac43acaf162d71aef6a04c>:0 
  at UnityEngine.Component.get_gameObject () [0x00006] in <baf9d421e5ac43acaf162d71aef6a04c>:0 
  at PlayerController.ResetMolkky () [0x00000] in C:\Users\ikesakutarou\t6-M6\Molkky\Assets\Script\PlayerController.cs:164 
  at PlayerController.Start () [0x00000] in C:\Users\ikesakutarou\t6-M6\Molkky\Assets\Script\PlayerController.cs:38 

(Filename: Assets/Script/PlayerController.cs Line: 164)

[Licensing::Client] Error: Code 404 while processing request (status: Found 0 entitlement groups and 0 free entitlements matching requested entitlement ids)
[Licensing::Client] Successfully resolved entitlement details
[Licensing::Client] Successfully resolved entitlement details
[INFO ] [relay] log Unity client connected with ID: editor-15024-vl47p6 (relay 1.0.12-build.96)
[INFO ] [relay] connection.established clientId=editor-15024-vl47p6 port=9001
[Licensing::Client] Successfully resolved entitlement details
Unloading 27 Unused Serialized files (Serialized files now loaded: 0)
Loaded scene 'Temp/__Backupscenes/0.backup'
	Deserialize:            15.560 ms
	Integration:            637.598 ms
	Integration of assets:  0.431 ms
	Thread Wait Time:       0.041 ms
	Total Operation Time:   653.630 ms
Unloading 105 unused Assets / (5.3 MB). Loaded Objects now: 13180.
Memory consumption went from 0.88 GB to 0.87 GB.
Total: 60.467600 ms (FindLiveObjects: 1.679600 ms CreateObjectMapping: 4.886600 ms MarkObjects: 53.398900 ms  DeleteObjects: 0.499800 ms)

[Licensing::Client] Successfully resolved entitlement details
[Licensing::Module] License group:
  Id: F4-S82E-258Q-RRPW-KWCH-XXXX
  Product: Unity Personal
  Type: ULF
  Expiration: Unlimited
[Licensing::Module] License group:
  Id: 15669559352791-UnityPersXXXX
  Product: Unity Personal
  Type: Assigned
  Expiration: Unlimited
Asset Pipeline Refresh (id=764ca4751c356184c9ff10524d1ec4fb): Total: 0.021 seconds - Initiated by RefreshV2(AllowForceSynchronousImport)
Asset Pipeline Refresh (id=b91f44dcb4d37e544b6ef4d87fedf47a): Total: 0.011 seconds - Initiated by RefreshV2(AllowForceSynchronousImport)
[Licensing::Client] Error: Code 404 while processing request (status: Found 0 entitlement groups and 0 free entitlements matching requested entitlement ids)
[ScriptCompilation] Requested script compilation because: AssetDatabase observed changes in script compilation related files
[Licensing::Client] Successfully resolved entitlement details
[Licensing::Module] License group:
  Id: F4-S82E-258Q-RRPW-KWCH-XXXX
  Product: Unity Personal
  Type: ULF
  Expiration: Unlimited
[Licensing::Module] License group:
  Id: 15669559352791-UnityPersXXXX
  Product: Unity Personal
  Type: Assigned
  Expiration: Unlimited
Refreshing native plugins compatible for Editor in 16.26 ms, found 5 plugins.

Asset Pipeline Refresh (id=20411db37e030c64dbd6f414a7827728): Total: 3.648 seconds - Initiated by RefreshV2(NoUpdateAssetOptions)
	(Values over 0.05ms)
	Summary:
		Imports: total=0 (actual=0, local cache=0, cache server=0)
		Asset DB Process Time: managed=0 ms, native=1162 ms
		Asset DB Callback time: managed=2374 ms, native=108 ms
		Scripting: domain reloads=0, domain reload time=0 ms, compile time=3 ms, other=0 ms
		Project Asset Count: scripts=2161, non-scripts=5556
		Asset File Changes: new=1, changed=2, moved=0, deleted=0
		Scan Filter Count: 0
	ApplyChangesToAssetFolders: 0.361ms
	Scan: 127.993ms
	Collect global state as custom dependencies: 0.172ms
	OnSourceAssetsModified: 3.240ms
	CategorizeScriptCompilationAssets: 0.119ms
	ProcessAssetsWithTransientArtifactChanges: 1.535ms
	CategorizeAssets: 146.269ms
	CompileScripts: 2.547ms
	ImportOutOfDateAssets: 499.400ms (60.065ms without children)
		ReloadNativeAssets: 0.142ms
		UnloadImportedAssets: 0.543ms
		EnsureUptoDateAssetsAreRegisteredWithGuidPM: 4.470ms
		ImportSchedulerStart: 434.166ms
	PostProcessAllAssets: 2448.040ms
		XRBuildSystem.XRAssetImported 85.089ms
		PostProcessCallbackCreateDeferredMaterials 0.880ms
		ObjectImages.AssetImported 0.161ms
		VersionControlSettings.HiddenFilePostprocess 0.093ms
		ShaderAssetModifiedCallback 0.061ms
		MonoPostProcessAllAssets: 2359.851ms
			SyncVS.PostprocessSyncProject 709.302ms
			AssetReferenceReimportMonitor.OnPostprocessAllAssets 159.484ms
			AssetChangedListener.OnPostprocessAllAssets 28.952ms
			AssetPostprocessor.OnPostprocessAllAssets 28.302ms
			BuilderAssetPostprocessor.OnPostprocessAllAssets 25.930ms
			ShaderGraphAssetPostProcessor.OnPostprocessAllAssets 16.222ms
			SpriteSlicePostprocessor.OnPostprocessAllAssets 13.224ms
			RetainedModeAssetPostprocessor.OnPostprocessAllAssets 10.202ms
			SpriteEditorTexturePostprocessor.OnPostprocessAllAssets 6.512ms
			TMPro_TexturePostProcessor.OnPostprocessAllAssets 3.778ms
			SkillsProjectAssetPostprocessor.OnPostprocessAllAssets 3.771ms
			MaterialPostprocessor.OnPostprocessAllAssets 3.182ms
			TextAssetPostProcessor.OnPostprocessAllAssets 2.746ms
			UVCSAssetPostprocessor.OnPostprocessAllAssets 2.632ms
			ArtifactBrowserPostProcessor.OnPostprocessAllAssets 2.252ms
			AudioMixerPostprocessor.OnPostprocessAllAssets 2.146ms
			SampleDependencyImporterPostProcessor.OnPostprocessAllAssets 1.868ms
			PostProcessor.OnPostprocessAllAssets 1.856ms
			SamplePostprocessor.OnPostprocessAllAssets 1.449ms
			ModelAssetProcessor.OnPostprocessAllAssets 1.394ms
			InputActionJsonNameModifierAssetProcessor.OnPostprocessAllAssets 1.270ms
			SpeedTreePostProcessor.OnPostprocessAllAssets 1.216ms
			ConfigAssetsTracker.OnPostprocessAllAssets 1.212ms
			AssetEvents.OnPostprocessAllAssets 1.207ms
			StyleCatalogPostProcessor.OnPostprocessAllAssets 1.157ms
			ScenarioDriftAssetsTracker.OnPostprocessAllAssets 0.797ms
			RenderPipelineGlobalSettingsPostprocessor.OnPostprocessAllAssets 0.796ms
			TrackSelectedAssetsProcessor.OnPostprocessAllAssets 0.587ms
			GraphRefreshPostprocessor.OnPostprocessAllAssets 0.529ms
			InputActionAssetPostprocessor.OnPostprocessAllAssets 0.517ms
			AudioContainerPostProcessor.OnPostprocessAllAssets 0.390ms
			UniversalRenderPipelineGlobalSettingsPostprocessor.OnPostprocessAllAssets 0.112ms
			TerrainToolbarOverlayPostProcessor.OnPostprocessAllAssets 0.097ms
			SpeedTree9Postprocessor.OnPostprocessAllAssets 0.090ms
			ShaderReflectionAssetPostProcessor.OnPostprocessAllAssets 0.055ms
	PostAssetChangesProfiler: 32.011ms
	GatherAllCurrentPrimaryImportResultRevisions: 1.284ms
	PersistCurrentRevisions: 1.722ms
	Untracked: 383.082ms

info: Microsoft.AspNetCore.Hosting.Diagnostics[1]
      Request starting HTTP/2 POST http://ilpp/UnityILPP.PostProcessing/Ping - application/grpc -
info: Microsoft.AspNetCore.Routing.EndpointMiddleware[0]
      Executing endpoint 'gRPC - /UnityILPP.PostProcessing/Ping'
info: Microsoft.AspNetCore.Routing.EndpointMiddleware[1]
      Executed endpoint 'gRPC - /UnityILPP.PostProcessing/Ping'
info: Microsoft.AspNetCore.Hosting.Diagnostics[2]
      Request finished HTTP/2 POST http://ilpp/UnityILPP.PostProcessing/Ping - 200 - application/grpc 0.5579ms
Starting: C:\Program Files\Unity\Hub\Editor\6000.5.0f1\Editor\Data\Tools\BuildPipeline\bee_backend.exe --ipc --defer-dag-verification --dagfile="Library/Bee/1900b0aE.dag" --continue-on-failure --profile="Library/Bee/backend1.traceevents" ScriptAssemblies
WorkingDir: C:/Users/ikesakutarou/t6-M6/Molkky
info: Microsoft.AspNetCore.Hosting.Diagnostics[1]
      Request starting HTTP/2 POST http://ilpp/UnityILPP.PostProcessing/ConfigurePostProcessors - application/grpc -
info: Microsoft.AspNetCore.Routing.EndpointMiddleware[0]
      Executing endpoint 'gRPC - /UnityILPP.PostProcessing/ConfigurePostProcessors'
info: Unity.ILPP.Runner.PostProcessingAssemblyLoadContext[0]
      Current configuration matches the requested one, skipping
info: Microsoft.AspNetCore.Routing.EndpointMiddleware[1]
      Executed endpoint 'gRPC - /UnityILPP.PostProcessing/ConfigurePostProcessors'
info: Microsoft.AspNetCore.Hosting.Diagnostics[2]
      Request finished HTTP/2 POST http://ilpp/UnityILPP.PostProcessing/ConfigurePostProcessors - 200 - application/grpc 2.3988ms
Starting: C:\Program Files\Unity\Hub\Editor\6000.5.0f1\Editor\Data\netcorerun\netcorerun.exe "C:\Program Files\Unity\Hub\Editor\6000.5.0f1\Editor\Data\Tools\BuildPipeline\ScriptCompilationBuildProgram.exe" "Library/Bee/1900b0aE.dag.json" "Library/Bee/1900b0aE-inputdata.json" "Library\Bee\buildprogram0.traceevents"
WorkingDir: C:/Users/ikesakutarou/t6-M6/Molkky
ExitCode: 4 Duration: 1s125ms
Rebuilding DAG because FileSignature timestamp changed: Library/Bee/1900b0aE-inputdata.json
[1247/1640  0s] ILPP-Configuration Library/ilpp-configuration.nevergeneratedoutput
*** Tundra requires additional run (1.04 seconds), 2 items updated, 1246 evaluated
ExitCode: 0 Duration: 3s523ms
Starting: C:\Program Files\Unity\Hub\Editor\6000.5.0f1\Editor\Data\Tools\BuildPipeline\bee_backend.exe --ipc --defer-dag-verification --dagfile="Library/Bee/1900b0aE.dag" --continue-on-failure --dagfilejson="Library\Bee\1900b0aE.dag.json" --profile="Library/Bee/backend2.traceevents" ScriptAssemblies
WorkingDir: C:/Users/ikesakutarou/t6-M6/Molkky
info: Microsoft.AspNetCore.Hosting.Diagnostics[1]
      Request starting HTTP/2 POST http://ilpp/UnityILPP.PostProcessing/ConfigurePostProcessors - application/grpc -
info: Microsoft.AspNetCore.Routing.EndpointMiddleware[0]
      Executing endpoint 'gRPC - /UnityILPP.PostProcessing/ConfigurePostProcessors'
info: Unity.ILPP.Runner.PostProcessingAssemblyLoadContext[0]
      Current configuration matches the requested one, skipping
info: Microsoft.AspNetCore.Routing.EndpointMiddleware[1]
      Executed endpoint 'gRPC - /UnityILPP.PostProcessing/ConfigurePostProcessors'
info: Microsoft.AspNetCore.Hosting.Diagnostics[2]
      Request finished HTTP/2 POST http://ilpp/UnityILPP.PostProcessing/ConfigurePostProcessors - 200 - application/grpc 1.5809ms
ExitCode: 3 Duration: 1s688ms
Finished compiling graph: 1644 nodes, 35213 flattened edges (28741 ToBuild, 272 ToUse), maximum node priority 1839
[ 841/1640  0s] WriteText Library/Bee/artifacts/1900b0aE.dag/Assembly-CSharp.rsp
[1247/1640  0s] ILPP-Configuration Library/ilpp-configuration.nevergeneratedoutput
[1632/1640  0s] Csc Library/Bee/artifacts/1900b0aE.dag/Assembly-CSharp.dll (+2 others)
##### CommandLine
"C:\Program Files\Unity\Hub\Editor\6000.5.0f1\Editor\Data\DotNetSdk\dotnet.exe" exec "C:/Program Files/Unity/Hub/Editor/6000.5.0f1/Editor/Data/DotNetSdk/sdk/8.0.318/Roslyn/bincore/csc.dll" /nostdlib /noconfig /shared "@Library/Bee/artifacts/1900b0aE.dag/Assembly-CSharp.rsp" "@Library/Bee/artifacts/1900b0aE.dag/Assembly-CSharp.rsp2"
##### Contents of Library\Bee\artifacts\1900b0aE.dag\Assembly-CSharp.rsp
-target:library
-out:"Library/Bee/artifacts/1900b0aE.dag/Assembly-CSharp.dll"
-refout:"Library/Bee/artifacts/1900b0aE.dag/Assembly-CSharp.ref.dll"
-define:UNITY_6000_5_0
-define:UNITY_6000_5
-define:UNITY_6000
-define:UNITY_5_3_OR_NEWER
-define:UNITY_5_4_OR_NEWER
-define:UNITY_5_5_OR_NEWER
-define:UNITY_5_6_OR_NEWER
-define:UNITY_2017_1_OR_NEWER
-define:UNITY_2017_2_OR_NEWER
-define:UNITY_2017_3_OR_NEWER
-define:UNITY_2017_4_OR_NEWER
-define:UNITY_2018_1_OR_NEWER
-define:UNITY_2018_2_OR_NEWER
-define:UNITY_2018_3_OR_NEWER
-define:UNITY_2018_4_OR_NEWER
-define:UNITY_2019_1_OR_NEWER
-define:UNITY_2019_2_OR_NEWER
-define:UNITY_2019_3_OR_NEWER
-define:UNITY_2019_4_OR_NEWER
-define:UNITY_2020_1_OR_NEWER
-define:UNITY_2020_2_OR_NEWER
-define:UNITY_2020_3_OR_NEWER
-define:UNITY_2021_1_OR_NEWER
-define:UNITY_2021_2_OR_NEWER
-define:UNITY_2021_3_OR_NEWER
-define:UNITY_2022_1_OR_NEWER
-define:UNITY_2022_2_OR_NEWER
-define:UNITY_2022_3_OR_NEWER
-define:UNITY_2023_1_OR_NEWER
-define:UNITY_2023_2_OR_NEWER
-define:UNITY_2023_3_OR_NEWER
-define:UNITY_6000_0_OR_NEWER
-define:UNITY_6000_1_OR_NEWER
-define:UNITY_6000_2_OR_NEWER
-define:UNITY_6000_3_OR_NEWER
-define:UNITY_6000_4_OR_NEWER
-define:UNITY_6000_5_OR_NEWER
-define:PLATFORM_ARCH_64
-define:UNITY_64
-define:UNITY_INCLUDE_TESTS
-define:UNITY_ENABLE_CLOUD_SERVICES_ENGINE_DIAGNOSTICS_MANAGED
-define:ENABLE_AR
-define:ENABLE_AUDIO
-define:ENABLE_AUDIO_SCRIPTABLE_PIPELINE
-define:ENABLE_CACHING
-define:ENABLE_CLOTH
-define:ENABLE_EVENT_QUEUE
-define:ENABLE_MICROPHONE
-define:ENABLE_MULTIPLE_DISPLAYS
-define:ENABLE_PHYSICS
-define:ENABLE_TEXTURE_STREAMING
-define:ENABLE_VIRTUALTEXTURING
-define:ENABLE_LZMA
-define:ENABLE_UNITYEVENTS
-define:ENABLE_VR
-define:ENABLE_WEBCAM
-define:ENABLE_UNITYWEBREQUEST
-define:ENABLE_WWW
-define:ENABLE_CLOUD_SERVICES
-define:ENABLE_CLOUD_SERVICES_ADS
-define:ENABLE_CLOUD_SERVICES_USE_WEBREQUEST
-define:ENABLE_UNITY_CONSENT
-define:ENABLE_UNITY_CLOUD_IDENTIFIERS
-define:ENABLE_CLOUD_SERVICES_CRASH_REPORTING
-define:ENABLE_CLOUD_SERVICES_NATIVE_CRASH_REPORTING
-define:ENABLE_CLOUD_SERVICES_PURCHASING
-define:ENABLE_CLOUD_SERVICES_ANALYTICS
-define:ENABLE_CLOUD_SERVICES_BUILD
-define:ENABLE_EDITOR_GAME_SERVICES
-define:ENABLE_UNITY_GAME_SERVICES_ANALYTICS_SUPPORT
-define:ENABLE_CLOUD_LICENSE
-define:ENABLE_EDITOR_HUB_LICENSE
-define:ENABLE_WEBSOCKET_CLIENT
-define:ENABLE_GENERATE_NATIVE_PLUGINS_FOR_ASSEMBLIES_API
-define:ENABLE_DIRECTOR_AUDIO
-define:ENABLE_DIRECTOR_TEXTURE
-define:ENABLE_MANAGED_JOBS
-define:ENABLE_MANAGED_TRANSFORM_JOBS
-define:ENABLE_MANAGED_ANIMATION_JOBS
-define:ENABLE_MANAGED_AUDIO_JOBS
-define:ENABLE_MANAGED_UNITYTLS
-define:INCLUDE_DYNAMIC_GI
-define:ENABLE_SCRIPTING_GC_WBARRIERS
-define:PLATFORM_SUPPORTS_MONO
-define:RENDER_SOFTWARE_CURSOR
-define:ENABLE_MARSHALLING_TESTS
-define:ENABLE_VIDEO
-define:ENABLE_NAVIGATION_OFFMESHLINK_TO_NAVMESHLINK
-define:ENABLE_ACCELERATOR_CLIENT_DEBUGGING
-define:ENABLE_ACCESSIBILITY_SCREEN_READER
-define:TEXTCORE_1_0_OR_NEWER
-define:EDITOR_ONLY_NAVMESH_BUILDER_DEPRECATED
-define:PLATFORM_STANDALONE_WIN
-define:PLATFORM_STANDALONE
-define:UNITY_STANDALONE_WIN
-define:UNITY_STANDALONE
-define:ENABLE_RUNTIME_GI
-define:ENABLE_MOVIES
-define:ENABLE_NETWORK
-define:ENABLE_NVIDIA
-define:ENABLE_AMD
-define:ENABLE_CRUNCH_TEXTURE_COMPRESSION
-define:ENABLE_CLOUD_SERVICES_ENGINE_DIAGNOSTICS
-define:ENABLE_OUT_OF_PROCESS_CRASH_HANDLER
-define:ENABLE_CLUSTER_SYNC
-define:ENABLE_CLUSTERINPUT
-define:PLATFORM_UPDATES_TIME_OUTSIDE_OF_PLAYER_LOOP
-define:GFXDEVICE_WAITFOREVENT_MESSAGEPUMP
-define:PLATFORM_USES_EXPLICIT_MEMORY_MANAGER_INITIALIZER
-define:PLATFORM_SUPPORTS_WAIT_FOR_PRESENTATION
-define:PLATFORM_SUPPORTS_SPLIT_GRAPHICS_JOBS
-define:PLATFORM_USES_VULKAN_OLD_SWAPCHAIN
-define:USE_READ_ASYNC_MANAGED_API
-define:ENABLE_MONO
-define:NET_STANDARD_2_0
-define:NET_STANDARD
-define:NET_STANDARD_2_1
-define:NETSTANDARD
-define:NETSTANDARD2_1
-define:ENABLE_PROFILER
-define:DEBUG
-define:TRACE
-define:UNITY_ASSERTIONS
-define:UNITY_EDITOR
-define:UNITY_EDITOR_64
-define:UNITY_EDITOR_WIN
-define:ENABLE_UNITY_COLLECTIONS_CHECKS
-define:ENABLE_BURST_AOT
-define:UNITY_TEAM_LICENSE
-define:ENABLE_CUSTOM_RENDER_TEXTURE
-define:ENABLE_DIRECTOR
-define:ENABLE_LOCALIZATION
-define:ENABLE_SPRITES
-define:ENABLE_TERRAIN
-define:ENABLE_TILEMAP
-define:ENABLE_TIMELINE
-define:ENABLE_INPUT_SYSTEM
-define:TEXTCORE_FONT_ENGINE_1_5_OR_NEWER
-define:TEXTCORE_TEXT_ENGINE_1_5_OR_NEWER
-define:TEXTCORE_FONT_ENGINE_1_6_OR_NEWER
-define:SENTIS_ANALYTICS_ENABLED
-define:APP_UI_EDITOR_ONLY
-define:CSHARP_7_OR_LATER
-define:CSHARP_7_3_OR_NEWER
-r:"C:/Program Files/Unity/Hub/Editor/6000.5.0f1/Editor/Data/BCLExtensions/TargetingPacks/netstandard2.1/ref/Microsoft.Bcl.AsyncInterfaces.dll"
-r:"C:/Program Files/Unity/Hub/Editor/6000.5.0f1/Editor/Data/BCLExtensions/TargetingPacks/netstandard2.1/ref/Microsoft.Extensions.DependencyInjection.Abstractions.dll"
-r:"C:/Program Files/Unity/Hub/Editor/6000.5.0f1/Editor/Data/BCLExtensions/TargetingPacks/netstandard2.1/ref/Microsoft.Extensions.Logging.Abstractions.dll"
-r:"C:/Program Files/Unity/Hub/Editor/6000.5.0f1/Editor/Data/BCLExtensions/TargetingPacks/netstandard2.1/ref/System.Collections.Immutable.dll"
-r:"C:/Program Files/Unity/Hub/Editor/6000.5.0f1/Editor/Data/BCLExtensions/TargetingPacks/netstandard2.1/ref/System.Diagnostics.DiagnosticSource.dll"
-r:"C:/Program Files/Unity/Hub/Editor/6000.5.0f1/Editor/Data/BCLExtensions/TargetingPacks/netstandard2.1/ref/System.IO.Hashing.dll"
-r:"C:/Program Files/Unity/Hub/Editor/6000.5.0f1/Editor/Data/BCLExtensions/TargetingPacks/netstandard2.1/ref/System.Reflection.Metadata.dll"
-r:"C:/Program Files/Unity/Hub/Editor/6000.5.0f1/Editor/Data/BCLExtensions/TargetingPacks/netstandard2.1/ref/System.Runtime.CompilerServices.Unsafe.dll"
-r:"C:/Program Files/Unity/Hub/Editor/6000.5.0f1/Editor/Data/BCLExtensions/TargetingPacks/netstandard2.1/ref/System.Text.Encodings.Web.dll"
-r:"C:/Program Files/Unity/Hub/Editor/6000.5.0f1/Editor/Data/BCLExtensions/TargetingPacks/netstandard2.1/ref/System.Text.Json.dll"
-r:"C:/Program Files/Unity/Hub/Editor/6000.5.0f1/Editor/Data/Managed/UnityEngine/Unity.Scripting.dll"
-r:"C:/Program Files/Unity/Hub/Editor/6000.5.0f1/Editor/Data/Managed/UnityEngine/UnityEditor.AIModule.dll"
-r:"C:/Program Files/Unity/Hub/Editor/6000.5.0f1/Editor/Data/Managed/UnityEngine/UnityEditor.AccessibilityModule.dll"
-r:"C:/Program Files/Unity/Hub/Editor/6000.5.0f1/Editor/Data/Managed/UnityEngine/UnityEditor.AdaptivePerformanceModule.dll"
-r:"C:/Program Files/Unity/Hub/Editor/6000.5.0f1/Editor/Data/Managed/UnityEngine/UnityEditor.AssetComplianceModule.dll"
-r:"C:/Program Files/Unity/Hub/Editor/6000.5.0f1/Editor/Data/Managed/UnityEngine/UnityEditor.BuildProfileModule.dll"
-r:"C:/Program Files/Unity/Hub/Editor/6000.5.0f1/Editor/Data/Managed/UnityEngine/UnityEditor.ClothModule.dll"
-r:"C:/Program Files/Unity/Hub/Editor/6000.5.0f1/Editor/Data/Managed/UnityEngine/UnityEditor.ContentLoadModule.dll"
-r:"C:/Program Files/Unity/Hub/Editor/6000.5.0f1/Editor/Data/Managed/UnityEngine/UnityEditor.CoreBusinessMetricsModule.dll"
-r:"C:/Program Files/Unity/Hub/Editor/6000.5.0f1/Editor/Data/Managed/UnityEngine/UnityEditor.CoreModule.dll"
-r:"C:/Program Files/Unity/Hub/Editor/6000.5.0f1/Editor/Data/Managed/UnityEngine/UnityEditor.DeviceSimulatorModule.dll"
-r:"C:/Program Files/Unity/Hub/Editor/6000.5.0f1/Editor/Data/Managed/UnityEngine/UnityEditor.DiagnosticsModule.dll"
-r:"C:/Program Files/Unity/Hub/Editor/6000.5.0f1/Editor/Data/Managed/UnityEngine/UnityEditor.EditorToolbarModule.dll"
-r:"C:/Program Files/Unity/Hub/Editor/6000.5.0f1/Editor/Data/Managed/UnityEngine/UnityEditor.EmbreeModule.dll"
-r:"C:/Program Files/Unity/Hub/Editor/6000.5.0f1/Editor/Data/Managed/UnityEngine/UnityEditor.GIModule.dll"
-r:"C:/Program Files/Unity/Hub/Editor/6000.5.0f1/Editor/Data/Managed/UnityEngine/UnityEditor.GenericRemoteModule.dll"
-r:"C:/Program Files/Unity/Hub/Editor/6000.5.0f1/Editor/Data/Managed/UnityEngine/UnityEditor.GraphToolkitModule.dll"
-r:"C:/Program Files/Unity/Hub/Editor/6000.5.0f1/Editor/Data/Managed/UnityEngine/UnityEditor.GraphViewModule.dll"
-r:"C:/Program Files/Unity/Hub/Editor/6000.5.0f1/Editor/Data/Managed/UnityEngine/UnityEditor.GraphicsStateCollectionSerializerModule.dll"
-r:"C:/Program Files/Unity/Hub/Editor/6000.5.0f1/Editor/Data/Managed/UnityEngine/UnityEditor.GridAndSnapModule.dll"
-r:"C:/Program Files/Unity/Hub/Editor/6000.5.0f1/Editor/Data/Managed/UnityEngine/UnityEditor.GridModule.dll"
-r:"C:/Program Files/Unity/Hub/Editor/6000.5.0f1/Editor/Data/Managed/UnityEngine/UnityEditor.HierarchyModule.dll"
-r:"C:/Program Files/Unity/Hub/Editor/6000.5.0f1/Editor/Data/Managed/UnityEngine/UnityEditor.LightingModule.dll"
-r:"C:/Program Files/Unity/Hub/Editor/6000.5.0f1/Editor/Data/Managed/UnityEngine/UnityEditor.MathematicsModule.dll"
-r:"C:/Program Files/Unity/Hub/Editor/6000.5.0f1/Editor/Data/Managed/UnityEngine/UnityEditor.MediaModule.dll"
-r:"C:/Program Files/Unity/Hub/Editor/6000.5.0f1/Editor/Data/Managed/UnityEngine/UnityEditor.MultiplayerModule.dll"
-r:"C:/Program Files/Unity/Hub/Editor/6000.5.0f1/Editor/Data/Managed/UnityEngine/UnityEditor.Physics2DModule.dll"
-r:"C:/Program Files/Unity/Hub/Editor/6000.5.0f1/Editor/Data/Managed/UnityEngine/UnityEditor.PhysicsCore2DModule.dll"
-r:"C:/Program Files/Unity/Hub/Editor/6000.5.0f1/Editor/Data/Managed/UnityEngine/UnityEditor.PhysicsModule.dll"
-r:"C:/Program Files/Unity/Hub/Editor/6000.5.0f1/Editor/Data/Managed/UnityEngine/UnityEditor.PlayModeModule.dll"
-r:"C:/Program Files/Unity/Hub/Editor/6000.5.0f1/Editor/Data/Managed/UnityEngine/UnityEditor.PresetsUIModule.dll"
-r:"C:/Program Files/Unity/Hub/Editor/6000.5.0f1/Editor/Data/Managed/UnityEngine/UnityEditor.ProjectAuditorModule.dll"
-r:"C:/Program Files/Unity/Hub/Editor/6000.5.0f1/Editor/Data/Managed/UnityEngine/UnityEditor.PropertiesModule.dll"
-r:"C:/Program Files/Unity/Hub/Editor/6000.5.0f1/Editor/Data/Managed/UnityEngine/UnityEditor.QuickInstallModule.dll"
-r:"C:/Program Files/Unity/Hub/Editor/6000.5.0f1/Editor/Data/Managed/UnityEngine/UnityEditor.QuickSearchModule.dll"
-r:"C:/Program Files/Unity/Hub/Editor/6000.5.0f1/Editor/Data/Managed/UnityEngine/UnityEditor.SafeModeModule.dll"
-r:"C:/Program Files/Unity/Hub/Editor/6000.5.0f1/Editor/Data/Managed/UnityEngine/UnityEditor.SceneTemplateModule.dll"
-r:"C:/Program Files/Unity/Hub/Editor/6000.5.0f1/Editor/Data/Managed/UnityEngine/UnityEditor.SceneViewModule.dll"
-r:"C:/Program Files/Unity/Hub/Editor/6000.5.0f1/Editor/Data/Managed/UnityEngine/UnityEditor.ShaderBuildSettingsModule.dll"
-r:"C:/Program Files/Unity/Hub/Editor/6000.5.0f1/Editor/Data/Managed/UnityEngine/UnityEditor.ShaderCompilationModule.dll"
-r:"C:/Program Files/Unity/Hub/Editor/6000.5.0f1/Editor/Data/Managed/UnityEngine/UnityEditor.ShaderFoundryModule.dll"
-r:"C:/Program Files/Unity/Hub/Editor/6000.5.0f1/Editor/Data/Managed/UnityEngine/UnityEditor.SketchUpModule.dll"
-r:"C:/Program Files/Unity/Hub/Editor/6000.5.0f1/Editor/Data/Managed/UnityEngine/UnityEditor.SpriteMaskModule.dll"
-r:"C:/Program Files/Unity/Hub/Editor/6000.5.0f1/Editor/Data/Managed/UnityEngine/UnityEditor.SpriteShapeModule.dll"
-r:"C:/Program Files/Unity/Hub/Editor/6000.5.0f1/Editor/Data/Managed/UnityEngine/UnityEditor.SubstanceModule.dll"
-r:"C:/Program Files/Unity/Hub/Editor/6000.5.0f1/Editor/Data/Managed/UnityEngine/UnityEditor.TerrainModule.dll"
-r:"C:/Program Files/Unity/Hub/Editor/6000.5.0f1/Editor/Data/Managed/UnityEngine/UnityEditor.TextCoreFontEngineModule.dll"
-r:"C:/Program Files/Unity/Hub/Editor/6000.5.0f1/Editor/Data/Managed/UnityEngine/UnityEditor.TextCoreTextEngineModule.dll"
-r:"C:/Program Files/Unity/Hub/Editor/6000.5.0f1/Editor/Data/Managed/UnityEngine/UnityEditor.TextRenderingModule.dll"
-r:"C:/Program Files/Unity/Hub/Editor/6000.5.0f1/Editor/Data/Managed/UnityEngine/UnityEditor.TilemapModule.dll"
-r:"C:/Program Files/Unity/Hub/Editor/6000.5.0f1/Editor/Data/Managed/UnityEngine/UnityEditor.TreeModule.dll"
-r:"C:/Program Files/Unity/Hub/Editor/6000.5.0f1/Editor/Data/Managed/UnityEngine/UnityEditor.U2DModule.dll"
-r:"C:/Program Files/Unity/Hub/Editor/6000.5.0f1/Editor/Data/Managed/UnityEngine/UnityEditor.UIAutomationModule.dll"
-r:"C:/Program Files/Unity/Hub/Editor/6000.5.0f1/Editor/Data/Managed/UnityEngine/UnityEditor.UIBuilderModule.dll"
-r:"C:/Program Files/Unity/Hub/Editor/6000.5.0f1/Editor/Data/Managed/UnityEngine/UnityEditor.UIElementsModule.dll"
-r:"C:/Program Files/Unity/Hub/Editor/6000.5.0f1/Editor/Data/Managed/UnityEngine/UnityEditor.UIElementsSamplesModule.dll"
-r:"C:/Program Files/Unity/Hub/Editor/6000.5.0f1/Editor/Data/Managed/UnityEngine/UnityEditor.UIToolkitAuthoringModule.dll"
-r:"C:/Program Files/Unity/Hub/Editor/6000.5.0f1/Editor/Data/Managed/UnityEngine/UnityEditor.UmbraModule.dll"
-r:"C:/Program Files/Unity/Hub/Editor/6000.5.0f1/Editor/Data/Managed/UnityEngine/UnityEditor.UnityConnectModule.dll"
-r:"C:/Program Files/Unity/Hub/Editor/6000.5.0f1/Editor/Data/Managed/UnityEngine/UnityEditor.VFXModule.dll"
-r:"C:/Program Files/Unity/Hub/Editor/6000.5.0f1/Editor/Data/Managed/UnityEngine/UnityEditor.VectorGraphicsModule.dll"
-r:"C:/Program Files/Unity/Hub/Editor/6000.5.0f1/Editor/Data/Managed/UnityEngine/UnityEditor.VideoModule.dll"
-r:"C:/Program Files/Unity/Hub/Editor/6000.5.0f1/Editor/Data/Managed/UnityEngine/UnityEditor.XRModule.dll"
-r:"C:/Program Files/Unity/Hub/Editor/6000.5.0f1/Editor/Data/Managed/UnityEngine/UnityEditor.dll"
-r:"C:/Program Files/Unity/Hub/Editor/6000.5.0f1/Editor/Data/Managed/UnityEngine/UnityEngine.AIModule.dll"
-r:"C:/Program Files/Unity/Hub/Editor/6000.5.0f1/Editor/Data/Managed/UnityEngine/UnityEngine.ARModule.dll"
-r:"C:/Program Files/Unity/Hub/Editor/6000.5.0f1/Editor/Data/Managed/UnityEngine/UnityEngine.AccessibilityModule.dll"
-r:"C:/Program Files/Unity/Hub/Editor/6000.5.0f1/Editor/Data/Managed/UnityEngine/UnityEngine.AdaptivePerformanceModule.dll"
-r:"C:/Program Files/Unity/Hub/Editor/6000.5.0f1/Editor/Data/Managed/UnityEngine/UnityEngine.AndroidJNIModule.dll"
-r:"C:/Program Files/Unity/Hub/Editor/6000.5.0f1/Editor/Data/Managed/UnityEngine/UnityEngine.AnimationModule.dll"
-r:"C:/Program Files/Unity/Hub/Editor/6000.5.0f1/Editor/Data/Managed/UnityEngine/UnityEngine.AssetBundleModule.dll"
-r:"C:/Program Files/Unity/Hub/Editor/6000.5.0f1/Editor/Data/Managed/UnityEngine/UnityEngine.AudioModule.dll"
-r:"C:/Program Files/Unity/Hub/Editor/6000.5.0f1/Editor/Data/Managed/UnityEngine/UnityEngine.ClothModule.dll"
-r:"C:/Program Files/Unity/Hub/Editor/6000.5.0f1/Editor/Data/Managed/UnityEngine/UnityEngine.ClusterInputModule.dll"
-r:"C:/Program Files/Unity/Hub/Editor/6000.5.0f1/Editor/Data/Managed/UnityEngine/UnityEngine.ClusterRendererModule.dll"
-r:"C:/Program Files/Unity/Hub/Editor/6000.5.0f1/Editor/Data/Managed/UnityEngine/UnityEngine.ContentLoadModule.dll"
-r:"C:/Program Files/Unity/Hub/Editor/6000.5.0f1/Editor/Data/Managed/UnityEngine/UnityEngine.CoreModule.dll"
-r:"C:/Program Files/Unity/Hub/Editor/6000.5.0f1/Editor/Data/Managed/UnityEngine/UnityEngine.CrashReportingModule.dll"
-r:"C:/Program Files/Unity/Hub/Editor/6000.5.0f1/Editor/Data/Managed/UnityEngine/UnityEngine.DSPGraphModule.dll"
-r:"C:/Program Files/Unity/Hub/Editor/6000.5.0f1/Editor/Data/Managed/UnityEngine/UnityEngine.DirectorModule.dll"
-r:"C:/Program Files/Unity/Hub/Editor/6000.5.0f1/Editor/Data/Managed/UnityEngine/UnityEngine.GIModule.dll"
-r:"C:/Program Files/Unity/Hub/Editor/6000.5.0f1/Editor/Data/Managed/UnityEngine/UnityEngine.GameCenterModule.dll"
-r:"C:/Program Files/Unity/Hub/Editor/6000.5.0f1/Editor/Data/Managed/UnityEngine/UnityEngine.GraphicsStateCollectionSerializerModule.dll"
-r:"C:/Program Files/Unity/Hub/Editor/6000.5.0f1/Editor/Data/Managed/UnityEngine/UnityEngine.GridModule.dll"
-r:"C:/Program Files/Unity/Hub/Editor/6000.5.0f1/Editor/Data/Managed/UnityEngine/UnityEngine.HierarchyCoreModule.dll"
-r:"C:/Program Files/Unity/Hub/Editor/6000.5.0f1/Editor/Data/Managed/UnityEngine/UnityEngine.HotReloadModule.dll"
-r:"C:/Program Files/Unity/Hub/Editor/6000.5.0f1/Editor/Data/Managed/UnityEngine/UnityEngine.IMGUIModule.dll"
-r:"C:/Program Files/Unity/Hub/Editor/6000.5.0f1/Editor/Data/Managed/UnityEngine/UnityEngine.IdentifiersModule.dll"
-r:"C:/Program Files/Unity/Hub/Editor/6000.5.0f1/Editor/Data/Managed/UnityEngine/UnityEngine.ImageConversionModule.dll"
-r:"C:/Program Files/Unity/Hub/Editor/6000.5.0f1/Editor/Data/Managed/UnityEngine/UnityEngine.InputForUIModule.dll"
-r:"C:/Program Files/Unity/Hub/Editor/6000.5.0f1/Editor/Data/Managed/UnityEngine/UnityEngine.InputLegacyModule.dll"
-r:"C:/Program Files/Unity/Hub/Editor/6000.5.0f1/Editor/Data/Managed/UnityEngine/UnityEngine.InputModule.dll"
-r:"C:/Program Files/Unity/Hub/Editor/6000.5.0f1/Editor/Data/Managed/UnityEngine/UnityEngine.InsightsModule.dll"
-r:"C:/Program Files/Unity/Hub/Editor/6000.5.0f1/Editor/Data/Managed/UnityEngine/UnityEngine.JSONSerializeModule.dll"
-r:"C:/Program Files/Unity/Hub/Editor/6000.5.0f1/Editor/Data/Managed/UnityEngine/UnityEngine.LocalizationModule.dll"
-r:"C:/Program Files/Unity/Hub/Editor/6000.5.0f1/Editor/Data/Managed/UnityEngine/UnityEngine.MarshallingModule.dll"
-r:"C:/Program Files/Unity/Hub/Editor/6000.5.0f1/Editor/Data/Managed/UnityEngine/UnityEngine.MathematicsModule.dll"
-r:"C:/Program Files/Unity/Hub/Editor/6000.5.0f1/Editor/Data/Managed/UnityEngine/UnityEngine.MultiplayerModule.dll"
-r:"C:/Program Files/Unity/Hub/Editor/6000.5.0f1/Editor/Data/Managed/UnityEngine/UnityEngine.ParticleSystemModule.dll"
-r:"C:/Program Files/Unity/Hub/Editor/6000.5.0f1/Editor/Data/Managed/UnityEngine/UnityEngine.PerformanceReportingModule.dll"
-r:"C:/Program Files/Unity/Hub/Editor/6000.5.0f1/Editor/Data/Managed/UnityEngine/UnityEngine.Physics2DModule.dll"
-r:"C:/Program Files/Unity/Hub/Editor/6000.5.0f1/Editor/Data/Managed/UnityEngine/UnityEngine.PhysicsBackendPhysXModule.dll"
-r:"C:/Program Files/Unity/Hub/Editor/6000.5.0f1/Editor/Data/Managed/UnityEngine/UnityEngine.PhysicsCore2DModule.dll"
-r:"C:/Program Files/Unity/Hub/Editor/6000.5.0f1/Editor/Data/Managed/UnityEngine/UnityEngine.PhysicsModule.dll"
-r:"C:/Program Files/Unity/Hub/Editor/6000.5.0f1/Editor/Data/Managed/UnityEngine/UnityEngine.PropertiesModule.dll"
-r:"C:/Program Files/Unity/Hub/Editor/6000.5.0f1/Editor/Data/Managed/UnityEngine/UnityEngine.RenderAs2DModule.dll"
-r:"C:/Program Files/Unity/Hub/Editor/6000.5.0f1/Editor/Data/Managed/UnityEngine/UnityEngine.RuntimeInitializeOnLoadManagerInitializerModule.dll"
-r:"C:/Program Files/Unity/Hub/Editor/6000.5.0f1/Editor/Data/Managed/UnityEngine/UnityEngine.ScreenCaptureModule.dll"
-r:"C:/Program Files/Unity/Hub/Editor/6000.5.0f1/Editor/Data/Managed/UnityEngine/UnityEngine.ScriptingModule.dll"
-r:"C:/Program Files/Unity/Hub/Editor/6000.5.0f1/Editor/Data/Managed/UnityEngine/UnityEngine.ShaderVariantAnalyticsModule.dll"
-r:"C:/Program Files/Unity/Hub/Editor/6000.5.0f1/Editor/Data/Managed/UnityEngine/UnityEngine.SharedInternalsModule.dll"
-r:"C:/Program Files/Unity/Hub/Editor/6000.5.0f1/Editor/Data/Managed/UnityEngine/UnityEngine.SpriteMaskModule.dll"
-r:"C:/Program Files/Unity/Hub/Editor/6000.5.0f1/Editor/Data/Managed/UnityEngine/UnityEngine.SpriteShapeModule.dll"
-r:"C:/Program Files/Unity/Hub/Editor/6000.5.0f1/Editor/Data/Managed/UnityEngine/UnityEngine.StreamingModule.dll"
-r:"C:/Program Files/Unity/Hub/Editor/6000.5.0f1/Editor/Data/Managed/UnityEngine/UnityEngine.SubstanceModule.dll"
-r:"C:/Program Files/Unity/Hub/Editor/6000.5.0f1/Editor/Data/Managed/UnityEngine/UnityEngine.SubsystemsModule.dll"
-r:"C:/Program Files/Unity/Hub/Editor/6000.5.0f1/Editor/Data/Managed/UnityEngine/UnityEngine.TLSModule.dll"
-r:"C:/Program Files/Unity/Hub/Editor/6000.5.0f1/Editor/Data/Managed/UnityEngine/UnityEngine.TerrainModule.dll"
-r:"C:/Program Files/Unity/Hub/Editor/6000.5.0f1/Editor/Data/Managed/UnityEngine/UnityEngine.TerrainPhysicsModule.dll"
-r:"C:/Program Files/Unity/Hub/Editor/6000.5.0f1/Editor/Data/Managed/UnityEngine/UnityEngine.TextCoreFontEngineModule.dll"
-r:"C:/Program Files/Unity/Hub/Editor/6000.5.0f1/Editor/Data/Managed/UnityEngine/UnityEngine.TextCoreTextEngineModule.dll"
-r:"C:/Program Files/Unity/Hub/Editor/6000.5.0f1/Editor/Data/Managed/UnityEngine/UnityEngine.TextRenderingModule.dll"
-r:"C:/Program Files/Unity/Hub/Editor/6000.5.0f1/Editor/Data/Managed/UnityEngine/UnityEngine.TilemapModule.dll"
-r:"C:/Program Files/Unity/Hub/Editor/6000.5.0f1/Editor/Data/Managed/UnityEngine/UnityEngine.U2DRuntimeModule.dll"
-r:"C:/Program Files/Unity/Hub/Editor/6000.5.0f1/Editor/Data/Managed/UnityEngine/UnityEngine.UIElementsModule.dll"
-r:"C:/Program Files/Unity/Hub/Editor/6000.5.0f1/Editor/Data/Managed/UnityEngine/UnityEngine.UIModule.dll"
-r:"C:/Program Files/Unity/Hub/Editor/6000.5.0f1/Editor/Data/Managed/UnityEngine/UnityEngine.UmbraModule.dll"
-r:"C:/Program Files/Unity/Hub/Editor/6000.5.0f1/Editor/Data/Managed/UnityEngine/UnityEngine.UnityAnalyticsCommonModule.dll"
-r:"C:/Program Files/Unity/Hub/Editor/6000.5.0f1/Editor/Data/Managed/UnityEngine/UnityEngine.UnityAnalyticsModule.dll"
-r:"C:/Program Files/Unity/Hub/Editor/6000.5.0f1/Editor/Data/Managed/UnityEngine/UnityEngine.UnityConnectModule.dll"
-r:"C:/Program Files/Unity/Hub/Editor/6000.5.0f1/Editor/Data/Managed/UnityEngine/UnityEngine.UnityConsentModule.dll"
-r:"C:/Program Files/Unity/Hub/Editor/6000.5.0f1/Editor/Data/Managed/UnityEngine/UnityEngine.UnityCurlModule.dll"
-r:"C:/Program Files/Unity/Hub/Editor/6000.5.0f1/Editor/Data/Managed/UnityEngine/UnityEngine.UnityWebRequestAssetBundleModule.dll"
-r:"C:/Program Files/Unity/Hub/Editor/6000.5.0f1/Editor/Data/Managed/UnityEngine/UnityEngine.UnityWebRequestAudioModule.dll"
-r:"C:/Program Files/Unity/Hub/Editor/6000.5.0f1/Editor/Data/Managed/UnityEngine/UnityEngine.UnityWebRequestModule.dll"
-r:"C:/Program Files/Unity/Hub/Editor/6000.5.0f1/Editor/Data/Managed/UnityEngine/UnityEngine.UnityWebRequestTextureModule.dll"
-r:"C:/Program Files/Unity/Hub/Editor/6000.5.0f1/Editor/Data/Managed/UnityEngine/UnityEngine.UnityWebRequestWWWModule.dll"
-r:"C:/Program Files/Unity/Hub/Editor/6000.5.0f1/Editor/Data/Managed/UnityEngine/UnityEngine.VFXModule.dll"
-r:"C:/Program Files/Unity/Hub/Editor/6000.5.0f1/Editor/Data/Managed/UnityEngine/UnityEngine.VectorGraphicsModule.dll"
-r:"C:/Program Files/Unity/Hub/Editor/6000.5.0f1/Editor/Data/Managed/UnityEngine/UnityEngine.VehiclesModule.dll"
-r:"C:/Program Files/Unity/Hub/Editor/6000.5.0f1/Editor/Data/Managed/UnityEngine/UnityEngine.VideoModule.dll"
-r:"C:/Program Files/Unity/Hub/Editor/6000.5.0f1/Editor/Data/Managed/UnityEngine/UnityEngine.VirtualTexturingModule.dll"
-r:"C:/Program Files/Unity/Hub/Editor/6000.5.0f1/Editor/Data/Managed/UnityEngine/UnityEngine.WindModule.dll"
-r:"C:/Program Files/Unity/Hub/Editor/6000.5.0f1/Editor/Data/Managed/UnityEngine/UnityEngine.XRModule.dll"
-r:"C:/Program Files/Unity/Hub/Editor/6000.5.0f1/Editor/Data/Managed/UnityEngine/UnityEngine.dll"
-r:"C:/Program Files/Unity/Hub/Editor/6000.5.0f1/Editor/Data/NetStandard/Extensions/2.0.0/System.Runtime.InteropServices.WindowsRuntime.dll"
-r:"C:/Program Files/Unity/Hub/Editor/6000.5.0f1/Editor/Data/NetStandard/compat/2.1.0/shims/netfx/System.ComponentModel.Composition.dll"
-r:"C:/Program Files/Unity/Hub/Editor/6000.5.0f1/Editor/Data/NetStandard/compat/2.1.0/shims/netfx/System.Core.dll"
-r:"C:/Program Files/Unity/Hub/Editor/6000.5.0f1/Editor/Data/NetStandard/compat/2.1.0/shims/netfx/System.Data.dll"
-r:"C:/Program Files/Unity/Hub/Editor/6000.5.0f1/Editor/Data/NetStandard/compat/2.1.0/shims/netfx/System.Drawing.dll"
-r:"C:/Program Files/Unity/Hub/Editor/6000.5.0f1/Editor/Data/NetStandard/compat/2.1.0/shims/netfx/System.IO.Compression.FileSystem.dll"
-r:"C:/Program Files/Unity/Hub/Editor/6000.5.0f1/Editor/Data/NetStandard/compat/2.1.0/shims/netfx/System.Net.dll"
-r:"C:/Program Files/Unity/Hub/Editor/6000.5.0f1/Editor/Data/NetStandard/compat/2.1.0/shims/netfx/System.Numerics.dll"
-r:"C:/Program Files/Unity/Hub/Editor/6000.5.0f1/Editor/Data/NetStandard/compat/2.1.0/shims/netfx/System.Runtime.Serialization.dll"
-r:"C:/Program Files/Unity/Hub/Editor/6000.5.0f1/Editor/Data/NetStandard/compat/2.1.0/shims/netfx/System.ServiceModel.Web.dll"
-r:"C:/Program Files/Unity/Hub/Editor/6000.5.0f1/Editor/Data/NetStandard/compat/2.1.0/shims/netfx/System.Transactions.dll"
-r:"C:/Program Files/Unity/Hub/Editor/6000.5.0f1/Editor/Data/NetStandard/compat/2.1.0/shims/netfx/System.Web.dll"
-r:"C:/Program Files/Unity/Hub/Editor/6000.5.0f1/Editor/Data/NetStandard/compat/2.1.0/shims/netfx/System.Windows.dll"
-r:"C:/Program Files/Unity/Hub/Editor/6000.5.0f1/Editor/Data/NetStandard/compat/2.1.0/shims/netfx/System.Xml.Linq.dll"
-r:"C:/Program Files/Unity/Hub/Editor/6000.5.0f1/Editor/Data/NetStandard/compat/2.1.0/shims/netfx/System.Xml.Serialization.dll"
-r:"C:/Program Files/Unity/Hub/Editor/6000.5.0f1/Editor/Data/NetStandard/compat/2.1.0/shims/netfx/System.Xml.dll"
-r:"C:/Program Files/Unity/Hub/Editor/6000.5.0f1/Editor/Data/NetStandard/compat/2.1.0/shims/netfx/System.dll"
-r:"C:/Program Files/Unity/Hub/Editor/6000.5.0f1/Editor/Data/NetStandard/compat/2.1.0/shims/netfx/mscorlib.dll"
-r:"C:/Program Files/Unity/Hub/Editor/6000.5.0f1/Editor/Data/NetStandard/compat/2.1.0/shims/netstandard/Microsoft.Win32.Primitives.dll"
-r:"C:/Program Files/Unity/Hub/Editor/6000.5.0f1/Editor/Data/NetStandard/compat/2.1.0/shims/netstandard/System.AppContext.dll"
-r:"C:/Program Files/Unity/Hub/Editor/6000.5.0f1/Editor/Data/NetStandard/compat/2.1.0/shims/netstandard/System.Buffers.dll"
-r:"C:/Program Files/Unity/Hub/Editor/6000.5.0f1/Editor/Data/NetStandard/compat/2.1.0/shims/netstandard/System.Collections.Concurrent.dll"
-r:"C:/Program Files/Unity/Hub/Editor/6000.5.0f1/Editor/Data/NetStandard/compat/2.1.0/shims/netstandard/System.Collections.NonGeneric.dll"
-r:"C:/Program Files/Unity/Hub/Editor/6000.5.0f1/Editor/Data/NetStandard/compat/2.1.0/shims/netstandard/System.Collections.Specialized.dll"
-r:"C:/Program Files/Unity/Hub/Editor/6000.5.0f1/Editor/Data/NetStandard/compat/2.1.0/shims/netstandard/System.Collections.dll"
-r:"C:/Program Files/Unity/Hub/Editor/6000.5.0f1/Editor/Data/NetStandard/compat/2.1.0/shims/netstandard/System.ComponentModel.EventBasedAsync.dll"
-r:"C:/Program Files/Unity/Hub/Editor/6000.5.0f1/Editor/Data/NetStandard/compat/2.1.0/shims/netstandard/System.ComponentModel.Primitives.dll"
-r:"C:/Program Files/Unity/Hub/Editor/6000.5.0f1/Editor/Data/NetStandard/compat/2.1.0/shims/netstandard/System.ComponentModel.TypeConverter.dll"
-r:"C:/Program Files/Unity/Hub/Editor/6000.5.0f1/Editor/Data/NetStandard/compat/2.1.0/shims/netstandard/System.ComponentModel.dll"
-r:"C:/Program Files/Unity/Hub/Editor/6000.5.0f1/Editor/Data/NetStandard/compat/2.1.0/shims/netstandard/System.Console.dll"
-r:"C:/Program Files/Unity/Hub/Editor/6000.5.0f1/Editor/Data/NetStandard/compat/2.1.0/shims/netstandard/System.Data.Common.dll"
-r:"C:/Program Files/Unity/Hub/Editor/6000.5.0f1/Editor/Data/NetStandard/compat/2.1.0/shims/netstandard/System.Diagnostics.Contracts.dll"
-r:"C:/Program Files/Unity/Hub/Editor/6000.5.0f1/Editor/Data/NetStandard/compat/2.1.0/shims/netstandard/System.Diagnostics.Debug.dll"
-r:"C:/Program Files/Unity/Hub/Editor/6000.5.0f1/Editor/Data/NetStandard/compat/2.1.0/shims/netstandard/System.Diagnostics.FileVersionInfo.dll"
-r:"C:/Program Files/Unity/Hub/Editor/6000.5.0f1/Editor/Data/NetStandard/compat/2.1.0/shims/netstandard/System.Diagnostics.Process.dll"
-r:"C:/Program Files/Unity/Hub/Editor/6000.5.0f1/Editor/Data/NetStandard/compat/2.1.0/shims/netstandard/System.Diagnostics.StackTrace.dll"
-r:"C:/Program Files/Unity/Hub/Editor/6000.5.0f1/Editor/Data/NetStandard/compat/2.1.0/shims/netstandard/System.Diagnostics.TextWriterTraceListener.dll"
-r:"C:/Program Files/Unity/Hub/Editor/6000.5.0f1/Editor/Data/NetStandard/compat/2.1.0/shims/netstandard/System.Diagnostics.Tools.dll"
-r:"C:/Program Files/Unity/Hub/Editor/6000.5.0f1/Editor/Data/NetStandard/compat/2.1.0/shims/netstandard/System.Diagnostics.TraceSource.dll"
-r:"C:/Program Files/Unity/Hub/Editor/6000.5.0f1/Editor/Data/NetStandard/compat/2.1.0/shims/netstandard/System.Diagnostics.Tracing.dll"
-r:"C:/Program Files/Unity/Hub/Editor/6000.5.0f1/Editor/Data/NetStandard/compat/2.1.0/shims/netstandard/System.Drawing.Primitives.dll"
-r:"C:/Program Files/Unity/Hub/Editor/6000.5.0f1/Editor/Data/NetStandard/compat/2.1.0/shims/netstandard/System.Dynamic.Runtime.dll"
-r:"C:/Program Files/Unity/Hub/Editor/6000.5.0f1/Editor/Data/NetStandard/compat/2.1.0/shims/netstandard/System.Globalization.Calendars.dll"
-r:"C:/Program Files/Unity/Hub/Editor/6000.5.0f1/Editor/Data/NetStandard/compat/2.1.0/shims/netstandard/System.Globalization.Extensions.dll"
-r:"C:/Program Files/Unity/Hub/Editor/6000.5.0f1/Editor/Data/NetStandard/compat/2.1.0/shims/netstandard/System.Globalization.dll"
-r:"C:/Program Files/Unity/Hub/Editor/6000.5.0f1/Editor/Data/NetStandard/compat/2.1.0/shims/netstandard/System.IO.Compression.ZipFile.dll"
-r:"C:/Program Files/Unity/Hub/Editor/6000.5.0f1/Editor/Data/NetStandard/compat/2.1.0/shims/netstandard/System.IO.Compression.dll"
-r:"C:/Program Files/Unity/Hub/Editor/6000.5.0f1/Editor/Data/NetStandard/compat/2.1.0/shims/netstandard/System.IO.FileSystem.DriveInfo.dll"
-r:"C:/Program Files/Unity/Hub/Editor/6000.5.0f1/Editor/Data/NetStandard/compat/2.1.0/shims/netstandard/System.IO.FileSystem.Primitives.dll"
-r:"C:/Program Files/Unity/Hub/Editor/6000.5.0f1/Editor/Data/NetStandard/compat/2.1.0/shims/netstandard/System.IO.FileSystem.Watcher.dll"
-r:"C:/Program Files/Unity/Hub/Editor/6000.5.0f1/Editor/Data/NetStandard/compat/2.1.0/shims/netstandard/System.IO.FileSystem.dll"
-r:"C:/Program Files/Unity/Hub/Editor/6000.5.0f1/Editor/Data/NetStandard/compat/2.1.0/shims/netstandard/System.IO.IsolatedStorage.dll"
-r:"C:/Program Files/Unity/Hub/Editor/6000.5.0f1/Editor/Data/NetStandard/compat/2.1.0/shims/netstandard/System.IO.MemoryMappedFiles.dll"
-r:"C:/Program Files/Unity/Hub/Editor/6000.5.0f1/Editor/Data/NetStandard/compat/2.1.0/shims/netstandard/System.IO.Pipes.dll"
-r:"C:/Program Files/Unity/Hub/Editor/6000.5.0f1/Editor/Data/NetStandard/compat/2.1.0/shims/netstandard/System.IO.UnmanagedMemoryStream.dll"
-r:"C:/Program Files/Unity/Hub/Editor/6000.5.0f1/Editor/Data/NetStandard/compat/2.1.0/shims/netstandard/System.IO.dll"
-r:"C:/Program Files/Unity/Hub/Editor/6000.5.0f1/Editor/Data/NetStandard/compat/2.1.0/shims/netstandard/System.Linq.Expressions.dll"
-r:"C:/Program Files/Unity/Hub/Editor/6000.5.0f1/Editor/Data/NetStandard/compat/2.1.0/shims/netstandard/System.Linq.Parallel.dll"
-r:"C:/Program Files/Unity/Hub/Editor/6000.5.0f1/Editor/Data/NetStandard/compat/2.1.0/shims/netstandard/System.Linq.Queryable.dll"
-r:"C:/Program Files/Unity/Hub/Editor/6000.5.0f1/Editor/Data/NetStandard/compat/2.1.0/shims/netstandard/System.Linq.dll"
-r:"C:/Program Files/Unity/Hub/Editor/6000.5.0f1/Editor/Data/NetStandard/compat/2.1.0/shims/netstandard/System.Memory.dll"
-r:"C:/Program Files/Unity/Hub/Editor/6000.5.0f1/Editor/Data/NetStandard/compat/2.1.0/shims/netstandard/System.Net.Http.dll"
-r:"C:/Program Files/Unity/Hub/Editor/6000.5.0f1/Editor/Data/NetStandard/compat/2.1.0/shims/netstandard/System.Net.NameResolution.dll"
-r:"C:/Program Files/Unity/Hub/Editor/6000.5.0f1/Editor/Data/NetStandard/compat/2.1.0/shims/netstandard/System.Net.NetworkInformation.dll"
-r:"C:/Program Files/Unity/Hub/Editor/6000.5.0f1/Editor/Data/NetStandard/compat/2.1.0/shims/netstandard/System.Net.Ping.dll"
-r:"C:/Program Files/Unity/Hub/Editor/6000.5.0f1/Editor/Data/NetStandard/compat/2.1.0/shims/netstandard/System.Net.Primitives.dll"
-r:"C:/Program Files/Unity/Hub/Editor/6000.5.0f1/Editor/Data/NetStandard/compat/2.1.0/shims/netstandard/System.Net.Requests.dll"
-r:"C:/Program Files/Unity/Hub/Editor/6000.5.0f1/Editor/Data/NetStandard/compat/2.1.0/shims/netstandard/System.Net.Security.dll"
-r:"C:/Program Files/Unity/Hub/Editor/6000.5.0f1/Editor/Data/NetStandard/compat/2.1.0/shims/netstandard/System.Net.Sockets.dll"
-r:"C:/Program Files/Unity/Hub/Editor/6000.5.0f1/Editor/Data/NetStandard/compat/2.1.0/shims/netstandard/System.Net.WebHeaderCollection.dll"
-r:"C:/Program Files/Unity/Hub/Editor/6000.5.0f1/Editor/Data/NetStandard/compat/2.1.0/shims/netstandard/System.Net.WebSockets.Client.dll"
-r:"C:/Program Files/Unity/Hub/Editor/6000.5.0f1/Editor/Data/NetStandard/compat/2.1.0/shims/netstandard/System.Net.WebSockets.dll"
-r:"C:/Program Files/Unity/Hub/Editor/6000.5.0f1/Editor/Data/NetStandard/compat/2.1.0/shims/netstandard/System.Numerics.Vectors.dll"
-r:"C:/Program Files/Unity/Hub/Editor/6000.5.0f1/Editor/Data/NetStandard/compat/2.1.0/shims/netstandard/System.ObjectModel.dll"
-r:"C:/Program Files/Unity/Hub/Editor/6000.5.0f1/Editor/Data/NetStandard/compat/2.1.0/shims/netstandard/System.Reflection.DispatchProxy.dll"
-r:"C:/Program Files/Unity/Hub/Editor/6000.5.0f1/Editor/Data/NetStandard/compat/2.1.0/shims/netstandard/System.Reflection.Emit.ILGeneration.dll"
-r:"C:/Program Files/Unity/Hub/Editor/6000.5.0f1/Editor/Data/NetStandard/compat/2.1.0/shims/netstandard/System.Reflection.Emit.Lightweight.dll"
-r:"C:/Program Files/Unity/Hub/Editor/6000.5.0f1/Editor/Data/NetStandard/compat/2.1.0/shims/netstandard/System.Reflection.Emit.dll"
-r:"C:/Program Files/Unity/Hub/Editor/6000.5.0f1/Editor/Data/NetStandard/compat/2.1.0/shims/netstandard/System.Reflection.Extensions.dll"
-r:"C:/Program Files/Unity/Hub/Editor/6000.5.0f1/Editor/Data/NetStandard/compat/2.1.0/shims/netstandard/System.Reflection.Primitives.dll"
-r:"C:/Program Files/Unity/Hub/Editor/6000.5.0f1/Editor/Data/NetStandard/compat/2.1.0/shims/netstandard/System.Reflection.dll"
-r:"C:/Program Files/Unity/Hub/Editor/6000.5.0f1/Editor/Data/NetStandard/compat/2.1.0/shims/netstandard/System.Resources.Reader.dll"
-r:"C:/Program Files/Unity/Hub/Editor/6000.5.0f1/Editor/Data/NetStandard/compat/2.1.0/shims/netstandard/System.Resources.ResourceManager.dll"
-r:"C:/Program Files/Unity/Hub/Editor/6000.5.0f1/Editor/Data/NetStandard/compat/2.1.0/shims/netstandard/System.Resources.Writer.dll"
-r:"C:/Program Files/Unity/Hub/Editor/6000.5.0f1/Editor/Data/NetStandard/compat/2.1.0/shims/netstandard/System.Runtime.CompilerServices.VisualC.dll"
-r:"C:/Program Files/Unity/Hub/Editor/6000.5.0f1/Editor/Data/NetStandard/compat/2.1.0/shims/netstandard/System.Runtime.Extensions.dll"
-r:"C:/Program Files/Unity/Hub/Editor/6000.5.0f1/Editor/Data/NetStandard/compat/2.1.0/shims/netstandard/System.Runtime.Handles.dll"
-r:"C:/Program Files/Unity/Hub/Editor/6000.5.0f1/Editor/Data/NetStandard/compat/2.1.0/shims/netstandard/System.Runtime.InteropServices.RuntimeInformation.dll"
-r:"C:/Program Files/Unity/Hub/Editor/6000.5.0f1/Editor/Data/NetStandard/compat/2.1.0/shims/netstandard/System.Runtime.InteropServices.dll"
-r:"C:/Program Files/Unity/Hub/Editor/6000.5.0f1/Editor/Data/NetStandard/compat/2.1.0/shims/netstandard/System.Runtime.Numerics.dll"
-r:"C:/Program Files/Unity/Hub/Editor/6000.5.0f1/Editor/Data/NetStandard/compat/2.1.0/shims/netstandard/System.Runtime.Serialization.Formatters.dll"
-r:"C:/Program Files/Unity/Hub/Editor/6000.5.0f1/Editor/Data/NetStandard/compat/2.1.0/shims/netstandard/System.Runtime.Serialization.Json.dll"
-r:"C:/Program Files/Unity/Hub/Editor/6000.5.0f1/Editor/Data/NetStandard/compat/2.1.0/shims/netstandard/System.Runtime.Serialization.Primitives.dll"
-r:"C:/Program Files/Unity/Hub/Editor/6000.5.0f1/Editor/Data/NetStandard/compat/2.1.0/shims/netstandard/System.Runtime.Serialization.Xml.dll"
-r:"C:/Program Files/Unity/Hub/Editor/6000.5.0f1/Editor/Data/NetStandard/compat/2.1.0/shims/netstandard/System.Runtime.dll"
-r:"C:/Program Files/Unity/Hub/Editor/6000.5.0f1/Editor/Data/NetStandard/compat/2.1.0/shims/netstandard/System.Security.Claims.dll"
-r:"C:/Program Files/Unity/Hub/Editor/6000.5.0f1/Editor/Data/NetStandard/compat/2.1.0/shims/netstandard/System.Security.Cryptography.Algorithms.dll"
-r:"C:/Program Files/Unity/Hub/Editor/6000.5.0f1/Editor/Data/NetStandard/compat/2.1.0/shims/netstandard/System.Security.Cryptography.Csp.dll"
-r:"C:/Program Files/Unity/Hub/Editor/6000.5.0f1/Editor/Data/NetStandard/compat/2.1.0/shims/netstandard/System.Security.Cryptography.Encoding.dll"
-r:"C:/Program Files/Unity/Hub/Editor/6000.5.0f1/Editor/Data/NetStandard/compat/2.1.0/shims/netstandard/System.Security.Cryptography.Primitives.dll"
-r:"C:/Program Files/Unity/Hub/Editor/6000.5.0f1/Editor/Data/NetStandard/compat/2.1.0/shims/netstandard/System.Security.Cryptography.X509Certificates.dll"
-r:"C:/Program Files/Unity/Hub/Editor/6000.5.0f1/Editor/Data/NetStandard/compat/2.1.0/shims/netstandard/System.Security.Principal.dll"
-r:"C:/Program Files/Unity/Hub/Editor/6000.5.0f1/Editor/Data/NetStandard/compat/2.1.0/shims/netstandard/System.Security.SecureString.dll"
-r:"C:/Program Files/Unity/Hub/Editor/6000.5.0f1/Editor/Data/NetStandard/compat/2.1.0/shims/netstandard/System.Text.Encoding.Extensions.dll"
-r:"C:/Program Files/Unity/Hub/Editor/6000.5.0f1/Editor/Data/NetStandard/compat/2.1.0/shims/netstandard/System.Text.Encoding.dll"
-r:"C:/Program Files/Unity/Hub/Editor/6000.5.0f1/Editor/Data/NetStandard/compat/2.1.0/shims/netstandard/System.Text.RegularExpressions.dll"
-r:"C:/Program Files/Unity/Hub/Editor/6000.5.0f1/Editor/Data/NetStandard/compat/2.1.0/shims/netstandard/System.Threading.Overlapped.dll"
-r:"C:/Program Files/Unity/Hub/Editor/6000.5.0f1/Editor/Data/NetStandard/compat/2.1.0/shims/netstandard/System.Threading.Tasks.Extensions.dll"
-r:"C:/Program Files/Unity/Hub/Editor/6000.5.0f1/Editor/Data/NetStandard/compat/2.1.0/shims/netstandard/System.Threading.Tasks.Parallel.dll"
-r:"C:/Program Files/Unity/Hub/Editor/6000.5.0f1/Editor/Data/NetStandard/compat/2.1.0/shims/netstandard/System.Threading.Tasks.dll"
-r:"C:/Program Files/Unity/Hub/Editor/6000.5.0f1/Editor/Data/NetStandard/compat/2.1.0/shims/netstandard/System.Threading.Thread.dll"
-r:"C:/Program Files/Unity/Hub/Editor/6000.5.0f1/Editor/Data/NetStandard/compat/2.1.0/shims/netstandard/System.Threading.ThreadPool.dll"
-r:"C:/Program Files/Unity/Hub/Editor/6000.5.0f1/Editor/Data/NetStandard/compat/2.1.0/shims/netstandard/System.Threading.Timer.dll"
-r:"C:/Program Files/Unity/Hub/Editor/6000.5.0f1/Editor/Data/NetStandard/compat/2.1.0/shims/netstandard/System.Threading.dll"
-r:"C:/Program Files/Unity/Hub/Editor/6000.5.0f1/Editor/Data/NetStandard/compat/2.1.0/shims/netstandard/System.ValueTuple.dll"
-r:"C:/Program Files/Unity/Hub/Editor/6000.5.0f1/Editor/Data/NetStandard/compat/2.1.0/shims/netstandard/System.Xml.ReaderWriter.dll"
-r:"C:/Program Files/Unity/Hub/Editor/6000.5.0f1/Editor/Data/NetStandard/compat/2.1.0/shims/netstandard/System.Xml.XDocument.dll"
-r:"C:/Program Files/Unity/Hub/Editor/6000.5.0f1/Editor/Data/NetStandard/compat/2.1.0/shims/netstandard/System.Xml.XPath.XDocument.dll"
-r:"C:/Program Files/Unity/Hub/Editor/6000.5.0f1/Editor/Data/NetStandard/compat/2.1.0/shims/netstandard/System.Xml.XPath.dll"
-r:"C:/Program Files/Unity/Hub/Editor/6000.5.0f1/Editor/Data/NetStandard/compat/2.1.0/shims/netstandard/System.Xml.XmlDocument.dll"
-r:"C:/Program Files/Unity/Hub/Editor/6000.5.0f1/Editor/Data/NetStandard/compat/2.1.0/shims/netstandard/System.Xml.XmlSerializer.dll"
-r:"C:/Program Files/Unity/Hub/Editor/6000.5.0f1/Editor/Data/NetStandard/ref/2.1.0/netstandard.dll"
-r:"Library/PackageCache/com.unity.collections@a43cabe808ca/Unity.Collections.LowLevel.ILSupport/Unity.Collections.LowLevel.ILSupport.dll"
-r:"Library/PackageCache/com.unity.ext.nunit@44f7d31723bd/net472/unity-custom/nunit.framework.dll"
-r:"Library/PackageCache/com.unity.nuget.mono-cecil@ecb9724e46ff/Mono.Cecil.dll"
-r:"Library/PackageCache/com.unity.nuget.newtonsoft-json@4dfd81071c64/Runtime/Newtonsoft.Json.dll"
-r:"Library/PackageCache/com.unity.visualscripting@8bed5ad90189/Runtime/VisualScripting.Flow/Dependencies/NCalc/Unity.VisualScripting.Antlr3.Runtime.dll"
-r:"Library/Bee/artifacts/1900b0aE.dag/HFDownloader.ref.dll"
-r:"Library/Bee/artifacts/1900b0aE.dag/Unity.2D.Sprite.Editor.ref.dll"
-r:"Library/Bee/artifacts/1900b0aE.dag/Unity.AI.Assistant.Agent.Dynamic.Extension.Editor.ref.dll"
-r:"Library/Bee/artifacts/1900b0aE.dag/Unity.AI.Assistant.Annotations.Editor.ref.dll"
-r:"Library/Bee/artifacts/1900b0aE.dag/Unity.AI.Assistant.API.Editor.ref.dll"
-r:"Library/Bee/artifacts/1900b0aE.dag/Unity.AI.Assistant.Bridge.Editor.ref.dll"
-r:"Library/Bee/artifacts/1900b0aE.dag/Unity.AI.Assistant.Integrations.Profiler.Editor.ref.dll"
-r:"Library/Bee/artifacts/1900b0aE.dag/Unity.AI.Assistant.Runtime.ref.dll"
-r:"Library/Bee/artifacts/1900b0aE.dag/Unity.AI.Assistant.Tools.Editor.ref.dll"
-r:"Library/Bee/artifacts/1900b0aE.dag/Unity.AI.MCP.Editor.ref.dll"
-r:"Library/Bee/artifacts/1900b0aE.dag/Unity.AI.MCP.Runtime.ref.dll"
-r:"Library/Bee/artifacts/1900b0aE.dag/Unity.AI.Navigation.Editor.ConversionSystem.ref.dll"
-r:"Library/Bee/artifacts/1900b0aE.dag/Unity.AI.Navigation.Editor.ref.dll"
-r:"Library/Bee/artifacts/1900b0aE.dag/Unity.AI.Navigation.ref.dll"
-r:"Library/Bee/artifacts/1900b0aE.dag/Unity.AI.Navigation.Updater.ref.dll"
-r:"Library/Bee/artifacts/1900b0aE.dag/Unity.AI.Tracing.ref.dll"
-r:"Library/Bee/artifacts/1900b0aE.dag/Unity.AppUI.Editor.ref.dll"
-r:"Library/Bee/artifacts/1900b0aE.dag/Unity.AppUI.MVVM.ref.dll"
-r:"Library/Bee/artifacts/1900b0aE.dag/Unity.AppUI.Navigation.Editor.ref.dll"
-r:"Library/Bee/artifacts/1900b0aE.dag/Unity.AppUI.Navigation.ref.dll"
-r:"Library/Bee/artifacts/1900b0aE.dag/Unity.AppUI.Redux.Editor.ref.dll"
-r:"Library/Bee/artifacts/1900b0aE.dag/Unity.AppUI.Redux.ref.dll"
-r:"Library/Bee/artifacts/1900b0aE.dag/Unity.AppUI.ref.dll"
-r:"Library/Bee/artifacts/1900b0aE.dag/Unity.AppUI.Undo.ref.dll"
-r:"Library/Bee/artifacts/1900b0aE.dag/Unity.Burst.Editor.ref.dll"
-r:"Library/Bee/artifacts/1900b0aE.dag/Unity.Burst.ref.dll"
-r:"Library/Bee/artifacts/1900b0aE.dag/Unity.Collections.Editor.ref.dll"
-r:"Library/Bee/artifacts/1900b0aE.dag/Unity.Collections.ref.dll"
-r:"Library/Bee/artifacts/1900b0aE.dag/Unity.InferenceEngine.Editor.ref.dll"
-r:"Library/Bee/artifacts/1900b0aE.dag/Unity.InferenceEngine.iOSBLAS.ref.dll"
-r:"Library/Bee/artifacts/1900b0aE.dag/Unity.InferenceEngine.MacBLAS.ref.dll"
-r:"Library/Bee/artifacts/1900b0aE.dag/Unity.InferenceEngine.ONNX.Editor.ref.dll"
-r:"Library/Bee/artifacts/1900b0aE.dag/Unity.InferenceEngine.ref.dll"
-r:"Library/Bee/artifacts/1900b0aE.dag/Unity.InferenceEngine.Tokenization.ref.dll"
-r:"Library/Bee/artifacts/1900b0aE.dag/Unity.InputSystem.ForUI.ref.dll"
-r:"Library/Bee/artifacts/1900b0aE.dag/Unity.InputSystem.ref.dll"
-r:"Library/Bee/artifacts/1900b0aE.dag/Unity.InternalAPIEditorBridge.ShaderGraph.Editor.ref.dll"
-r:"Library/Bee/artifacts/1900b0aE.dag/Unity.InternalAPIEngineBridge.004.ref.dll"
-r:"Library/Bee/artifacts/1900b0aE.dag/Unity.InternalAPIEngineBridge.RenderPipelines.Core.Editor.ref.dll"
-r:"Library/Bee/artifacts/1900b0aE.dag/Unity.InternalAPIEngineBridge.RenderPipelines.Core.Runtime.Shared.ref.dll"
-r:"Library/Bee/artifacts/1900b0aE.dag/Unity.Mathematics.ref.dll"
-r:"Library/Bee/artifacts/1900b0aE.dag/Unity.Multiplayer.Center.Common.ref.dll"
-r:"Library/Bee/artifacts/1900b0aE.dag/Unity.Multiplayer.Center.Editor.ref.dll"
-r:"Library/Bee/artifacts/1900b0aE.dag/Unity.PathTracing.Editor.ref.dll"
-r:"Library/Bee/artifacts/1900b0aE.dag/Unity.PathTracing.Runtime.ref.dll"
-r:"Library/Bee/artifacts/1900b0aE.dag/Unity.PlasticSCM.Editor.ref.dll"
-r:"Library/Bee/artifacts/1900b0aE.dag/Unity.ProBuilder.AddOns.Editor.ref.dll"
-r:"Library/Bee/artifacts/1900b0aE.dag/Unity.ProBuilder.AssetIdRemapUtility.ref.dll"
-r:"Library/Bee/artifacts/1900b0aE.dag/Unity.ProBuilder.Editor.ref.dll"
-r:"Library/Bee/artifacts/1900b0aE.dag/Unity.ProBuilder.ref.dll"
-r:"Library/Bee/artifacts/1900b0aE.dag/Unity.Rendering.LightTransport.Editor.ref.dll"
-r:"Library/Bee/artifacts/1900b0aE.dag/Unity.RenderPipeline.Universal.ShaderLibrary.ref.dll"
-r:"Library/Bee/artifacts/1900b0aE.dag/Unity.RenderPipelines.Core.Editor.ref.dll"
-r:"Library/Bee/artifacts/1900b0aE.dag/Unity.RenderPipelines.Core.Editor.Shared.ref.dll"
-r:"Library/Bee/artifacts/1900b0aE.dag/Unity.RenderPipelines.Core.Runtime.ref.dll"
-r:"Library/Bee/artifacts/1900b0aE.dag/Unity.RenderPipelines.Core.Runtime.Shared.ref.dll"
-r:"Library/Bee/artifacts/1900b0aE.dag/Unity.RenderPipelines.Core.ShaderLibrary.ref.dll"
-r:"Library/Bee/artifacts/1900b0aE.dag/Unity.RenderPipelines.GPUDriven.Runtime.ref.dll"
-r:"Library/Bee/artifacts/1900b0aE.dag/Unity.RenderPipelines.ShaderGraph.ShaderGraphLibrary.ref.dll"
-r:"Library/Bee/artifacts/1900b0aE.dag/Unity.RenderPipelines.Universal.2D.Editor.Overrides.ref.dll"
-r:"Library/Bee/artifacts/1900b0aE.dag/Unity.RenderPipelines.Universal.2D.Runtime.ref.dll"
-r:"Library/Bee/artifacts/1900b0aE.dag/Unity.RenderPipelines.Universal.Config.Runtime.ref.dll"
-r:"Library/Bee/artifacts/1900b0aE.dag/Unity.RenderPipelines.Universal.Editor.ref.dll"
-r:"Library/Bee/artifacts/1900b0aE.dag/Unity.RenderPipelines.Universal.Runtime.ref.dll"
-r:"Library/Bee/artifacts/1900b0aE.dag/Unity.RenderPipelines.Universal.Shaders.ref.dll"
-r:"Library/Bee/artifacts/1900b0aE.dag/Unity.Rider.Editor.ref.dll"
-r:"Library/Bee/artifacts/1900b0aE.dag/Unity.Searcher.Editor.ref.dll"
-r:"Library/Bee/artifacts/1900b0aE.dag/Unity.Settings.Editor.ref.dll"
-r:"Library/Bee/artifacts/1900b0aE.dag/Unity.ShaderGraph.Editor.ref.dll"
-r:"Library/Bee/artifacts/1900b0aE.dag/Unity.SurfaceCache.Runtime.ref.dll"
-r:"Library/Bee/artifacts/1900b0aE.dag/Unity.TextMeshPro.Editor.ref.dll"
-r:"Library/Bee/artifacts/1900b0aE.dag/Unity.TextMeshPro.ref.dll"
-r:"Library/Bee/artifacts/1900b0aE.dag/Unity.Timeline.Editor.ref.dll"
-r:"Library/Bee/artifacts/1900b0aE.dag/Unity.Timeline.ref.dll"
-r:"Library/Bee/artifacts/1900b0aE.dag/Unity.UnifiedRayTracing.Runtime.ref.dll"
-r:"Library/Bee/artifacts/1900b0aE.dag/Unity.VisualScripting.Core.Editor.ref.dll"
-r:"Library/Bee/artifacts/1900b0aE.dag/Unity.VisualScripting.Core.ref.dll"
-r:"Library/Bee/artifacts/1900b0aE.dag/Unity.VisualScripting.Flow.Editor.ref.dll"
-r:"Library/Bee/artifacts/1900b0aE.dag/Unity.VisualScripting.Flow.ref.dll"
-r:"Library/Bee/artifacts/1900b0aE.dag/Unity.VisualScripting.SettingsProvider.Editor.ref.dll"
-r:"Library/Bee/artifacts/1900b0aE.dag/Unity.VisualScripting.Shared.Editor.ref.dll"
-r:"Library/Bee/artifacts/1900b0aE.dag/Unity.VisualScripting.State.Editor.ref.dll"
-r:"Library/Bee/artifacts/1900b0aE.dag/Unity.VisualScripting.State.ref.dll"
-r:"Library/Bee/artifacts/1900b0aE.dag/Unity.VisualStudio.Editor.ref.dll"
-r:"Library/Bee/artifacts/1900b0aE.dag/UnityEditor.UI.Analytics.ref.dll"
-r:"Library/Bee/artifacts/1900b0aE.dag/UnityEditor.UI.ref.dll"
-r:"Library/Bee/artifacts/1900b0aE.dag/UnityEngine.UI.ref.dll"
-analyzer:"C:/Program Files/Unity/Hub/Editor/6000.5.0f1/Editor/Data/BCLExtensions/TargetingPacks/netstandard2.1/analyzers/dotnet/roslyn4.0/cs/Microsoft.Extensions.Logging.Generators.dll"
-analyzer:"C:/Program Files/Unity/Hub/Editor/6000.5.0f1/Editor/Data/BCLExtensions/TargetingPacks/netstandard2.1/analyzers/dotnet/roslyn4.0/cs/System.Text.Json.SourceGeneration.dll"
-analyzer:"C:/Program Files/Unity/Hub/Editor/6000.5.0f1/Editor/Data/Tools/BuildPipeline/Unity.Analyzers.Common/Unity.Analyzers.Common.dll"
-analyzer:"C:/Program Files/Unity/Hub/Editor/6000.5.0f1/Editor/Data/Tools/BuildPipeline/Unity.Analyzers.LongLiving/Unity.Analyzers.LongLiving.dll"
-analyzer:"C:/Program Files/Unity/Hub/Editor/6000.5.0f1/Editor/Data/Tools/BuildPipeline/Unity.SourceGenerators/Unity.Properties.SourceGenerator.dll"
-analyzer:"C:/Program Files/Unity/Hub/Editor/6000.5.0f1/Editor/Data/Tools/BuildPipeline/Unity.SourceGenerators/Unity.SourceGenerators.dll"
-analyzer:"C:/Program Files/Unity/Hub/Editor/6000.5.0f1/Editor/Data/Tools/BuildPipeline/Unity.SourceGenerators/Unity.UIToolkit.SourceGenerator.dll"
-analyzer:"Library/PackageCache/com.unity.ai.inference@9a123aee5df7/Runtime/Core/SourceGenerator/SourceGenerators.dll"
-analyzer:"Library/PackageCache/com.unity.dt.app-ui@b097002a00c2/Runtime/MVVM/SourceGenerators/netstandard2.0/MVVMSourceGenerators.dll"
-analyzer:"Library/PackageCache/com.unity.dt.app-ui@b097002a00c2/Runtime/SourceGenerators/netstandard2.0/EnumToLowerCase.dll"
"Assets/Script/Bomb.cs"
"Assets/Script/GameManager.cs"
"Assets/Script/ItemBox.cs"
"Assets/Script/MolkkyItemHandler.cs"
"Assets/Script/MolkkyThrower.cs"
"Assets/Script/PlayerController.cs"
"Assets/Script/Skittle.cs"
"Assets/Script/TitleManager.cs"
"Assets/TutorialInfo/Scripts/Readme.cs"
-langversion:9.0
/deterministic
/optimize+
/debug:portable
/nologo
/RuntimeMetadataVersion:v4.0.30319
/nowarn:0169
/nowarn:0649
/nowarn:0282
/nowarn:1701
/nowarn:1702
/utf8output
/preferreduilang:en-US
/additionalfile:"Library/Bee/artifacts/1900b0aE.dag/Assembly-CSharp.UnityAdditionalFile.txt"
##### Custom Environment Variables
DOTNET_HOST_PATH=C:\Program Files\Unity\Hub\Editor\6000.5.0f1\Editor\Data\DotNetSdk\dotnet.exe
DOTNET_MULTILEVEL_LOOKUP=0
##### ExitCode
1
##### Output
Assets\Script\GameManager.cs(6,27): error CS0116: A namespace cannot directly contain members such as fields, methods or statements

Assets\Script\GameManager.cs(7,26): error CS0116: A namespace cannot directly contain members such as fields, methods or statements

Assets\Script\GameManager.cs(9,20): error CS0116: A namespace cannot directly contain members such as fields, methods or statements

Assets\Script\GameManager.cs(10,20): error CS0116: A namespace cannot directly contain members such as fields, methods or statements
*** Tundra build failed (1.61 seconds), 3 items updated, 1640 evaluated
## Script Compilation Error for: Csc Library/Bee/artifacts/1900b0aE.dag/Assembly-CSharp.dll (+2 others)
## CmdLine: "C:\Program Files\Unity\Hub\Editor\6000.5.0f1\Editor\Data\DotNetSdk\dotnet.exe" exec "C:/Program Files/Unity/Hub/Editor/6000.5.0f1/Editor/Data/DotNetSdk/sdk/8.0.318/Roslyn/bincore/csc.dll" /nostdlib /noconfig /shared "@Library/Bee/artifacts/1900b0aE.dag/Assembly-CSharp.rsp" "@Library/Bee/artifacts/1900b0aE.dag/Assembly-CSharp.rsp2"
## Output:
Assets\Script\GameManager.cs(6,27): error CS0116: A namespace cannot directly contain members such as fields, methods or statements
Assets\Script\GameManager.cs(7,26): error CS0116: A namespace cannot directly contain members such as fields, methods or statements
Assets\Script\GameManager.cs(9,20): error CS0116: A namespace cannot directly contain members such as fields, methods or statements
Assets\Script\GameManager.cs(10,20): error CS0116: A namespace cannot directly contain members such as fields, methods or statements

Assets\Script\GameManager.cs(6,27): error CS0116: A namespace cannot directly contain members such as fields, methods or statements
Assets\Script\GameManager.cs(7,26): error CS0116: A namespace cannot directly contain members such as fields, methods or statements
Assets\Script\GameManager.cs(9,20): error CS0116: A namespace cannot directly contain members such as fields, methods or statements
Assets\Script\GameManager.cs(10,20): error CS0116: A namespace cannot directly contain members such as fields, methods or statements

Asset Pipeline Refresh (id=a10f9065c1645cd4d8d5dec83b0efb31): Total: 7.011 seconds - Initiated by RefreshV2(AllowForceSynchronousImport)
	(Values over 0.05ms)
	Summary:
		Imports: total=0 (actual=0, local cache=0, cache server=0)
		Asset DB Process Time: managed=0 ms, native=269 ms
		Asset DB Callback time: managed=0 ms, native=3 ms
		Scripting: domain reloads=0, domain reload time=0 ms, compile time=6738 ms, other=0 ms
		Project Asset Count: scripts=2161, non-scripts=5556
		Asset File Changes: new=0, changed=0, moved=0, deleted=0
		Scan Filter Count: 0
	InvokePackagesCallback: 6.258ms
	ApplyChangesToAssetFolders: 0.307ms
	Scan: 36.609ms
	Collect global state as custom dependencies: 0.136ms
	ProcessAssetsWithTransientArtifactChanges: 0.219ms
	CategorizeAssets: 7.572ms
	CompileScripts: 6738.392ms
	ImportOutOfDateAssets: 195.306ms (28.936ms without children)
		ReloadNativeAssets: 0.122ms
		UnloadImportedAssets: 0.428ms
		EnsureUptoDateAssetsAreRegisteredWithGuidPM: 2.449ms
		ImportSchedulerStart: 163.361ms
	GatherAllCurrentPrimaryImportResultRevisions: 0.889ms
	PersistCurrentRevisions: 0.595ms
	Untracked: 24.748ms

Total cache size 266817116
Total cache size after purge 266817116, took 00:00:01.1414313
[Licensing::Client] Error: Code 404 while processing request (status: Found 0 entitlement groups and 0 free entitlements matching requested entitlement ids)
Asset Pipeline Refresh (id=59079d4bf49976b4fa9b26b53c46020a): Total: 0.014 seconds - Initiated by RefreshV2(AllowForceSynchronousImport)
[Licensing::Client] Error: Code 404 while processing request (status: Found 0 entitlement groups and 0 free entitlements matching requested entitlement ids)
[ScriptCompilation] Requested script compilation because: AssetDatabase observed changes in script compilation related files
info: Microsoft.AspNetCore.Hosting.Diagnostics[1]
      Request starting HTTP/2 POST http://ilpp/UnityILPP.PostProcessing/Ping - application/grpc -
info: Microsoft.AspNetCore.Routing.EndpointMiddleware[0]
      Executing endpoint 'gRPC - /UnityILPP.PostProcessing/Ping'
info: Microsoft.AspNetCore.Routing.EndpointMiddleware[1]
      Executed endpoint 'gRPC - /UnityILPP.PostProcessing/Ping'
info: Microsoft.AspNetCore.Hosting.Diagnostics[2]
      Request finished HTTP/2 POST http://ilpp/UnityILPP.PostProcessing/Ping - 200 - application/grpc 0.5450ms
Starting: C:\Program Files\Unity\Hub\Editor\6000.5.0f1\Editor\Data\Tools\BuildPipeline\bee_backend.exe --ipc --defer-dag-verification --dagfile="Library/Bee/1900b0aE.dag" --continue-on-failure --profile="Library/Bee/backend1.traceevents" ScriptAssemblies
WorkingDir: C:/Users/ikesakutarou/t6-M6/Molkky
info: Microsoft.AspNetCore.Hosting.Diagnostics[1]
      Request starting HTTP/2 POST http://ilpp/UnityILPP.PostProcessing/ConfigurePostProcessors - application/grpc -
info: Microsoft.AspNetCore.Routing.EndpointMiddleware[0]
      Executing endpoint 'gRPC - /UnityILPP.PostProcessing/ConfigurePostProcessors'
info: Unity.ILPP.Runner.PostProcessingAssemblyLoadContext[0]
      Current configuration matches the requested one, skipping
info: Microsoft.AspNetCore.Routing.EndpointMiddleware[1]
      Executed endpoint 'gRPC - /UnityILPP.PostProcessing/ConfigurePostProcessors'
info: Microsoft.AspNetCore.Hosting.Diagnostics[2]
      Request finished HTTP/2 POST http://ilpp/UnityILPP.PostProcessing/ConfigurePostProcessors - 200 - application/grpc 1.8084ms
info: Microsoft.AspNetCore.Hosting.Diagnostics[1]
      Request starting HTTP/2 POST http://ilpp/UnityILPP.PostProcessing/PostProcessAssembly - application/grpc -
info: Microsoft.AspNetCore.Routing.EndpointMiddleware[0]
      Executing endpoint 'gRPC - /UnityILPP.PostProcessing/PostProcessAssembly'
info: Unity.ILPP.Runner.PostProcessingPipeline[0]
      Processing assembly Library/Bee/artifacts/1900b0aE.dag/Assembly-CSharp.dll, with 144 defines and 369 references
info: Unity.ILPP.Runner.PostProcessingPipeline[0]
      processors: Unity.Jobs.CodeGen.JobsILPostProcessor, zzzUnity.Burst.CodeGen.BurstILPostProcessor
info: Unity.ILPP.Runner.PostProcessingPipeline[0]
      running Unity.Jobs.CodeGen.JobsILPostProcessor
info: Unity.ILPP.Runner.PostProcessingPipeline[0]
      running zzzUnity.Burst.CodeGen.BurstILPostProcessor
info: Microsoft.AspNetCore.Routing.EndpointMiddleware[1]
      Executed endpoint 'gRPC - /UnityILPP.PostProcessing/PostProcessAssembly'
info: Microsoft.AspNetCore.Hosting.Diagnostics[2]
      Request finished HTTP/2 POST http://ilpp/UnityILPP.PostProcessing/PostProcessAssembly - 200 - application/grpc 41.4998ms
info: Microsoft.AspNetCore.Hosting.Diagnostics[1]
      Request starting HTTP/2 POST http://ilpp/UnityILPP.PostProcessing/PostProcessAssembly - application/grpc -
info: Microsoft.AspNetCore.Routing.EndpointMiddleware[0]
      Executing endpoint 'gRPC - /UnityILPP.PostProcessing/PostProcessAssembly'
info: Unity.ILPP.Runner.PostProcessingPipeline[0]
      Processing assembly Library/Bee/artifacts/1900b0aE.dag/Assembly-CSharp-Editor.dll, with 142 defines and 393 references
info: Unity.ILPP.Runner.PostProcessingPipeline[0]
      processors: Unity.Jobs.CodeGen.JobsILPostProcessor, zzzUnity.Burst.CodeGen.BurstILPostProcessor
info: Unity.ILPP.Runner.PostProcessingPipeline[0]
      running Unity.Jobs.CodeGen.JobsILPostProcessor
info: Unity.ILPP.Runner.PostProcessingPipeline[0]
      running zzzUnity.Burst.CodeGen.BurstILPostProcessor
info: Microsoft.AspNetCore.Routing.EndpointMiddleware[1]
      Executed endpoint 'gRPC - /UnityILPP.PostProcessing/PostProcessAssembly'
info: Microsoft.AspNetCore.Hosting.Diagnostics[2]
      Request finished HTTP/2 POST http://ilpp/UnityILPP.PostProcessing/PostProcessAssembly - 200 - application/grpc 32.1729ms
ExitCode: 0 Duration: 2s676ms
[1247/1640  0s] ILPP-Configuration Library/ilpp-configuration.nevergeneratedoutput
[1632/1640  0s] Csc Library/Bee/artifacts/1900b0aE.dag/Assembly-CSharp.dll (+2 others)
[1633/1640  0s] ILPostProcess Library/Bee/artifacts/1900b0aE.dag/post-processed/Assembly-CSharp.dll (+pdb)
Processing assembly Library/Bee/artifacts/1900b0aE.dag/Assembly-CSharp.dll, with 144 defines and 369 references

processors: Unity.Jobs.CodeGen.JobsILPostProcessor, zzzUnity.Burst.CodeGen.BurstILPostProcessor

running Unity.Jobs.CodeGen.JobsILPostProcessor

running zzzUnity.Burst.CodeGen.BurstILPostProcessor
[1634/1640  0s] CopyFiles Library/ScriptAssemblies/Assembly-CSharp.pdb
[1635/1640  0s] Csc Library/Bee/artifacts/1900b0aE.dag/Assembly-CSharp-Editor.dll (+2 others)
[1636/1640  0s] ILPostProcess Library/Bee/artifacts/1900b0aE.dag/post-processed/Assembly-CSharp-Editor.dll (+pdb)
Processing assembly Library/Bee/artifacts/1900b0aE.dag/Assembly-CSharp-Editor.dll, with 142 defines and 393 references

processors: Unity.Jobs.CodeGen.JobsILPostProcessor, zzzUnity.Burst.CodeGen.BurstILPostProcessor

running Unity.Jobs.CodeGen.JobsILPostProcessor

running zzzUnity.Burst.CodeGen.BurstILPostProcessor
[1637/1640  0s] CopyFiles Library/ScriptAssemblies/Assembly-CSharp-Editor.pdb
[1638/1640  0s] CopyFiles Library/ScriptAssemblies/Assembly-CSharp.dll
[1639/1640  0s] CopyFiles Library/ScriptAssemblies/Assembly-CSharp-Editor.dll
*** Tundra build success (2.60 seconds), 9 items updated, 1640 evaluated
Reloading assemblies after forced synchronous recompile.
Total cache size 266817116
Total cache size after purge 266817116, took 00:00:00.5802055
Begin MonoManager ReloadAssembly
[INFO ] [relay] log Domain reload signal received from client editor-15024-vl47p6
[INFO ] [relay] log Client disconnected - blocking and caching for recovery
[WARN ] [relay] connection.lost clientId=null
[WARN ] [relay] log Client disconnected - sessions will persist until auto-shutdown, reason: Client disconnected
[INFO ] [relay] log Auto-shutdown timer started due to client disconnection
[Licensing::Client] Successfully resolved entitlement details
[Licensing::Module] License group:
  Id: F4-S82E-258Q-RRPW-KWCH-XXXX
  Product: Unity Personal
  Type: ULF
  Expiration: Unlimited
[Licensing::Module] License group:
  Id: 15669559352791-UnityPersXXXX
  Product: Unity Personal
  Type: Assigned
  Expiration: Unlimited
Symbol file LoadedFromMemory is not a mono symbol file
Symbol file LoadedFromMemory is not a mono symbol file
Refreshing native plugins compatible for Editor in 15.89 ms, found 5 plugins.
Native extension for WindowsStandalone target not found
Native extension for WebGL target not found
[MODES] ModeService[none].Initialize
[MODES] ModeService[none].LoadModes
Refreshing native plugins compatible for Editor in 13.43 ms, found 5 plugins.
[Licensing::Client] Error: Code 404 while processing request (status: Found 0 entitlement groups and 0 free entitlements matching requested entitlement ids)
ScheduleIndexationOnStartup MainProcess:True IndexOnStartup:True
Mono: successfully reloaded assembly
- Finished resetting the current domain, in  6.331 seconds
Domain Reload Profiling: 10468ms
	BeginReloadAssembly (2457ms)
		DisableScriptedObjects (445ms)
		CreateAndSetChildDomain (1153ms)
	RebuildCommonClasses (21ms)
	RebuildNativeTypeToScriptingClass (31ms)
	initialDomainReloadingComplete (358ms)
	LoadAllAssembliesAndSetupDomain (1267ms)
		LoadAssemblies (474ms)
		AnalyzeDomain (739ms)
			TypeCache.Refresh (33ms)
			BuildScriptInfoCaches (684ms)
			ResolveRequiredComponents (18ms)
	FinalizeReload (6334ms)
		SetupLoadedEditorAssemblies (0ms)
			InitializePlatformSupportModulesInManaged (5ms)
			BeforeProcessingInitializeOnLoad (573ms)
			ProcessInitializeOnLoadAttributes (2160ms)
			ProcessInitializeOnLoadMethodAttributes (1163ms)
			AfterProcessingInitializeOnLoad (8ms)
		AwakeInstancesAfterBackupRestoration (1244ms)
Refreshing native plugins compatible for Editor in 17.82 ms, found 5 plugins.

Asset Pipeline Refresh (id=2d485d1cb8b9047438ea781589e031f1): Total: 15.418 seconds - Initiated by RefreshV2(AllowForceSynchronousImport)
	(Values over 0.05ms)
	Summary:
		Imports: total=0 (actual=0, local cache=0, cache server=0)
		Asset DB Process Time: managed=0 ms, native=6992 ms
		Asset DB Callback time: managed=635 ms, native=27 ms
		Scripting: domain reloads=1, domain reload time=4597 ms, compile time=3165 ms, other=0 ms
		Project Asset Count: scripts=2161, non-scripts=5556
		Asset File Changes: new=0, changed=1, moved=0, deleted=0
		Scan Filter Count: 0
	InvokePackagesCallback: 18.631ms
	ApplyChangesToAssetFolders: 1.128ms
	Scan: 50.992ms
	Collect global state as custom dependencies: 6.558ms
	OnSourceAssetsModified: 0.158ms
	CategorizeScriptCompilationAssets: 0.061ms
	ProcessAssetsWithTransientArtifactChanges: 17.858ms
	CategorizeAssets: 211.632ms
	CompileScripts: 3165.449ms
	ImportOutOfDateAssets: 6534.456ms (6392.127ms without children)
		CollectScriptTypesHashes: 2.555ms
		ReloadNativeAssets: 2.781ms
		UnloadImportedAssets: 0.346ms
		EnsureUptoDateAssetsAreRegisteredWithGuidPM: 3.034ms
		ImportSchedulerStart: 136.029ms
	PostProcessAllAssets: 638.529ms
		XRBuildSystem.XRAssetImported 1.636ms
		PostProcessCallbackCreateDeferredMaterials 0.197ms
		MonoPostProcessAllAssets: 635.249ms
			AssetReferenceReimportMonitor.OnPostprocessAllAssets 72.864ms
			UniversalRenderPipelineGlobalSettingsPostprocessor.OnPostprocessAllAssets 35.373ms
			SyncVS.PostprocessSyncProject 23.157ms
			AssetChangedListener.OnPostprocessAllAssets 15.760ms
			BuilderAssetPostprocessor.OnPostprocessAllAssets 15.713ms
			AssetPostprocessor.OnPostprocessAllAssets 12.528ms
			SpeedTree9Postprocessor.OnPostprocessAllAssets 5.128ms
			WindowAssetPostprocessingWatcher.OnPostprocessAllAssets 5.090ms
			SpriteSlicePostprocessor.OnPostprocessAllAssets 4.984ms
			RetainedModeAssetPostprocessor.OnPostprocessAllAssets 3.709ms
			ShaderGraphAssetPostProcessor.OnPostprocessAllAssets 3.639ms
			GraphRefreshPostprocessor.OnPostprocessAllAssets 3.371ms
			RenderPipelineGlobalSettingsPostprocessor.OnPostprocessAllAssets 2.381ms
			AssetChangeDetector.OnPostprocessAllAssets 2.340ms
			MaterialPostprocessor.OnPostprocessAllAssets 2.084ms
			SpriteEditorTexturePostprocessor.OnPostprocessAllAssets 1.902ms
			ArtifactBrowserPostProcessor.OnPostprocessAllAssets 1.703ms
			TMPro_TexturePostProcessor.OnPostprocessAllAssets 1.586ms
			ModelAssetProcessor.OnPostprocessAllAssets 1.113ms
			UVCSAssetPostprocessor.OnPostprocessAllAssets 1.096ms
			AudioMixerPostprocessor.OnPostprocessAllAssets 1.056ms
			SampleDependencyImporterPostProcessor.OnPostprocessAllAssets 1.054ms
			TextAssetPostProcessor.OnPostprocessAllAssets 1.012ms
			ReferencedClipsPostProcessor.OnPostprocessAllAssets 1.009ms
			ShaderReflectionAssetPostProcessor.OnPostprocessAllAssets 0.999ms
			StyleCatalogPostProcessor.OnPostprocessAllAssets 0.961ms
			InputActionAssetPostprocessor.OnPostprocessAllAssets 0.876ms
			PostProcessor.OnPostprocessAllAssets 0.815ms
			SkillsProjectAssetPostprocessor.OnPostprocessAllAssets 0.721ms
			AssetEvents.OnPostprocessAllAssets 0.654ms
			InputActionJsonNameModifierAssetProcessor.OnPostprocessAllAssets 0.617ms
			ConfigAssetsTracker.OnPostprocessAllAssets 0.602ms
			SpeedTreePostProcessor.OnPostprocessAllAssets 0.523ms
			AssetDatabaseCallbacks.OnPostprocessAllAssets 0.506ms
			TerrainToolbarOverlayPostProcessor.OnPostprocessAllAssets 0.445ms
			ProjectSettingsPostprocessor.OnPostprocessAllAssets 0.412ms
			SamplePostprocessor.OnPostprocessAllAssets 0.355ms
			AudioContainerPostProcessor.OnPostprocessAllAssets 0.281ms
			ScenarioDriftAssetsTracker.OnPostprocessAllAssets 0.262ms
			TrackSelectedAssetsProcessor.OnPostprocessAllAssets 0.100ms
	PostAssetChangesProfiler: 21.403ms
	GatherAllCurrentPrimaryImportResultRevisions: 0.850ms
	PersistCurrentRevisions: 0.547ms
	GenerateScriptTypeHashes: 9.458ms
	GenerateScriptTypeSerializationHashes: 16.424ms
	Untracked: 4733.446ms

[Licensing::Client] Error: Code 404 while processing request (status: Found 0 entitlement groups and 0 free entitlements matching requested entitlement ids)
[Licensing::Client] Error: Code 404 while processing request (status: Found 0 entitlement groups and 0 free entitlements matching requested entitlement ids)
[Licensing::Client] Successfully resolved entitlement details
[Licensing::Client] Successfully resolved entitlement details
[INFO ] [relay] log Unity client connected with ID: editor-15024-e4cq4n (relay 1.0.12-build.96)
[INFO ] [relay] connection.established clientId=editor-15024-e4cq4n port=9001
[Licensing::Client] Successfully resolved entitlement details
UPID Received 'ca0305d8-fd50-418a-928d-79e1b140c2d6'.
[Licensing::Client] Error: Code 404 while processing request (status: Found 0 entitlement groups and 0 free entitlements matching requested entitlement ids)
[Licensing::Client] Error: Code 404 while processing request (status: Found 0 entitlement groups and 0 free entitlements matching requested entitlement ids)
[Licensing::Client] Error: Code 404 while processing request (status: Found 0 entitlement groups and 0 free entitlements matching requested entitlement ids)
[Licensing::Client] Error: Code 404 while processing request (status: Found 0 entitlement groups and 0 free entitlements matching requested entitlement ids)
[Licensing::Client] Error: Code 404 while processing request (status: Found 0 entitlement groups and 0 free entitlements matching requested entitlement ids)
[Licensing::Client] Error: Code 404 while processing request (status: Found 0 entitlement groups and 0 free entitlements matching requested entitlement ids)
[Licensing::Client] Error: Code 404 while processing request (status: Found 0 entitlement groups and 0 free entitlements matching requested entitlement ids)
[Licensing::Client] Error: Code 404 while processing request (status: Found 0 entitlement groups and 0 free entitlements matching requested entitlement ids)
Reloading assemblies for play mode.
Reloading assemblies after forced synchronous recompile.
Begin MonoManager ReloadAssembly
[INFO ] [relay] log Domain reload signal received from client editor-15024-e4cq4n
[INFO ] [relay] log Client disconnected - blocking and caching for recovery
[WARN ] [relay] connection.lost clientId=null
[WARN ] [relay] log Client disconnected - sessions will persist until auto-shutdown, reason: Client disconnected
[INFO ] [relay] log Auto-shutdown timer started due to client disconnection
Symbol file LoadedFromMemory is not a mono symbol file
Symbol file LoadedFromMemory is not a mono symbol file
Refreshing native plugins compatible for Editor in 16.32 ms, found 5 plugins.
Native extension for WindowsStandalone target not found
Native extension for WebGL target not found
[MODES] ModeService[none].Initialize
[MODES] ModeService[none].LoadModes
[Licensing::Client] Error: Code 404 while processing request (status: Found 0 entitlement groups and 0 free entitlements matching requested entitlement ids)
ScheduleIndexationOnStartup MainProcess:True IndexOnStartup:True
Mono: successfully reloaded assembly
- Finished resetting the current domain, in  6.192 seconds
Domain Reload Profiling: 9209ms
	BeginReloadAssembly (2047ms)
		DisableScriptedObjects (284ms)
		CreateAndSetChildDomain (1214ms)
	RebuildCommonClasses (18ms)
	RebuildNativeTypeToScriptingClass (28ms)
	initialDomainReloadingComplete (340ms)
	LoadAllAssembliesAndSetupDomain (581ms)
		LoadAssemblies (482ms)
		AnalyzeDomain (49ms)
			TypeCache.Refresh (20ms)
			ResolveRequiredComponents (20ms)
	FinalizeReload (6194ms)
		SetupLoadedEditorAssemblies (0ms)
			InitializePlatformSupportModulesInManaged (5ms)
			BeforeProcessingInitializeOnLoad (242ms)
			ProcessInitializeOnLoadAttributes (2155ms)
			ProcessInitializeOnLoadMethodAttributes (1278ms)
			AfterProcessingInitializeOnLoad (8ms)
		AwakeInstancesAfterBackupRestoration (1232ms)

Asset Pipeline Refresh (id=525a935d35f3bd3488e30094f30cf84c): Total: 10.229 seconds - Initiated by StopAssetImportingV2(ForceSynchronousImport | ForceDomainReload)
	(Values over 0.05ms)
	Summary:
		Imports: total=0 (actual=0, local cache=0, cache server=0)
		Asset DB Process Time: managed=0 ms, native=6735 ms
		Asset DB Callback time: managed=98 ms, native=2 ms
		Scripting: domain reloads=1, domain reload time=3388 ms, compile time=3 ms, other=0 ms
		Project Asset Count: scripts=2161, non-scripts=5556
		Asset File Changes: new=0, changed=0, moved=0, deleted=0
		Scan Filter Count: 0
	InvokePackagesCallback: 12.992ms
	ApplyChangesToAssetFolders: 0.914ms
	Collect global state as custom dependencies: 4.864ms
	ProcessAssetsWithTransientArtifactChanges: 0.349ms
	CategorizeAssets: 210.299ms
	CompileScripts: 2.882ms
	ImportOutOfDateAssets: 6398.326ms (6254.202ms without children)
		CollectScriptTypesHashes: 1.926ms
		ReloadNativeAssets: 3.585ms
		UnloadImportedAssets: 0.412ms
		EnsureUptoDateAssetsAreRegisteredWithGuidPM: 2.691ms
		ImportSchedulerStart: 137.231ms
	PostProcessAllAssets: 98.518ms
		MonoPostProcessAllAssets: 98.504ms
			AssetReferenceReimportMonitor.OnPostprocessAllAssets 72.864ms
			UniversalRenderPipelineGlobalSettingsPostprocessor.OnPostprocessAllAssets 25.063ms
			SyncVS.PostprocessSyncProject 23.969ms
			AssetChangedListener.OnPostprocessAllAssets 15.760ms
			BuilderAssetPostprocessor.OnPostprocessAllAssets 15.713ms
			AssetPostprocessor.OnPostprocessAllAssets 12.528ms
			GraphRefreshPostprocessor.OnPostprocessAllAssets 5.299ms
			SpriteSlicePostprocessor.OnPostprocessAllAssets 4.984ms
			SpeedTree9Postprocessor.OnPostprocessAllAssets 4.386ms
			WindowAssetPostprocessingWatcher.OnPostprocessAllAssets 4.237ms
			RetainedModeAssetPostprocessor.OnPostprocessAllAssets 3.709ms
			ShaderGraphAssetPostProcessor.OnPostprocessAllAssets 3.639ms
			AssetChangeDetector.OnPostprocessAllAssets 2.666ms
			MaterialPostprocessor.OnPostprocessAllAssets 2.084ms
			SpriteEditorTexturePostprocessor.OnPostprocessAllAssets 1.902ms
			ArtifactBrowserPostProcessor.OnPostprocessAllAssets 1.703ms
			RenderPipelineGlobalSettingsPostprocessor.OnPostprocessAllAssets 1.624ms
			TMPro_TexturePostProcessor.OnPostprocessAllAssets 1.586ms
			ShaderReflectionAssetPostProcessor.OnPostprocessAllAssets 1.136ms
			ModelAssetProcessor.OnPostprocessAllAssets 1.113ms
			UVCSAssetPostprocessor.OnPostprocessAllAssets 1.096ms
			AudioMixerPostprocessor.OnPostprocessAllAssets 1.056ms
			SampleDependencyImporterPostProcessor.OnPostprocessAllAssets 1.054ms
			TextAssetPostProcessor.OnPostprocessAllAssets 1.012ms
			StyleCatalogPostProcessor.OnPostprocessAllAssets 0.961ms
			ReferencedClipsPostProcessor.OnPostprocessAllAssets 0.958ms
			PostProcessor.OnPostprocessAllAssets 0.815ms
			SkillsProjectAssetPostprocessor.OnPostprocessAllAssets 0.721ms
			AssetEvents.OnPostprocessAllAssets 0.654ms
			InputActionJsonNameModifierAssetProcessor.OnPostprocessAllAssets 0.617ms
			ConfigAssetsTracker.OnPostprocessAllAssets 0.602ms
			InputActionAssetPostprocessor.OnPostprocessAllAssets 0.540ms
			SpeedTreePostProcessor.OnPostprocessAllAssets 0.523ms
			AssetDatabaseCallbacks.OnPostprocessAllAssets 0.389ms
			SamplePostprocessor.OnPostprocessAllAssets 0.355ms
			ProjectSettingsPostprocessor.OnPostprocessAllAssets 0.351ms
			TerrainToolbarOverlayPostProcessor.OnPostprocessAllAssets 0.307ms
			AudioContainerPostProcessor.OnPostprocessAllAssets 0.281ms
			ScenarioDriftAssetsTracker.OnPostprocessAllAssets 0.262ms
			TrackSelectedAssetsProcessor.OnPostprocessAllAssets 0.100ms
	GatherAllCurrentPrimaryImportResultRevisions: 0.875ms
	UnloadStreamsBegin: 0.363ms
	PersistCurrentRevisions: 0.512ms
	GenerateScriptTypeHashes: 9.241ms
	GenerateScriptTypeSerializationHashes: 16.032ms
	Untracked: 3478.057ms

The referenced script (Unknown) on this Behaviour is missing!
Loaded scene 'Temp/__Backupscenes/0.backup'
	Deserialize:            20.806 ms
	Integration:            874.998 ms
	Integration of assets:  0.586 ms
	Thread Wait Time:       -0.506 ms
	Total Operation Time:   895.884 ms
UnassignedReferenceException: The variable molkkyRb of PlayerController has not been assigned.
You probably need to assign the molkkyRb variable of the PlayerController script in the inspector.
  at UnityEngine.Object+MarshalledUnityObject.TryThrowEditorNullExceptionObject (UnityEngine.Object unityObj, System.String parameterName) [0x000b4] in <baf9d421e5ac43acaf162d71aef6a04c>:0 
  at UnityEngine.Bindings.ThrowHelper.ThrowNullReferenceException (System.Object obj) [0x0000a] in <baf9d421e5ac43acaf162d71aef6a04c>:0 
  at UnityEngine.Component.get_gameObject () [0x00006] in <baf9d421e5ac43acaf162d71aef6a04c>:0 
  at PlayerController.ResetMolkky () [0x00000] in C:\Users\ikesakutarou\t6-M6\Molkky\Assets\Script\PlayerController.cs:164 
  at PlayerController.Start () [0x00000] in C:\Users\ikesakutarou\t6-M6\Molkky\Assets\Script\PlayerController.cs:38 

(Filename: Assets/Script/PlayerController.cs Line: 164)

[Licensing::Client] Error: Code 404 while processing request (status: Found 0 entitlement groups and 0 free entitlements matching requested entitlement ids)
[Licensing::Client] Successfully resolved entitlement details
[Licensing::Client] Successfully resolved entitlement details
[INFO ] [relay] log Unity client connected with ID: editor-15024-zd2n1w (relay 1.0.12-build.96)
[INFO ] [relay] connection.established clientId=editor-15024-zd2n1w port=9001
[Licensing::Client] Successfully resolved entitlement details
Unloading 1 Unused Serialized files (Serialized files now loaded: 0)
Loaded scene 'Temp/__Backupscenes/0.backup'
	Deserialize:            12.167 ms
	Integration:            648.446 ms
	Integration of assets:  0.324 ms
	Thread Wait Time:       -0.139 ms
	Total Operation Time:   660.798 ms
Unloading 104 unused Assets / (5.4 MB). Loaded Objects now: 13187.
Memory consumption went from 0.89 GB to 0.88 GB.
Total: 52.316400 ms (FindLiveObjects: 1.748900 ms CreateObjectMapping: 5.102200 ms MarkObjects: 45.025800 ms  DeleteObjects: 0.435900 ms)

[Licensing::Client] Successfully resolved entitlement details
[Licensing::Module] License group:
  Id: F4-S82E-258Q-RRPW-KWCH-XXXX
  Product: Unity Personal
  Type: ULF
  Expiration: Unlimited
[Licensing::Module] License group:
  Id: 15669559352791-UnityPersXXXX
  Product: Unity Personal
  Type: Assigned
  Expiration: Unlimited
Reloading assemblies for play mode.
Reloading assemblies after forced synchronous recompile.
Begin MonoManager ReloadAssembly
[INFO ] [relay] log Domain reload signal received from client editor-15024-zd2n1w
[INFO ] [relay] log Client disconnected - blocking and caching for recovery
[WARN ] [relay] connection.lost clientId=null
[WARN ] [relay] log Client disconnected - sessions will persist until auto-shutdown, reason: Client disconnected
[INFO ] [relay] log Auto-shutdown timer started due to client disconnection
Symbol file LoadedFromMemory is not a mono symbol file
Symbol file LoadedFromMemory is not a mono symbol file
Refreshing native plugins compatible for Editor in 14.92 ms, found 5 plugins.
Native extension for WindowsStandalone target not found
Native extension for WebGL target not found
Refreshing native plugins compatible for Editor in 16.25 ms, found 5 plugins.
[MODES] ModeService[none].Initialize
[MODES] ModeService[none].LoadModes
[Licensing::Client] Error: Code 404 while processing request (status: Found 0 entitlement groups and 0 free entitlements matching requested entitlement ids)
ScheduleIndexationOnStartup MainProcess:True IndexOnStartup:True
Mono: successfully reloaded assembly
- Finished resetting the current domain, in  6.300 seconds
Domain Reload Profiling: 9190ms
	BeginReloadAssembly (1944ms)
		DisableScriptedObjects (257ms)
		CreateAndSetChildDomain (1112ms)
	RebuildCommonClasses (21ms)
	RebuildNativeTypeToScriptingClass (27ms)
	initialDomainReloadingComplete (337ms)
	LoadAllAssembliesAndSetupDomain (558ms)
		LoadAssemblies (458ms)
		AnalyzeDomain (49ms)
			TypeCache.Refresh (20ms)
			ResolveRequiredComponents (20ms)
	FinalizeReload (6303ms)
		SetupLoadedEditorAssemblies (0ms)
			InitializePlatformSupportModulesInManaged (5ms)
			BeforeProcessingInitializeOnLoad (283ms)
			ProcessInitializeOnLoadAttributes (2171ms)
			ProcessInitializeOnLoadMethodAttributes (1270ms)
			AfterProcessingInitializeOnLoad (9ms)
		AwakeInstancesAfterBackupRestoration (1240ms)

Asset Pipeline Refresh (id=0b9cbf4c8e3a4dd44ba7a7dded2ed71a): Total: 10.153 seconds - Initiated by StopAssetImportingV2(ForceSynchronousImport | ForceDomainReload)
	(Values over 0.05ms)
	Summary:
		Imports: total=0 (actual=0, local cache=0, cache server=0)
		Asset DB Process Time: managed=0 ms, native=6853 ms
		Asset DB Callback time: managed=105 ms, native=2 ms
		Scripting: domain reloads=1, domain reload time=3188 ms, compile time=3 ms, other=0 ms
		Project Asset Count: scripts=2161, non-scripts=5556
		Asset File Changes: new=0, changed=0, moved=0, deleted=0
		Scan Filter Count: 0
	InvokePackagesCallback: 10.620ms
	ApplyChangesToAssetFolders: 0.756ms
	Collect global state as custom dependencies: 6.201ms
	ProcessAssetsWithTransientArtifactChanges: 0.532ms
	CategorizeAssets: 195.544ms
	CompileScripts: 2.662ms
	ImportOutOfDateAssets: 6517.747ms (6369.060ms without children)
		CollectScriptTypesHashes: 1.717ms
		ReloadNativeAssets: 2.903ms
		UnloadImportedAssets: 0.584ms
		EnsureUptoDateAssetsAreRegisteredWithGuidPM: 2.697ms
		ImportSchedulerStart: 142.357ms
	PostProcessAllAssets: 105.580ms
		MonoPostProcessAllAssets: 105.569ms
			AssetReferenceReimportMonitor.OnPostprocessAllAssets 72.864ms
			UniversalRenderPipelineGlobalSettingsPostprocessor.OnPostprocessAllAssets 28.313ms
			SyncVS.PostprocessSyncProject 27.527ms
			AssetChangedListener.OnPostprocessAllAssets 15.760ms
			BuilderAssetPostprocessor.OnPostprocessAllAssets 15.713ms
			AssetPostprocessor.OnPostprocessAllAssets 12.528ms
			GraphRefreshPostprocessor.OnPostprocessAllAssets 5.606ms
			SpriteSlicePostprocessor.OnPostprocessAllAssets 4.984ms
			WindowAssetPostprocessingWatcher.OnPostprocessAllAssets 4.874ms
			SpeedTree9Postprocessor.OnPostprocessAllAssets 4.211ms
			RetainedModeAssetPostprocessor.OnPostprocessAllAssets 3.709ms
			ShaderGraphAssetPostProcessor.OnPostprocessAllAssets 3.639ms
			AssetChangeDetector.OnPostprocessAllAssets 2.772ms
			MaterialPostprocessor.OnPostprocessAllAssets 2.084ms
			SpriteEditorTexturePostprocessor.OnPostprocessAllAssets 1.902ms
			RenderPipelineGlobalSettingsPostprocessor.OnPostprocessAllAssets 1.787ms
			ArtifactBrowserPostProcessor.OnPostprocessAllAssets 1.703ms
			TMPro_TexturePostProcessor.OnPostprocessAllAssets 1.586ms
			ShaderReflectionAssetPostProcessor.OnPostprocessAllAssets 1.275ms
			ModelAssetProcessor.OnPostprocessAllAssets 1.113ms
			UVCSAssetPostprocessor.OnPostprocessAllAssets 1.096ms
			AudioMixerPostprocessor.OnPostprocessAllAssets 1.056ms
			SampleDependencyImporterPostProcessor.OnPostprocessAllAssets 1.054ms
			ReferencedClipsPostProcessor.OnPostprocessAllAssets 1.038ms
			TextAssetPostProcessor.OnPostprocessAllAssets 1.012ms
			StyleCatalogPostProcessor.OnPostprocessAllAssets 0.961ms
			PostProcessor.OnPostprocessAllAssets 0.815ms
			InputActionAssetPostprocessor.OnPostprocessAllAssets 0.744ms
			SkillsProjectAssetPostprocessor.OnPostprocessAllAssets 0.721ms
			AssetEvents.OnPostprocessAllAssets 0.654ms
			InputActionJsonNameModifierAssetProcessor.OnPostprocessAllAssets 0.617ms
			ConfigAssetsTracker.OnPostprocessAllAssets 0.602ms
			SpeedTreePostProcessor.OnPostprocessAllAssets 0.523ms
			AssetDatabaseCallbacks.OnPostprocessAllAssets 0.517ms
			ProjectSettingsPostprocessor.OnPostprocessAllAssets 0.460ms
			SamplePostprocessor.OnPostprocessAllAssets 0.355ms
			TerrainToolbarOverlayPostProcessor.OnPostprocessAllAssets 0.312ms
			AudioContainerPostProcessor.OnPostprocessAllAssets 0.281ms
			ScenarioDriftAssetsTracker.OnPostprocessAllAssets 0.262ms
			TrackSelectedAssetsProcessor.OnPostprocessAllAssets 0.100ms
	GatherAllCurrentPrimaryImportResultRevisions: 0.790ms
	UnloadStreamsBegin: 0.328ms
	PersistCurrentRevisions: 0.575ms
	GenerateScriptTypeHashes: 7.742ms
	GenerateScriptTypeSerializationHashes: 13.202ms
	Untracked: 3277.719ms

The referenced script (Unknown) on this Behaviour is missing!
Loaded scene 'Temp/__Backupscenes/0.backup'
	Deserialize:            18.446 ms
	Integration:            869.389 ms
	Integration of assets:  0.622 ms
	Thread Wait Time:       -0.599 ms
	Total Operation Time:   887.858 ms
UnassignedReferenceException: The variable molkkyRb of PlayerController has not been assigned.
You probably need to assign the molkkyRb variable of the PlayerController script in the inspector.
  at UnityEngine.Object+MarshalledUnityObject.TryThrowEditorNullExceptionObject (UnityEngine.Object unityObj, System.String parameterName) [0x000b4] in <baf9d421e5ac43acaf162d71aef6a04c>:0 
  at UnityEngine.Bindings.ThrowHelper.ThrowNullReferenceException (System.Object obj) [0x0000a] in <baf9d421e5ac43acaf162d71aef6a04c>:0 
  at UnityEngine.Component.get_gameObject () [0x00006] in <baf9d421e5ac43acaf162d71aef6a04c>:0 
  at PlayerController.ResetMolkky () [0x00000] in C:\Users\ikesakutarou\t6-M6\Molkky\Assets\Script\PlayerController.cs:164 
  at PlayerController.Start () [0x00000] in C:\Users\ikesakutarou\t6-M6\Molkky\Assets\Script\PlayerController.cs:38 

(Filename: Assets/Script/PlayerController.cs Line: 164)

[Licensing::Client] Error: Code 404 while processing request (status: Found 0 entitlement groups and 0 free entitlements matching requested entitlement ids)
[Licensing::Client] Successfully resolved entitlement details
[Licensing::Client] Successfully resolved entitlement details
[INFO ] [relay] log Unity client connected with ID: editor-15024-b9kfd1 (relay 1.0.12-build.96)
[INFO ] [relay] connection.established clientId=editor-15024-b9kfd1 port=9001
[Licensing::Client] Successfully resolved entitlement details
Unloading 28 Unused Serialized files (Serialized files now loaded: 0)
Loaded scene 'Temp/__Backupscenes/0.backup'
	Deserialize:            13.375 ms
	Integration:            680.968 ms
	Integration of assets:  0.889 ms
	Thread Wait Time:       -0.773 ms
	Total Operation Time:   694.460 ms
Unloading 106 unused Assets / (5.5 MB). Loaded Objects now: 13195.
Memory consumption went from 0.89 GB to 0.88 GB.
Total: 54.901400 ms (FindLiveObjects: 1.403700 ms CreateObjectMapping: 5.497100 ms MarkObjects: 47.286600 ms  DeleteObjects: 0.711300 ms)

Reloading assemblies for play mode.
Reloading assemblies after forced synchronous recompile.
Begin MonoManager ReloadAssembly
[INFO ] [relay] log Domain reload signal received from client editor-15024-b9kfd1
[INFO ] [relay] log Client disconnected - blocking and caching for recovery
[WARN ] [relay] connection.lost clientId=null
[WARN ] [relay] log Client disconnected - sessions will persist until auto-shutdown, reason: Client disconnected
[INFO ] [relay] log Auto-shutdown timer started due to client disconnection
Symbol file LoadedFromMemory is not a mono symbol file
Symbol file LoadedFromMemory is not a mono symbol file
Refreshing native plugins compatible for Editor in 14.21 ms, found 5 plugins.
Native extension for WindowsStandalone target not found
Native extension for WebGL target not found
Refreshing native plugins compatible for Editor in 15.98 ms, found 5 plugins.
[MODES] ModeService[none].Initialize
[MODES] ModeService[none].LoadModes
[Licensing::Client] Error: Code 404 while processing request (status: Found 0 entitlement groups and 0 free entitlements matching requested entitlement ids)
ScheduleIndexationOnStartup MainProcess:True IndexOnStartup:True
Mono: successfully reloaded assembly
- Finished resetting the current domain, in  6.440 seconds
Domain Reload Profiling: 9272ms
	BeginReloadAssembly (1861ms)
		DisableScriptedObjects (231ms)
		CreateAndSetChildDomain (1056ms)
	RebuildCommonClasses (20ms)
	RebuildNativeTypeToScriptingClass (28ms)
	initialDomainReloadingComplete (316ms)
	LoadAllAssembliesAndSetupDomain (603ms)
		LoadAssemblies (496ms)
		AnalyzeDomain (51ms)
			TypeCache.Refresh (21ms)
			ResolveRequiredComponents (20ms)
	FinalizeReload (6443ms)
		SetupLoadedEditorAssemblies (0ms)
			InitializePlatformSupportModulesInManaged (5ms)
			BeforeProcessingInitializeOnLoad (285ms)
			ProcessInitializeOnLoadAttributes (2193ms)
			ProcessInitializeOnLoadMethodAttributes (1348ms)
			AfterProcessingInitializeOnLoad (9ms)
		AwakeInstancesAfterBackupRestoration (1244ms)

Asset Pipeline Refresh (id=26523eed149168b46ae5a38fd6d8a358): Total: 10.228 seconds - Initiated by StopAssetImportingV2(ForceSynchronousImport | ForceDomainReload)
	(Values over 0.05ms)
	Summary:
		Imports: total=0 (actual=0, local cache=0, cache server=0)
		Asset DB Process Time: managed=0 ms, native=7005 ms
		Asset DB Callback time: managed=106 ms, native=2 ms
		Scripting: domain reloads=1, domain reload time=3110 ms, compile time=3 ms, other=0 ms
		Project Asset Count: scripts=2161, non-scripts=5556
		Asset File Changes: new=0, changed=0, moved=0, deleted=0
		Scan Filter Count: 0
	InvokePackagesCallback: 11.084ms
	ApplyChangesToAssetFolders: 0.872ms
	Collect global state as custom dependencies: 5.736ms
	ProcessAssetsWithTransientArtifactChanges: 0.393ms
	CategorizeAssets: 207.683ms
	CompileScripts: 3.194ms
	ImportOutOfDateAssets: 6652.542ms (6518.505ms without children)
		CollectScriptTypesHashes: 2.000ms
		ReloadNativeAssets: 2.964ms
		UnloadImportedAssets: 0.625ms
		EnsureUptoDateAssetsAreRegisteredWithGuidPM: 2.847ms
		ImportSchedulerStart: 127.496ms
	PostProcessAllAssets: 106.278ms
		MonoPostProcessAllAssets: 106.266ms
			AssetReferenceReimportMonitor.OnPostprocessAllAssets 72.864ms
			UniversalRenderPipelineGlobalSettingsPostprocessor.OnPostprocessAllAssets 28.706ms
			SyncVS.PostprocessSyncProject 22.200ms
			AssetChangedListener.OnPostprocessAllAssets 15.760ms
			BuilderAssetPostprocessor.OnPostprocessAllAssets 15.713ms
			AssetPostprocessor.OnPostprocessAllAssets 12.528ms
			GraphRefreshPostprocessor.OnPostprocessAllAssets 6.068ms
			SpeedTree9Postprocessor.OnPostprocessAllAssets 5.704ms
			WindowAssetPostprocessingWatcher.OnPostprocessAllAssets 5.021ms
			SpriteSlicePostprocessor.OnPostprocessAllAssets 4.984ms
			RetainedModeAssetPostprocessor.OnPostprocessAllAssets 3.709ms
			ShaderGraphAssetPostProcessor.OnPostprocessAllAssets 3.639ms
			AssetChangeDetector.OnPostprocessAllAssets 2.591ms
			MaterialPostprocessor.OnPostprocessAllAssets 2.084ms
			RenderPipelineGlobalSettingsPostprocessor.OnPostprocessAllAssets 1.936ms
			SpriteEditorTexturePostprocessor.OnPostprocessAllAssets 1.902ms
			ArtifactBrowserPostProcessor.OnPostprocessAllAssets 1.703ms
			TMPro_TexturePostProcessor.OnPostprocessAllAssets 1.586ms
			ModelAssetProcessor.OnPostprocessAllAssets 1.113ms
			UVCSAssetPostprocessor.OnPostprocessAllAssets 1.096ms
			AudioMixerPostprocessor.OnPostprocessAllAssets 1.056ms
			SampleDependencyImporterPostProcessor.OnPostprocessAllAssets 1.054ms
			ReferencedClipsPostProcessor.OnPostprocessAllAssets 1.023ms
			ShaderReflectionAssetPostProcessor.OnPostprocessAllAssets 1.019ms
			TextAssetPostProcessor.OnPostprocessAllAssets 1.012ms
			StyleCatalogPostProcessor.OnPostprocessAllAssets 0.961ms
			PostProcessor.OnPostprocessAllAssets 0.815ms
			SkillsProjectAssetPostprocessor.OnPostprocessAllAssets 0.721ms
			AssetEvents.OnPostprocessAllAssets 0.654ms
			InputActionAssetPostprocessor.OnPostprocessAllAssets 0.618ms
			InputActionJsonNameModifierAssetProcessor.OnPostprocessAllAssets 0.617ms
			ConfigAssetsTracker.OnPostprocessAllAssets 0.602ms
			SpeedTreePostProcessor.OnPostprocessAllAssets 0.523ms
			SamplePostprocessor.OnPostprocessAllAssets 0.355ms
			AssetDatabaseCallbacks.OnPostprocessAllAssets 0.340ms
			ProjectSettingsPostprocessor.OnPostprocessAllAssets 0.331ms
			TerrainToolbarOverlayPostProcessor.OnPostprocessAllAssets 0.282ms
			AudioContainerPostProcessor.OnPostprocessAllAssets 0.281ms
			ScenarioDriftAssetsTracker.OnPostprocessAllAssets 0.262ms
			TrackSelectedAssetsProcessor.OnPostprocessAllAssets 0.100ms
	GatherAllCurrentPrimaryImportResultRevisions: 0.835ms
	UnloadStreamsBegin: 0.291ms
	PersistCurrentRevisions: 0.603ms
	GenerateScriptTypeHashes: 8.430ms
	GenerateScriptTypeSerializationHashes: 14.644ms
	Untracked: 3211.045ms

The referenced script (Unknown) on this Behaviour is missing!
Loaded scene 'Temp/__Backupscenes/0.backup'
	Deserialize:            26.585 ms
	Integration:            826.968 ms
	Integration of assets:  0.326 ms
	Thread Wait Time:       -0.293 ms
	Total Operation Time:   853.587 ms
UnassignedReferenceException: The variable molkkyRb of PlayerController has not been assigned.
You probably need to assign the molkkyRb variable of the PlayerController script in the inspector.
  at UnityEngine.Object+MarshalledUnityObject.TryThrowEditorNullExceptionObject (UnityEngine.Object unityObj, System.String parameterName) [0x000b4] in <baf9d421e5ac43acaf162d71aef6a04c>:0 
  at UnityEngine.Bindings.ThrowHelper.ThrowNullReferenceException (System.Object obj) [0x0000a] in <baf9d421e5ac43acaf162d71aef6a04c>:0 
  at UnityEngine.Component.get_gameObject () [0x00006] in <baf9d421e5ac43acaf162d71aef6a04c>:0 
  at PlayerController.ResetMolkky () [0x00000] in C:\Users\ikesakutarou\t6-M6\Molkky\Assets\Script\PlayerController.cs:164 
  at PlayerController.Start () [0x00000] in C:\Users\ikesakutarou\t6-M6\Molkky\Assets\Script\PlayerController.cs:38 

(Filename: Assets/Script/PlayerController.cs Line: 164)

[Licensing::Client] Error: Code 404 while processing request (status: Found 0 entitlement groups and 0 free entitlements matching requested entitlement ids)
[Licensing::Client] Successfully resolved entitlement details
[Licensing::Client] Successfully resolved entitlement details
[INFO ] [relay] log Unity client connected with ID: editor-15024-vq1leo (relay 1.0.12-build.96)
[INFO ] [relay] connection.established clientId=editor-15024-vq1leo port=9001
[Licensing::Client] Successfully resolved entitlement details
Unloading 28 Unused Serialized files (Serialized files now loaded: 0)
Loaded scene 'Temp/__Backupscenes/0.backup'
	Deserialize:            14.555 ms
	Integration:            624.121 ms
	Integration of assets:  0.358 ms
	Thread Wait Time:       -0.100 ms
	Total Operation Time:   638.934 ms
Unloading 102 unused Assets / (5.3 MB). Loaded Objects now: 13198.
Memory consumption went from 0.89 GB to 0.88 GB.
Total: 53.546300 ms (FindLiveObjects: 1.713400 ms CreateObjectMapping: 4.659400 ms MarkObjects: 46.610400 ms  DeleteObjects: 0.560200 ms)

Asset Pipeline Refresh (id=9b565d5a5a7a7e24a8d8e5b11a217ac0): Total: 0.061 seconds - Initiated by RefreshV2(AllowForceSynchronousImport)
[Licensing::Client] Error: Code 404 while processing request (status: Found 0 entitlement groups and 0 free entitlements matching requested entitlement ids)
Asset Pipeline Refresh (id=60e47478c4c4f1f40b3fa1218eb88189): Total: 0.047 seconds - Initiated by RefreshV2(AllowForceSynchronousImport)
[Licensing::Client] Error: Code 404 while processing request (status: Found 0 entitlement groups and 0 free entitlements matching requested entitlement ids)
Asset Pipeline Refresh (id=e2c1d850fbb64a643a1b3fd37b0e689e): Total: 0.036 seconds - Initiated by RefreshV2(AllowForceSynchronousImport)
[Licensing::Client] Error: Code 404 while processing request (status: Found 0 entitlement groups and 0 free entitlements matching requested entitlement ids)
Asset Pipeline Refresh (id=b91a786a5bb9b4e4585a2baf217060f2): Total: 0.034 seconds - Initiated by RefreshV2(AllowForceSynchronousImport)
[Licensing::Client] Error: Code 404 while processing request (status: Found 0 entitlement groups and 0 free entitlements matching requested entitlement ids)
Asset Pipeline Refresh (id=1692b9ef50f16e044919b155696e5f31): Total: 0.048 seconds - Initiated by RefreshV2(AllowForceSynchronousImport)
[Licensing::Client] Error: Code 404 while processing request (status: Found 0 entitlement groups and 0 free entitlements matching requested entitlement ids)
Asset Pipeline Refresh (id=4db9cc7444559fc42adfdf8e807487f2): Total: 0.026 seconds - Initiated by RefreshV2(AllowForceSynchronousImport)
[Licensing::Client] Error: Code 404 while processing request (status: Found 0 entitlement groups and 0 free entitlements matching requested entitlement ids)
Asset Pipeline Refresh (id=e54264dfd75a05542998b55fdf1f800d): Total: 0.041 seconds - Initiated by RefreshV2(AllowForceSynchronousImport)
[Licensing::Client] Error: Code 404 while processing request (status: Found 0 entitlement groups and 0 free entitlements matching requested entitlement ids)
Asset Pipeline Refresh (id=cafabbd271684e24bbe97cfb5df5b9c8): Total: 0.042 seconds - Initiated by RefreshV2(AllowForceSynchronousImport)
[Licensing::Client] Error: Code 404 while processing request (status: Found 0 entitlement groups and 0 free entitlements matching requested entitlement ids)
Importing 'GUID: 56241a59585eb2c44a07ec8f98b00517 - Path: Assets/nomal_Molkky.prefab' with importer (PrefabImporter)
Imported 'GUID: 56241a59585eb2c44a07ec8f98b00517' -> (Import Result ID: 'bb2cbad691e29ad2fdbc244726df1b32') in 0.022 seconds [static dependencies only]. Details - ImportResultOutputID=260d9ac5ea9da547467669298ccb5560 DependenciesID=74b20116f2704f819d907a62caf45b8a StaticDependenciesID=f130f47d27f6c12292d8ea4830834abd 
Refreshing native plugins compatible for Editor in 17.30 ms, found 5 plugins.

Asset Pipeline Refresh (id=43479fda1258f214f8ae5bc9c9ad01d6): Total: 1.017 seconds - Initiated by StopAssetImportingV2(NoUpdateAssetOptions)
	(Values over 0.05ms)
	Summary:
		Imports: total=1 (actual=1, local cache=0, cache server=0)
		Asset DB Process Time: managed=4 ms, native=328 ms
		Asset DB Callback time: managed=589 ms, native=94 ms
		Scripting: domain reloads=0, domain reload time=0 ms, compile time=0 ms, other=0 ms
		Project Asset Count: scripts=2161, non-scripts=5556
		Asset File Changes: new=0, changed=1, moved=0, deleted=0
		Scan Filter Count: 2
	ApplyChangesToAssetFolders: 0.453ms
	Scan: 36.398ms
	Collect global state as custom dependencies: 0.110ms
	OnSourceAssetsModified: 1.703ms
	ProcessAssetsWithTransientArtifactChanges: 0.286ms
	CategorizeAssets: 60.152ms
	ImportOutOfDateAssets: 215.673ms (26.818ms without children)
		ImportManagerImport: 50.378ms (3.876ms without children)
			UpdateCategorizedAssets: 0.083ms
		ReloadNativeAssets: 0.104ms
		UnloadImportedAssets: 2.167ms
		ReloadImportedAssets: 1.742ms
		EnsureUptoDateAssetsAreRegisteredWithGuidPM: 2.184ms
		ImportSchedulerStart: 133.978ms
	PostProcessAllAssets: 612.542ms
		XRBuildSystem.XRAssetImported 23.793ms
		ObjectImages.AssetImported 0.105ms
		MonoPostProcessAllAssets: 587.417ms
			AssetReferenceReimportMonitor.OnPostprocessAllAssets 64.680ms
			BuilderAssetPostprocessor.OnPostprocessAllAssets 14.217ms
			AssetChangedListener.OnPostprocessAllAssets 10.625ms
			AssetPostprocessor.OnPostprocessAllAssets 9.178ms
			SpriteSlicePostprocessor.OnPostprocessAllAssets 7.770ms
			ShaderGraphAssetPostProcessor.OnPostprocessAllAssets 4.974ms
			SyncVS.PostprocessSyncProject 4.511ms
			RetainedModeAssetPostprocessor.OnPostprocessAllAssets 3.031ms
			SpriteEditorTexturePostprocessor.OnPostprocessAllAssets 2.370ms
			TMPro_TexturePostProcessor.OnPostprocessAllAssets 1.657ms
			ArtifactBrowserPostProcessor.OnPostprocessAllAssets 1.638ms
			MaterialPostprocessor.OnPostprocessAllAssets 1.366ms
			SkillsProjectAssetPostprocessor.OnPostprocessAllAssets 1.106ms
			SampleDependencyImporterPostProcessor.OnPostprocessAllAssets 1.000ms
			TextAssetPostProcessor.OnPostprocessAllAssets 0.995ms
			ModelAssetProcessor.OnPostprocessAllAssets 0.874ms
			PostProcessor.OnPostprocessAllAssets 0.823ms
			InputActionJsonNameModifierAssetProcessor.OnPostprocessAllAssets 0.816ms
			AudioMixerPostprocessor.OnPostprocessAllAssets 0.710ms
			UVCSAssetPostprocessor.OnPostprocessAllAssets 0.703ms
			SpeedTreePostProcessor.OnPostprocessAllAssets 0.546ms
			SamplePostprocessor.OnPostprocessAllAssets 0.452ms
			StyleCatalogPostProcessor.OnPostprocessAllAssets 0.444ms
			AssetEvents.OnPostprocessAllAssets 0.444ms
			RenderPipelineGlobalSettingsPostprocessor.OnPostprocessAllAssets 0.402ms
			GraphRefreshPostprocessor.OnPostprocessAllAssets 0.328ms
			InputActionAssetPostprocessor.OnPostprocessAllAssets 0.318ms
			ScenarioDriftAssetsTracker.OnPostprocessAllAssets 0.277ms
			ConfigAssetsTracker.OnPostprocessAllAssets 0.243ms
			TrackSelectedAssetsProcessor.OnPostprocessAllAssets 0.166ms
			AudioContainerPostProcessor.OnPostprocessAllAssets 0.159ms
			UniversalRenderPipelineGlobalSettingsPostprocessor.OnPostprocessAllAssets 0.052ms
	PostAssetChangesProfiler: 69.736ms
	GatherAllCurrentPrimaryImportResultRevisions: 0.963ms
	UnloadStreamsBegin: 0.064ms
	PersistCurrentRevisions: 0.751ms
	Untracked: 18.115ms

[Worker2] Imported GUID: 56241a59585eb2c44a07ec8f98b00517 - Path: Assets/nomal_Molkky.prefab - Importer: PreviewImporter -> (ImportResultId: 'bcdd22f9f51af08ef1f7879fbc2245ff') in 1.215919 seconds
Importing 'GUID: 56241a59585eb2c44a07ec8f98b00517 - Path: Assets/nomal_Molkky.prefab' with importer (PrefabImporter)
Imported 'GUID: 56241a59585eb2c44a07ec8f98b00517' -> (Import Result ID: 'b644db379b91309b34ad1e917b534743') in 0.011 seconds [static dependencies only]. Details - ImportResultOutputID=fd697e54e427f7cae412b5e30e228c44 DependenciesID=8ff780ad4423d43e39b2c687a047d879 StaticDependenciesID=0210f39bf7fb28959ea56e1d0d46096c 
Refreshing native plugins compatible for Editor in 14.67 ms, found 5 plugins.

Asset Pipeline Refresh (id=da8b33901e2d8ce459b8b65bb937b71e): Total: 0.325 seconds - Initiated by StopAssetImportingV2(NoUpdateAssetOptions)
	(Values over 0.05ms)
	Summary:
		Imports: total=1 (actual=1, local cache=0, cache server=0)
		Asset DB Process Time: managed=0 ms, native=271 ms
		Asset DB Callback time: managed=6 ms, native=46 ms
		Scripting: domain reloads=0, domain reload time=0 ms, compile time=0 ms, other=0 ms
		Project Asset Count: scripts=2161, non-scripts=5556
		Asset File Changes: new=0, changed=1, moved=0, deleted=0
		Scan Filter Count: 2
	ApplyChangesToAssetFolders: 0.363ms
	Scan: 39.350ms
	Collect global state as custom dependencies: 0.138ms
	OnSourceAssetsModified: 0.144ms
	ProcessAssetsWithTransientArtifactChanges: 0.128ms
	CategorizeAssets: 58.090ms
	ImportOutOfDateAssets: 160.557ms (27.559ms without children)
		ImportManagerImport: 17.556ms (2.494ms without children)
		ReloadNativeAssets: 0.100ms
		UnloadImportedAssets: 0.499ms
		ReloadImportedAssets: 1.502ms
		EnsureUptoDateAssetsAreRegisteredWithGuidPM: 2.048ms
		ImportSchedulerStart: 112.754ms
	PostProcessAllAssets: 7.543ms
		XRBuildSystem.XRAssetImported 1.202ms
		MonoPostProcessAllAssets: 6.061ms
			SyncVS.PostprocessSyncProject 3.448ms
			AssetChangedListener.OnPostprocessAllAssets 0.433ms
			ModelAssetProcessor.OnPostprocessAllAssets 0.282ms
			SpriteEditorTexturePostprocessor.OnPostprocessAllAssets 0.262ms
			RenderPipelineGlobalSettingsPostprocessor.OnPostprocessAllAssets 0.220ms
			ShaderGraphAssetPostProcessor.OnPostprocessAllAssets 0.137ms
			GraphRefreshPostprocessor.OnPostprocessAllAssets 0.109ms
			AssetPostprocessor.OnPostprocessAllAssets 0.104ms
			SkillsProjectAssetPostprocessor.OnPostprocessAllAssets 0.078ms
	PostAssetChangesProfiler: 44.998ms
	GatherAllCurrentPrimaryImportResultRevisions: 0.995ms
	UnloadStreamsBegin: 0.056ms
	PersistCurrentRevisions: 0.701ms
	Untracked: 11.729ms

Asset Pipeline Refresh (id=f13830361f3c2a34484d66923ed67627): Total: 0.091 seconds - Initiated by RefreshV2(AllowForceSynchronousImport)
[Licensing::Client] Error: Code 404 while processing request (status: Found 0 entitlement groups and 0 free entitlements matching requested entitlement ids)
Asset Pipeline Refresh (id=f01ababee0049774a8402976ac5481ef): Total: 0.040 seconds - Initiated by RefreshV2(AllowForceSynchronousImport)
[Licensing::Client] Error: Code 404 while processing request (status: Found 0 entitlement groups and 0 free entitlements matching requested entitlement ids)
[Worker2] Imported GUID: 37057503884141f4ebf6086f27f0ea0b - Path: Assets/Rocket.prefab - Importer: PreviewImporter -> (ImportResultId: '8da7a31eea8c75c727b4a40f068b1cfc') in 0.3150843 seconds
Importing 'GUID: 37057503884141f4ebf6086f27f0ea0b - Path: Assets/Rocket.prefab' with importer (PrefabImporter)
Imported 'GUID: 37057503884141f4ebf6086f27f0ea0b' -> (Import Result ID: 'e0c826a160c1eb613c708285ac69a9b4') in 0.019 seconds [static and dynamic dependencies]. Details - ImportResultOutputID=0da119e68f2d0f05a2cc0ac323d193e4 DependenciesID=96e450f561510dd127a5fabd6b5f4099 StaticDependenciesID=a1239a6ef80128237693e542ad6c6cca 
Refreshing native plugins compatible for Editor in 20.83 ms, found 5 plugins.

Asset Pipeline Refresh (id=a2f8fc66de4117e47b7ba5a56e867afb): Total: 0.373 seconds - Initiated by StopAssetImportingV2(NoUpdateAssetOptions)
	(Values over 0.05ms)
	Summary:
		Imports: total=1 (actual=1, local cache=0, cache server=0)
		Asset DB Process Time: managed=0 ms, native=285 ms
		Asset DB Callback time: managed=6 ms, native=80 ms
		Scripting: domain reloads=0, domain reload time=0 ms, compile time=0 ms, other=0 ms
		Project Asset Count: scripts=2161, non-scripts=5556
		Asset File Changes: new=0, changed=1, moved=0, deleted=0
		Scan Filter Count: 2
	ApplyChangesToAssetFolders: 0.273ms
	Scan: 36.476ms
	Collect global state as custom dependencies: 0.121ms
	OnSourceAssetsModified: 0.132ms
	ProcessAssetsWithTransientArtifactChanges: 0.110ms
	CategorizeAssets: 54.055ms
	ImportOutOfDateAssets: 181.750ms (24.391ms without children)
		ImportManagerImport: 30.692ms (2.974ms without children)
			UpdateCategorizedAssets: 0.058ms
		ReloadNativeAssets: 0.098ms
		UnloadImportedAssets: 0.559ms
		ReloadImportedAssets: 4.945ms
		EnsureUptoDateAssetsAreRegisteredWithGuidPM: 1.969ms
		ImportSchedulerStart: 123.998ms
	PostProcessAllAssets: 8.408ms
		XRBuildSystem.XRAssetImported 1.219ms
		MonoPostProcessAllAssets: 6.772ms
			SyncVS.PostprocessSyncProject 4.685ms
			ModelAssetProcessor.OnPostprocessAllAssets 0.267ms
			SpriteEditorTexturePostprocessor.OnPostprocessAllAssets 0.186ms
			RenderPipelineGlobalSettingsPostprocessor.OnPostprocessAllAssets 0.157ms
			ShaderGraphAssetPostProcessor.OnPostprocessAllAssets 0.153ms
			GraphRefreshPostprocessor.OnPostprocessAllAssets 0.132ms
			AssetPostprocessor.OnPostprocessAllAssets 0.103ms
			AssetChangedListener.OnPostprocessAllAssets 0.100ms
	PostAssetChangesProfiler: 79.056ms
	GatherAllCurrentPrimaryImportResultRevisions: 0.850ms
	UnloadStreamsBegin: 0.062ms
	PersistCurrentRevisions: 0.654ms
	Untracked: 11.384ms

[Worker2] Imported GUID: 37057503884141f4ebf6086f27f0ea0b - Path: Assets/Rocket.prefab - Importer: PreviewImporter -> (ImportResultId: '16ebb7641ccfd4a9f597400a69df33f1') in 0.048891 seconds
[Worker2] Imported GUID: 79627a143b51108419518c181351f891 - Path: Assets/Bomb.prefab - Importer: PreviewImporter -> (ImportResultId: 'e25970f743f4c1b09a2991805ca96395') in 0.0407987 seconds
Error while saving Prefab: 'Assets/Bomb.prefab'. You are trying to save a Prefab with a missing script. This is not allowed.
Please change the script or remove it from the GameObject 'Bomb'.
Asset Pipeline Refresh (id=db50658d295445e4eba993ad08e05bd6): Total: 0.003 seconds - Initiated by StopAssetImportingV2(NoUpdateAssetOptions)
Error while saving Prefab: 'Assets/Bomb.prefab'. You are trying to save a Prefab with a missing script. This is not allowed.
Please change the script or remove it from the GameObject 'Bomb'.
UnityEngine.Debug:ExtractStackTraceNoAlloc (byte*,int,string)
UnityEngine.StackTraceUtility:ExtractStackTrace ()
UnityEditor.PrefabUtility:SavePrefabAsset_Internal (UnityEngine.GameObject,bool&)
UnityEditor.PrefabUtility:SavePrefabAsset (UnityEngine.GameObject,bool&)
UnityEditor.PrefabImporterEditor:SaveDirtyPrefabAssets (bool)
UnityEditor.PrefabImporterEditor:OnDestroy ()

[C:\build\output\unity\unity\Editor\Src\Prefabs\PrefabCreation.cpp line 364]

Asset Pipeline Refresh (id=e65f92972f0635648bbfed1f95fd7f9d): Total: 0.005 seconds - Initiated by StopAssetImportingV2(NoUpdateAssetOptions)
Error while saving Prefab: 'Assets/Bomb.prefab'. You are trying to save a Prefab with a missing script. This is not allowed.
Please change the script or remove it from the GameObject 'Bomb'.
UnityEngine.Debug:ExtractStackTraceNoAlloc (byte*,int,string)
UnityEngine.StackTraceUtility:ExtractStackTrace ()
UnityEditor.PrefabUtility:SavePrefabAsset_Internal (UnityEngine.GameObject,bool&)
UnityEditor.PrefabUtility:SavePrefabAsset (UnityEngine.GameObject,bool&)
UnityEditor.PrefabImporterEditor:SaveDirtyPrefabAssets (bool)
UnityEditor.PrefabImporterEditor:ObjectChangeEventPublished (UnityEditor.ObjectChangeEventStream&)
UnityEditor.ObjectChangeEvents:InvokeChangeEvent (intptr,int,intptr,int)

[C:\build\output\unity\unity\Editor\Src\Prefabs\PrefabCreation.cpp line 364]

Asset Pipeline Refresh (id=866dca7dc6d334242a6feffbed883675): Total: 0.005 seconds - Initiated by StopAssetImportingV2(NoUpdateAssetOptions)
Error while saving Prefab: 'Assets/Bomb.prefab'. You are trying to save a Prefab with a missing script. This is not allowed.
Please change the script or remove it from the GameObject 'Bomb'.
Asset Pipeline Refresh (id=8d4e867927a06d442bfa68f29ceee192): Total: 0.012 seconds - Initiated by StopAssetImportingV2(NoUpdateAssetOptions)
Error while saving Prefab: 'Assets/Bomb.prefab'. You are trying to save a Prefab with a missing script. This is not allowed.
Please change the script or remove it from the GameObject 'Bomb'.
UnityEngine.Debug:ExtractStackTraceNoAlloc (byte*,int,string)
UnityEngine.StackTraceUtility:ExtractStackTrace ()
UnityEditor.PrefabUtility:SavePrefabAsset_Internal (UnityEngine.GameObject,bool&)
UnityEditor.PrefabUtility:SavePrefabAsset (UnityEngine.GameObject,bool&)
UnityEditor.PrefabImporterEditor:SaveDirtyPrefabAssets (bool)
UnityEditor.PrefabImporterEditor:ObjectChangeEventPublished (UnityEditor.ObjectChangeEventStream&)
UnityEditor.ObjectChangeEvents:InvokeChangeEvent (intptr,int,intptr,int)

[C:\build\output\unity\unity\Editor\Src\Prefabs\PrefabCreation.cpp line 364]

Asset Pipeline Refresh (id=dfbd7337d0e49e943b3e54aac97a95ee): Total: 0.003 seconds - Initiated by StopAssetImportingV2(NoUpdateAssetOptions)
Error while saving Prefab: 'Assets/Bomb.prefab'. You are trying to save a Prefab with a missing script. This is not allowed.
Please change the script or remove it from the GameObject 'Bomb'.
UnityEngine.Debug:ExtractStackTraceNoAlloc (byte*,int,string)
UnityEngine.StackTraceUtility:ExtractStackTrace ()
UnityEditor.PrefabUtility:SavePrefabAsset_Internal (UnityEngine.GameObject,bool&)
UnityEditor.PrefabUtility:SavePrefabAsset (UnityEngine.GameObject,bool&)
UnityEditor.PrefabImporterEditor:SaveDirtyPrefabAssets (bool)
UnityEditor.PrefabImporterEditor:ObjectChangeEventPublished (UnityEditor.ObjectChangeEventStream&)
UnityEditor.ObjectChangeEvents:InvokeChangeEvent (intptr,int,intptr,int)

[C:\build\output\unity\unity\Editor\Src\Prefabs\PrefabCreation.cpp line 364]

Asset Pipeline Refresh (id=bf53385615414184697882deff7d959a): Total: 0.023 seconds - Initiated by StopAssetImportingV2(NoUpdateAssetOptions)
Error while saving Prefab: 'Assets/Bomb.prefab'. You are trying to save a Prefab with a missing script. This is not allowed.
Please change the script or remove it from the GameObject 'Bomb'.
UnityEngine.Debug:ExtractStackTraceNoAlloc (byte*,int,string)
UnityEngine.StackTraceUtility:ExtractStackTrace ()
UnityEditor.PrefabUtility:SavePrefabAsset_Internal (UnityEngine.GameObject,bool&)
UnityEditor.PrefabUtility:SavePrefabAsset (UnityEngine.GameObject,bool&)
UnityEditor.PrefabImporterEditor:SaveDirtyPrefabAssets (bool)
UnityEditor.PrefabImporterEditor:OnDestroy ()

[C:\build\output\unity\unity\Editor\Src\Prefabs\PrefabCreation.cpp line 364]

Asset Pipeline Refresh (id=899f6767ce9f0f644a5e4b3be6eea371): Total: 0.004 seconds - Initiated by StopAssetImportingV2(NoUpdateAssetOptions)
Error while saving Prefab: 'Assets/Bomb.prefab'. You are trying to save a Prefab with a missing script. This is not allowed.
Please change the script or remove it from the GameObject 'Bomb'.
UnityEngine.Debug:ExtractStackTraceNoAlloc (byte*,int,string)
UnityEngine.StackTraceUtility:ExtractStackTrace ()
UnityEditor.EditorApplication:ExecuteMenuItemInternal (string,bool)
UnityEditor.EditorApplication:ExecuteMenuItem (string)
UnityEditor.ShortcutManagement.MenuItemEntryDiscoveryInfo:<.ctor>b__7_0 (UnityEditor.ShortcutManagement.ShortcutArguments)
UnityEditor.ShortcutManagement.Trigger:ExecuteShortcut (UnityEditor.ShortcutManagement.ShortcutEntry,UnityEditor.ShortcutManagement.ShortcutStage,object,bool)
UnityEditor.ShortcutManagement.Trigger:HandleKeyEvent (UnityEngine.Event,UnityEditor.ShortcutManagement.IContextManager)
UnityEditor.ShortcutManagement.ShortcutController:HandleKeyEvent (UnityEngine.Event)
UnityEditor.ShortcutManagement.ShortcutIntegration:EventHandler ()
UnityEditor.EditorApplication:Internal_CallGlobalEventHandler ()

[C:\build\output\unity\unity\Editor\Src\Prefabs\PrefabCreation.cpp line 364]

Importing 'GUID: 00000000000000009000000000000000 - Path: ProjectSettings/QualitySettings.asset' with importer (LibraryAssetImporter)
Imported 'GUID: 00000000000000009000000000000000' -> (Import Result ID: 'afe4fdbe875b4f2573f6b154b3cd9ecc') in 0.005 seconds [static dependencies only]. Details - ImportResultOutputID=7b12711da11c94ad897442b4820d3f7b DependenciesID=d1d33c884cb535f7c7b0a21df0c5e9d6 StaticDependenciesID=1b452153127fdef2b3d894f2b4cf8d31 
Importing 'GUID: 0000000000000000b000000000000000 - Path: ProjectSettings/EditorBuildSettings.asset' with importer (LibraryAssetImporter)
Imported 'GUID: 0000000000000000b000000000000000' -> (Import Result ID: '541f0aa03b4be460d0fe9007ce7a638d') in 0.002 seconds [static dependencies only]. Details - ImportResultOutputID=4647dd083cfc32cebcd7526e8846440c DependenciesID=1079207d88d50fb71db1e1182d3de812 StaticDependenciesID=e92df6a8cdf153797870494d84f2c9d1 
Importing 'GUID: 00000000000000006100000000000000 - Path: ProjectSettings/GraphicsSettings.asset' with importer (LibraryAssetImporter)
Imported 'GUID: 00000000000000006100000000000000' -> (Import Result ID: 'eeae983e7e5e6a680477080d59405b52') in 0.002 seconds [static dependencies only]. Details - ImportResultOutputID=f9600466f06a676b7a4f639f6629ea48 DependenciesID=feb4dbc61ecf9f2b2ccc0963a4b2f231 StaticDependenciesID=30988c48a9cbee2cf60a1d41247832b2 
Importing 'GUID: 6533f45107a324e4d89c2674a3a7c280 - Path: Assets/number.mat' with importer (NativeFormatImporter)
Imported 'GUID: 6533f45107a324e4d89c2674a3a7c280' -> (Import Result ID: 'c6698d351c3cbeae10136df8e258646b') in 0.004 seconds [static dependencies only]. Details - ImportResultOutputID=75f771fef3438f844e5f7729fed15a53 DependenciesID=2314a9dc95628f92cb732331bd569492 StaticDependenciesID=d6685771c1f2dd1bc6226c95f52b266d 
Importing 'GUID: 79627a143b51108419518c181351f891 - Path: Assets/Bomb.prefab' with importer (PrefabImporter)
Imported 'GUID: 79627a143b51108419518c181351f891' -> (Import Result ID: '22e3897a4d8e20a6aaab8e86d2faf1fd') in 0.012 seconds [static and dynamic dependencies]. Details - ImportResultOutputID=c2d8b9b6ba8f7e1a268cc1dade3243b2 DependenciesID=cbc8b9cc9140d5641d51b186d4d012c3 StaticDependenciesID=69263eeec8caee7a0bfe595e9aa423dc 
Refreshing native plugins compatible for Editor in 14.92 ms, found 5 plugins.

Asset Pipeline Refresh (id=23d6b2643e5eebc46a77b68637900a66): Total: 0.392 seconds - Initiated by StopAssetImportingV2(NoUpdateAssetOptions)
	(Values over 0.05ms)
	Summary:
		Imports: total=5 (actual=5, local cache=0, cache server=0)
		Asset DB Process Time: managed=1 ms, native=297 ms
		Asset DB Callback time: managed=23 ms, native=69 ms
		Scripting: domain reloads=0, domain reload time=0 ms, compile time=0 ms, other=0 ms
		Project Asset Count: scripts=2161, non-scripts=5556
		Asset File Changes: new=0, changed=1, moved=0, deleted=0
		Scan Filter Count: 6
	ApplyChangesToAssetFolders: 0.362ms
	Scan: 29.175ms
	Collect global state as custom dependencies: 0.114ms
	OnSourceAssetsModified: 0.115ms
	ProcessAssetsWithTransientArtifactChanges: 0.113ms
	CategorizeAssets: 54.215ms
	ImportOutOfDateAssets: 202.298ms (24.386ms without children)
		ImportManagerImport: 51.989ms (15.243ms without children)
			UpdateCategorizedAssets: 0.125ms
		ReloadNativeAssets: 0.122ms
		UnloadImportedAssets: 0.644ms
		ReloadImportedAssets: 3.438ms
		EnsureUptoDateAssetsAreRegisteredWithGuidPM: 2.231ms
		InitializingProgressBar: 0.118ms
		ImportSchedulerStart: 122.797ms
	PostProcessAllAssets: 26.419ms
		XRBuildSystem.XRAssetImported 1.873ms
		ObjectImages.AssetImported 0.086ms
		MonoPostProcessAllAssets: 23.623ms
			MaterialPostprocessor.OnPostprocessAllAssets 8.315ms
			UniversalRenderPipelineGlobalSettingsPostprocessor.OnPostprocessAllAssets 6.334ms
			SyncVS.PostprocessSyncProject 3.351ms
			ShaderGraphAssetPostProcessor.OnPostprocessAllAssets 0.449ms
			SpriteEditorTexturePostprocessor.OnPostprocessAllAssets 0.326ms
			ModelAssetProcessor.OnPostprocessAllAssets 0.266ms
			AssetChangedListener.OnPostprocessAllAssets 0.227ms
			GraphRefreshPostprocessor.OnPostprocessAllAssets 0.159ms
			AssetPostprocessor.OnPostprocessAllAssets 0.135ms
			PostProcessor.OnPostprocessAllAssets 0.087ms
			SpriteSlicePostprocessor.OnPostprocessAllAssets 0.069ms
			RenderPipelineGlobalSettingsPostprocessor.OnPostprocessAllAssets 0.062ms
			InputActionAssetPostprocessor.OnPostprocessAllAssets 0.057ms
			RetainedModeAssetPostprocessor.OnPostprocessAllAssets 0.056ms
			AssetReferenceReimportMonitor.OnPostprocessAllAssets 0.052ms
	PostAssetChangesProfiler: 66.826ms
	GatherAllCurrentPrimaryImportResultRevisions: 0.742ms
	UnloadStreamsBegin: 0.074ms
	PersistCurrentRevisions: 0.893ms
	UnloadStreamsEnd: 0.152ms
	Untracked: 10.233ms

Importing 'GUID: 99c9720ab356a0642a771bea13969a05 - Path: Assets/Scenes/GameScene.unity' with importer (DefaultImporter)
Imported 'GUID: 99c9720ab356a0642a771bea13969a05' -> (Import Result ID: '58eb6d76fb310c7bf8a72bfca8e9b6e4') in 0.003 seconds [static dependencies only]. Details - ImportResultOutputID=204cd3d35d55972754313a6d1042cb8d DependenciesID=5c798dc2a53083baaa563de10d9ebc08 StaticDependenciesID=30e8b0985841981215f258ffe5c78427 
Refreshing native plugins compatible for Editor in 15.32 ms, found 5 plugins.
Asset Pipeline Refresh (id=b1e6b3db1e019fb4ba6e0c4477615c28): Total: 0.298 seconds - Initiated by StopAssetImportingV2(NoUpdateAssetOptions)
Asset Pipeline Refresh (id=ae9a3f622c844d643b4b6d1cef054f0d): Total: 0.058 seconds - Initiated by RefreshV2(AllowForceSynchronousImport)
Loaded scene 'Library/Unused/b26db4db5bcf5cc4d8fcb88e8a65d5fc'
	Deserialize:            5.244 ms
	Integration:            4.359 ms
	Integration of assets:  0.003 ms
	Thread Wait Time:       0.048 ms
	Total Operation Time:   9.655 ms
Unloading 0 Unused Serialized files (Serialized files now loaded: 0)
Unloading 300 unused Assets / (0.6 MB). Loaded Objects now: 13411.
Memory consumption went from 0.99 GB to 0.99 GB.
Total: 64.573900 ms (FindLiveObjects: 1.578700 ms CreateObjectMapping: 5.208200 ms MarkObjects: 56.055500 ms  DeleteObjects: 1.727000 ms)

[Licensing::Client] Error: Code 404 while processing request (status: Found 0 entitlement groups and 0 free entitlements matching requested entitlement ids)
Importing 'GUID: 99c9720ab356a0642a771bea13969a05 - Path: Assets/Scenes/GameScene.unity' with importer (DefaultImporter)
Imported 'GUID: 99c9720ab356a0642a771bea13969a05' -> (Import Result ID: '1e09fa2e5a6ba1dede273030e80edd3a') in 0.004 seconds [static dependencies only]. Details - ImportResultOutputID=204cd3d35d55972754313a6d1042cb8d DependenciesID=f7cd875fbd1fb9c4f8b1fefe70a96dc1 StaticDependenciesID=eb190b389e977f5f1d90506cc1386abd 
Refreshing native plugins compatible for Editor in 18.12 ms, found 5 plugins.

Asset Pipeline Refresh (id=5ac932f0c452e7d4e9a04b512f4f6462): Total: 0.355 seconds - Initiated by StopAssetImportingV2(NoUpdateAssetOptions)
	(Values over 0.05ms)
	Summary:
		Imports: total=1 (actual=1, local cache=0, cache server=0)
		Asset DB Process Time: managed=0 ms, native=298 ms
		Asset DB Callback time: managed=9 ms, native=47 ms
		Scripting: domain reloads=0, domain reload time=0 ms, compile time=0 ms, other=0 ms
		Project Asset Count: scripts=2161, non-scripts=5556
		Asset File Changes: new=0, changed=1, moved=0, deleted=0
		Scan Filter Count: 3
	ApplyChangesToAssetFolders: 0.283ms
	Scan: 33.154ms
	Collect global state as custom dependencies: 0.123ms
	OnSourceAssetsModified: 0.146ms
	ProcessAssetsWithTransientArtifactChanges: 0.129ms
	CategorizeAssets: 55.050ms
	ImportOutOfDateAssets: 191.113ms (25.325ms without children)
		ImportManagerImport: 29.541ms (1.256ms without children)
			UpdateCategorizedAssets: 0.053ms
		ReloadNativeAssets: 0.097ms
		UnloadImportedAssets: 0.467ms
		EnsureUptoDateAssetsAreRegisteredWithGuidPM: 2.280ms
		ImportSchedulerStart: 133.360ms
	PostProcessAllAssets: 35.002ms
		XRBuildSystem.XRAssetImported 25.503ms
		PostProcessCallbackCreateDeferredMaterials 0.107ms
		MonoPostProcessAllAssets: 9.070ms
			SyncVS.PostprocessSyncProject 4.500ms
			SpriteEditorTexturePostprocessor.OnPostprocessAllAssets 0.385ms
			ModelAssetProcessor.OnPostprocessAllAssets 0.382ms
			ShaderGraphAssetPostProcessor.OnPostprocessAllAssets 0.309ms
			RenderPipelineGlobalSettingsPostprocessor.OnPostprocessAllAssets 0.287ms
			GraphRefreshPostprocessor.OnPostprocessAllAssets 0.204ms
			AssetPostprocessor.OnPostprocessAllAssets 0.177ms
			AssetChangedListener.OnPostprocessAllAssets 0.137ms
			SpriteSlicePostprocessor.OnPostprocessAllAssets 0.060ms
	PostAssetChangesProfiler: 21.408ms
	GatherAllCurrentPrimaryImportResultRevisions: 0.717ms
	UnloadStreamsBegin: 3.064ms
	PersistCurrentRevisions: 0.675ms
	Untracked: 14.287ms

MonoPathRemapper: Attempts to remap: 413030; Successful remaps: 82470
Serialized file version minimum: 22, current 23
[LAYOUT] About to save layout C:\Users\ikesakutarou\t6-M6\Molkky\UserSettings\Layouts\default-6000.dwlt
[LAYOUT] About to save layout C:/Users/ikesakutarou/AppData/Roaming/Unity/Editor-5.x/Preferences\Layouts\current\default-6000.dwlt
[INFO ] [relay] log Shutdown request received from client editor-15024-vq1leo
[INFO ] [relay] log Unity client requested immediate shutdown - shutting down now, reason: Shutdown requested by client
[INFO ] [relay] log Shutdown: Initiating graceful shutdown: Shutdown requested by client
SUCCESS: The process with PID 3200 (child process of PID 15508) has been terminated.
SUCCESS: The process with PID 15508 (child process of PID 15024) has been terminated.
Unloading 24 Unused Serialized files (Serialized files now loaded: 0)
Unloading 171 unused Assets / (100.6 KB). Loaded Objects now: 13420.
Memory consumption went from 1.02 GB to 1.02 GB.
Total: 128.056700 ms (FindLiveObjects: 3.577400 ms CreateObjectMapping: 11.850400 ms MarkObjects: 109.629900 ms  DeleteObjects: 2.993800 ms)

Input System module state changed to: ShutdownInProgress.
Input Polling Thread exited.
Input System module state changed to: Shutdown.
[Physics::Module] Cleanup current backend.
[Physics::Module] Id: 0xf2b8ea05
[Licensing::IpcConnector] LicenseClient-ikesakutarou-6000.5.0-notifications channel disconnected successfully.
[Licensing::IpcConnector] LicenseClient-ikesakutarou-6000.5.0 channel disconnected successfully.
Shut down.
AcceleratorClientConnectionCallback - disconnected - :0
Cleanup mono
CodeReloadManager destroyed
abort_threads: Failed aborting id: 0000000000004DF8, mono_thread_manage will ignore it

abort_threads: Failed aborting id: 0000000000004DF8, mono_thread_manage will ignore it

debugger-agent: Unable to listen on 2928
Checking for leaked weakptr:
  Found no leaked weakptrs.
[Package Manager] Server process was shutdown
##utp:{"type":"MemoryLeaks","version":2,"phase":"Immediate","time":1785996897189,"processId":15024,"allocatedMemory":67619437,"memoryLabels":[{"Default":261255},{"Permanent":15516},{"NewDelete":81901},{"Thread":4197560},{"Manager":823461},{"VertexData":8},{"Geometry":816},{"Texture":24},{"Shader":859441},{"Material":61134},{"GfxDevice":55328},{"Animation":952},{"Audio":1544},{"FreeType":8},{"FontEngine":736},{"Physics":2146},{"Physics2D":16},{"Serialization":896832},{"Input":45280},{"JobScheduler":256},{"TextLib":57078},{"Mono":48},{"MonoCode":3072},{"ScriptingNativeRuntime":2878672},{"BaseObject":2151603},{"Resource":1208},{"Renderer":3080},{"Transform":4685},{"File":30738},{"WebCam":616},{"Culling":32},{"Terrain":11442},{"Wind":24},{"STL":40},{"String":10174},{"StaticString":3808},{"Utility":2673551},{"Curl":48},{"PoolAlloc":2936},{"AI":80},{"TypeTree":922761},{"CodeReload":448},{"RuntimeInitializeOnLoadManager":64},{"Sprites":102},{"SpriteAtlas":120},{"GI":7816},{"Director":8296},{"CloudService":6952},{"WebRequest":8524},{"VR":47114},{"SceneManager":608},{"Video":208},{"LazyScriptCache":32},{"NativeArray":33166512},{"Camera":17},{"Secure":265},{"SerializationCache":1576},{"APIUpdating":10320},{"Subsystems":336},{"VirtualTexturing":57888},{"StaticSafetyDebugInfo":278528},{"Analytics":552},{"Hierarchy":1176},{"UIElements":1130872},{"CoreStats":13688},{"Identifiers":13536},{"Gui":535791},{"EditorUtility":6609637},{"VersionControl":8},{"Undo":931},{"AssetDatabase":9605816},{"AssetImporter":40},{"EditorGi":328},{"UnityConnect":35346},{"Upm":1988},{"UpmDiagnostics":8},{"AssetCompliance":64},{"DrivenProperties":72},{"LocalIPC":218},{"ProfilerEditor":9746},{"CoreBusinessMetrics":2904},{"Windowing":456},{"Licensing":664},{"AssetReference":32},{"IPCStream":32}]}
