[Licensing::Module] Trying to connect to existing licensing client channel...
Built from '6000.5/staging' branch; Version is '6000.5.0f1 (88b47c5e7076) revision 8959100'; Using compiler version '194234433'; Build Type 'Release'
OS: 'Windows 11  (10.0.26200) Professional' Language: 'ja' Physical Memory: 16208 MB
BatchMode: 0, IsHumanControllingUs: 1, StartBugReporterOnCrash: 1, Is64bit: 1
System  architecture: x64
Process architecture: x64
Date: 2026-07-29T01:50:11Z
[Licensing::IpcConnector] Successfully connected to: "LicenseClient-ikesakutarou" at "2026-07-29T01:50:11.3068813Z"

COMMAND LINE ARGUMENTS:
C:\Program Files\Unity\Hub\Editor\6000.5.0f1\Editor\Unity.exe
-projectpath
C:\Users\ikesakutarou\t6-M6\Molkky
-acceptSoftwareTermsForThisRunOnly
-useHub
-hubIPC
-cloudEnvironment
production
-licensingIpc
LicenseClient-ikesakutarou
-hubSessionId
ee31b065-8f3c-4356-b9a0-0efae3a80279
-accessToken
bhIfc0iymkUHZzbmhFH8lF1Y-e-YIyS4OYO8P2NBk5g00ef
Successfully changed project path to: C:\Users\ikesakutarou\t6-M6\Molkky
C:/Users/ikesakutarou/t6-M6/Molkky
[UnityMemory] Configuration Parameters - Can be set up in boot.config
    "memorysetup-temp-allocator-size-gi-baking-worker=262144"
    "memorysetup-temp-allocator-size-gi-baking-worker=262144"
    "memorysetup-temp-allocator-size-gi-baking-worker=262144"
    "memorysetup-temp-allocator-size-gi-baking-worker=262144"
    "memorysetup-temp-allocator-size-gi-baking-worker=262144"
    "memorysetup-temp-allocator-size-nav-mesh-worker=65536"
    "memorysetup-temp-allocator-size-audio-worker=65536"
    "memorysetup-temp-allocator-size-cloud-worker=32768"
    "memorysetup-temp-allocator-size-gfx=262144"
    "memorysetup-temp-allocator-size-preload-manager=33554432"
    "memorysetup-allocator-temp-initial-block-size-main=262144"
    "memorysetup-allocator-temp-initial-block-size-worker=262144"
    "memorysetup-temp-allocator-size-job-worker=262144"
    "memorysetup-temp-allocator-size-background-worker=32768"
    "memorysetup-bucket-allocator-granularity=16"
    "memorysetup-bucket-allocator-bucket-count=8"
    "memorysetup-bucket-allocator-block-size=33554432"
    "memorysetup-bucket-allocator-block-count=8"
    "memorysetup-main-allocator-block-size=16777216"
    "memorysetup-thread-allocator-block-size=16777216"
    "memorysetup-main-allocator-mimalloc-enabled=0"
    "memorysetup-gfx-main-allocator-block-size=16777216"
    "memorysetup-gfx-thread-allocator-block-size=16777216"
    "memorysetup-cache-allocator-block-size=4194304"
    "memorysetup-typetree-allocator-block-size=2097152"
    "memorysetup-profiler-bucket-allocator-granularity=16"
    "memorysetup-profiler-bucket-allocator-bucket-count=8"
    "memorysetup-profiler-bucket-allocator-block-size=33554432"
    "memorysetup-profiler-bucket-allocator-block-count=8"
    "memorysetup-profiler-allocator-block-size=16777216"
    "memorysetup-profiler-editor-allocator-block-size=1048576"
    "memorysetup-temp-allocator-size-main=16777216"
    "memorysetup-job-temp-allocator-block-size=2097152"
    "memorysetup-job-temp-allocator-block-size-background=1048576"
    "memorysetup-job-temp-allocator-reduction-small-platforms=262144"
Player connection [3316]  Target information:

Player connection [3316]  * "[IP] 10.23.112.38 [Port] 55504 [Flags] 2 [Guid] 860667518 [EditorId] 860667518 [Version] 1048832 [Id] WindowsEditor(7,池朔太郎) [Debug] 1 [PackageName] WindowsEditor [ProjectName] Editor" 

Player connection [3316] Host joined multi-casting on [225.0.0.222:54997]...
Player connection [3316] Host joined alternative multi-casting on [225.0.0.222:34997]...
Input System module state changed to: Initialized.
[Physics::Module] Initialized fallback backend.
[Physics::Module] Id: 0xdecafbad
[Package Manager] Connected to IPC stream "Upm-8924" after 0.6 seconds.
[Licensing::Module] Licensing is not yet initialized.
[Licensing::Client] Error: HandshakeResponse reported an error:
	ResponseCode: 505
	ResponseStatus: Unsupported protocol version '1.18.1'.
[Licensing::Module] Error: Failed to handshake to channel: "LicenseClient-ikesakutarou"
[Licensing::IpcConnector] LicenseClient-ikesakutarou channel disconnected successfully.
[Licensing::IpcConnector] Channel LicenseClient-ikesakutarou-6000.5.0 doesn't exist
[Licensing::Module] Successfully launched the LicensingClient (PId: 1720)
Starting IPC server.
Waiting for clients to connect on \\.\pipe\Unity-LicenseClient-ikesakutarou-6000.5.0, press Ctrl-C to exit.
[Licensing::IpcConnector] Successfully connected to: "LicenseClient-ikesakutarou-6000.5.0" at "2026-07-29T01:50:17.3503815Z"
[Licensing::Client] Code 10 while verifying Licensing Client signature (process Id: 1720, path: "C:/Program Files/Unity/Hub/Editor/6000.5.0f1/Editor/Data/Resources/Licensing/Client/Unity.Licensing.Client.exe")
[Licensing::Module] LicensingClient has failed validation; ignoring
[Licensing::Client] Handshaking with LicensingClient:
  Version:                 1.18.1+9fbee8e
  Session Id:              cb22afd0a2b343e6b2f092885eaa3197
  Correlation Id:          7da0f9de91466910ea43c77b5964ec9f
  External correlation Id: 9087339929267881922
  Machine Id:              VZgJXSmVxX7U+tBjatLkCvjor/o=
[Licensing::Module] Successfully connected to LicensingClient on channel: "LicenseClient-ikesakutarou-6000.5.0" (connect: 1.29s, validation: 0.41s, handshake: 0.03s)
[Licensing::IpcConnector] Successfully connected to: "LicenseClient-ikesakutarou-6000.5.0-notifications" at "2026-07-29T01:50:17.788499Z"
[Licensing::Module] Connected to LicensingClient (PId: 1720, launch time: 0.01, total connection time: 1.72s)
[Licensing::Client] Successfully updated the access token
[Licensing::Module] Successfully updated the access token bhIfc0iymk...
[Licensing::Client] Successfully resolved entitlement details
[Licensing::Module] License group:
  Id: F4-S82E-258Q-RRPW-KWCH-XXXX
  Product: Unity Personal
  Type: ULF
  Expiration: Unlimited
[Licensing::Module] License group:
  Id: 15669559352791-UnityPersXXXX
  Product: Unity Personal
  Type: Assigned
  Expiration: Unlimited
[Licensing::Client] Successfully updated license, isAsync: True, time: 0.03
[Licensing::Client] Successfully resolved entitlement details
[Licensing::Module] License group:
  Id: F4-S82E-258Q-RRPW-KWCH-XXXX
  Product: Unity Personal
  Type: ULF
  Expiration: Unlimited
[Licensing::Module] License group:
  Id: 15669559352791-UnityPersXXXX
  Product: Unity Personal
  Type: Assigned
  Expiration: Unlimited
[Licensing::Module] Licensing Background thread has ended after 6.63s
[Licensing::Module] Licensing is initialized (took 5.61s).
[Licensing::Client] Successfully resolved entitlement details
[Licensing::Module] License group:
  Id: F4-S82E-258Q-RRPW-KWCH-XXXX
  Product: Unity Personal
  Type: ULF
  Expiration: Unlimited
[Licensing::Module] License group:
  Id: 15669559352791-UnityPersXXXX
  Product: Unity Personal
  Type: Assigned
  Expiration: Unlimited
Library Redirect Path: Library/
[Physics::Module] Selected backend.
[Physics::Module] Name: PhysX
[Physics::Module] Id: 0xf2b8ea05
[Physics::Module] SDK Version: 4.1.2
[Physics::Module] Integration Version: 1.0.0
[Physics::Module] Threading Mode: Multi-Threaded
Artifact Garbage Collection - Removed 1 unused hashed content files
Initialize engine version: 6000.5.0f1 (88b47c5e7076)
[Subsystems] Discovering subsystems at path C:/Program Files/Unity/Hub/Editor/6000.5.0f1/Editor/Data/Resources/UnitySubsystems
[Subsystems] Discovering subsystems at path C:/Users/ikesakutarou/t6-M6/Molkky/Assets
[D3D12 Device Filter] Vendor Name: Intel
[D3D12 Device Filter] Device Name: Intel(R) Iris(R) Xe Graphics
[D3D12 Device Filter] Driver Version: 32.0.101.6737
[D3D12 Device Filter] Feature Level: 12.1
[D3D12 Device Filter] Graphics Memory: 8104 MB
[D3D12 Device Filter] Processor Count: 12
[D3D12 Device Filter] Device Type: Integrated
[D3D12 Device Filter] D3D12 API denied by user filter: {"Vendor": "Intel", "Device Type:": Integrated}
GfxDevice: creating device client; kGfxThreadingModeThreaded
Direct3D:
    Version:  Direct3D 11.0 [level 11.1]
    Renderer: Intel(R) Iris(R) Xe Graphics (ID=0x46a8)
    Vendor:   Intel
    VRAM:     8104 MB
    Driver:   32.0.101.6737
Initialize mono
Mono path[0] = 'C:/Program Files/Unity/Hub/Editor/6000.5.0f1/Editor/Data/Managed'
Mono path[1] = 'C:/Program Files/Unity/Hub/Editor/6000.5.0f1/Editor/Data/BCLExtensions/runtime/netstandard2.1'
Mono path[2] = 'C:/Program Files/Unity/Hub/Editor/6000.5.0f1/Editor/Data/MonoBleedingEdge/lib/mono/unityjit-win32'
Mono config path = 'C:/Program Files/Unity/Hub/Editor/6000.5.0f1/Editor/Data/MonoBleedingEdge/etc'
Using monoOptions --debugger-agent=transport=dt_socket,embedding=1,server=y,suspend=n,address=127.0.0.1:56924
CodeReloadManager initialized
ImportWorker Server TCP listen port: 0
AcceleratorClientConnectionCallback - disconnected - :0
Begin MonoManager ReloadAssembly
Registering precompiled unity dll's ...
Register platform support module: C:/Program Files/Unity/Hub/Editor/6000.5.0f1/Editor/Data/PlaybackEngines/WebGLSupport/UnityEditor.WebGL.Extensions.dll
Register platform support module: C:/Program Files/Unity/Hub/Editor/6000.5.0f1/Editor/Data/PlaybackEngines/WindowsStandaloneSupport/UnityEditor.WindowsStandalone.Extensions.dll
Registered in 0.007633 seconds.
Native extension for WindowsStandalone target not found
Native extension for WebGL target not found
Package Manager log level set to [2]
ScheduleIndexationOnStartup MainProcess:False IndexOnStartup:True
Mono: successfully reloaded assembly
- Finished resetting the current domain, in  0.921 seconds
Domain Reload Profiling: 2022ms
	BeginReloadAssembly (257ms)
		CreateAndSetChildDomain (19ms)
	RebuildCommonClasses (9ms)
	RebuildNativeTypeToScriptingClass (57ms)
	initialDomainReloadingComplete (189ms)
	LoadAllAssembliesAndSetupDomain (584ms)
		LoadAssemblies (237ms)
		AnalyzeDomain (433ms)
			TypeCache.Refresh (429ms)
				TypeCache.ScanAssembly (398ms)
	FinalizeReload (926ms)
		SetupLoadedEditorAssemblies (0ms)
			InitializePlatformSupportModulesInManaged (5ms)
			BeforeProcessingInitializeOnLoad (168ms)
			ProcessInitializeOnLoadAttributes (264ms)
			ProcessInitializeOnLoadMethodAttributes (314ms)
[Licensing::Client] Successfully resolved entitlement details
[Licensing::Module] License group:
  Id: F4-S82E-258Q-RRPW-KWCH-XXXX
  Product: Unity Personal
  Type: ULF
  Expiration: Unlimited
[Licensing::Module] License group:
  Id: 15669559352791-UnityPersXXXX
  Product: Unity Personal
  Type: Assigned
  Expiration: Unlimited
Application.AssetDatabase Initial Refresh Start
[Package Manager] Restoring resolved packages state from cache
[Licensing::Client] Successfully resolved entitlement details
[Package Manager] Registered 64 packages:
  Packages from [https://packages.unity.com]:
    com.unity.ai.assistant@2.13.0-pre.2 (location: C:\Users\ikesakutarou\t6-M6\Molkky\Library\PackageCache\com.unity.ai.assistant@6fee27370e6a)
    com.unity.ai.inference@2.6.1 (location: C:\Users\ikesakutarou\t6-M6\Molkky\Library\PackageCache\com.unity.ai.inference@9a123aee5df7)
    com.unity.ai.navigation@2.0.13 (location: C:\Users\ikesakutarou\t6-M6\Molkky\Library\PackageCache\com.unity.ai.navigation@42d896194035)
    com.unity.collab-proxy@2.12.4 (location: C:\Users\ikesakutarou\t6-M6\Molkky\Library\PackageCache\com.unity.collab-proxy@0b1559bcd34e)
    com.unity.ide.rider@3.0.38 (location: C:\Users\ikesakutarou\t6-M6\Molkky\Library\PackageCache\com.unity.ide.rider@1f60b3138684)
    com.unity.ide.visualstudio@2.0.26 (location: C:\Users\ikesakutarou\t6-M6\Molkky\Library\PackageCache\com.unity.ide.visualstudio@a99d56dec63f)
    com.unity.inputsystem@1.19.0 (location: C:\Users\ikesakutarou\t6-M6\Molkky\Library\PackageCache\com.unity.inputsystem@21a28c3a6c83)
    com.unity.probuilder@6.0.9 (location: C:\Users\ikesakutarou\t6-M6\Molkky\Library\PackageCache\com.unity.probuilder@1f279ab829b7)
    com.unity.timeline@1.8.12 (location: C:\Users\ikesakutarou\t6-M6\Molkky\Library\PackageCache\com.unity.timeline@8cd8509afae5)
    com.unity.visualscripting@1.9.11 (location: C:\Users\ikesakutarou\t6-M6\Molkky\Library\PackageCache\com.unity.visualscripting@8bed5ad90189)
    com.unity.settings-manager@2.1.1 (location: C:\Users\ikesakutarou\t6-M6\Molkky\Library\PackageCache\com.unity.settings-manager@0b8638c5ce86)
    com.unity.burst@1.8.29 (location: C:\Users\ikesakutarou\t6-M6\Molkky\Library\PackageCache\com.unity.burst@6bb9aca3ef38)
    com.unity.dt.app-ui@2.1.7 (location: C:\Users\ikesakutarou\t6-M6\Molkky\Library\PackageCache\com.unity.dt.app-ui@b097002a00c2)
    com.unity.nuget.newtonsoft-json@3.2.2 (location: C:\Users\ikesakutarou\t6-M6\Molkky\Library\PackageCache\com.unity.nuget.newtonsoft-json@4dfd81071c64)
    com.unity.nuget.mono-cecil@1.11.6 (location: C:\Users\ikesakutarou\t6-M6\Molkky\Library\PackageCache\com.unity.nuget.mono-cecil@ecb9724e46ff)
    com.unity.searcher@4.9.4 (location: C:\Users\ikesakutarou\t6-M6\Molkky\Library\PackageCache\com.unity.searcher@d45a78918735)
    com.unity.test-framework.performance@3.5.0 (location: C:\Users\ikesakutarou\t6-M6\Molkky\Library\PackageCache\com.unity.test-framework.performance@8b56083ec0f0)
  Built-in packages:
    com.unity.multiplayer.center@1.0.1 (location: C:\Users\ikesakutarou\t6-M6\Molkky\Library\PackageCache\com.unity.multiplayer.center@b860850997d0)
    com.unity.render-pipelines.universal@17.5.0 (location: C:\Users\ikesakutarou\t6-M6\Molkky\Library\PackageCache\com.unity.render-pipelines.universal@0c18adc4ff89)
    com.unity.test-framework@1.7.0 (location: C:\Users\ikesakutarou\t6-M6\Molkky\Library\PackageCache\com.unity.test-framework@f3e6c9a02477)
    com.unity.ugui@2.5.0 (location: C:\Users\ikesakutarou\t6-M6\Molkky\Library\PackageCache\com.unity.ugui@4f9b15fd1386)
    com.unity.modules.accessibility@1.0.0 (location: C:\Users\ikesakutarou\t6-M6\Molkky\Library\PackageCache\com.unity.modules.accessibility)
    com.unity.modules.adaptiveperformance@1.0.0 (location: C:\Users\ikesakutarou\t6-M6\Molkky\Library\PackageCache\com.unity.modules.adaptiveperformance)
    com.unity.modules.ai@1.0.0 (location: C:\Users\ikesakutarou\t6-M6\Molkky\Library\PackageCache\com.unity.modules.ai)
    com.unity.modules.androidjni@1.0.0 (location: C:\Users\ikesakutarou\t6-M6\Molkky\Library\PackageCache\com.unity.modules.androidjni)
    com.unity.modules.animation@1.0.0 (location: C:\Users\ikesakutarou\t6-M6\Molkky\Library\PackageCache\com.unity.modules.animation)
    com.unity.modules.assetbundle@1.0.0 (location: C:\Users\ikesakutarou\t6-M6\Molkky\Library\PackageCache\com.unity.modules.assetbundle)
    com.unity.modules.audio@1.0.0 (location: C:\Users\ikesakutarou\t6-M6\Molkky\Library\PackageCache\com.unity.modules.audio)
    com.unity.modules.cloth@1.0.0 (location: C:\Users\ikesakutarou\t6-M6\Molkky\Library\PackageCache\com.unity.modules.cloth)
    com.unity.modules.director@1.0.0 (location: C:\Users\ikesakutarou\t6-M6\Molkky\Library\PackageCache\com.unity.modules.director)
    com.unity.modules.imageconversion@1.0.0 (location: C:\Users\ikesakutarou\t6-M6\Molkky\Library\PackageCache\com.unity.modules.imageconversion)
    com.unity.modules.imgui@1.0.0 (location: C:\Users\ikesakutarou\t6-M6\Molkky\Library\PackageCache\com.unity.modules.imgui)
    com.unity.modules.jsonserialize@1.0.0 (location: C:\Users\ikesakutarou\t6-M6\Molkky\Library\PackageCache\com.unity.modules.jsonserialize)
    com.unity.modules.particlesystem@1.0.0 (location: C:\Users\ikesakutarou\t6-M6\Molkky\Library\PackageCache\com.unity.modules.particlesystem)
    com.unity.modules.physics@1.0.0 (location: C:\Users\ikesakutarou\t6-M6\Molkky\Library\PackageCache\com.unity.modules.physics)
    com.unity.modules.physics2d@1.0.0 (location: C:\Users\ikesakutarou\t6-M6\Molkky\Library\PackageCache\com.unity.modules.physics2d)
    com.unity.modules.physicscore2d@1.0.0 (location: C:\Users\ikesakutarou\t6-M6\Molkky\Library\PackageCache\com.unity.modules.physicscore2d)
    com.unity.modules.screencapture@1.0.0 (location: C:\Users\ikesakutarou\t6-M6\Molkky\Library\PackageCache\com.unity.modules.screencapture)
    com.unity.modules.terrain@1.0.0 (location: C:\Users\ikesakutarou\t6-M6\Molkky\Library\PackageCache\com.unity.modules.terrain)
    com.unity.modules.terrainphysics@1.0.0 (location: C:\Users\ikesakutarou\t6-M6\Molkky\Library\PackageCache\com.unity.modules.terrainphysics)
    com.unity.modules.tilemap@1.0.0 (location: C:\Users\ikesakutarou\t6-M6\Molkky\Library\PackageCache\com.unity.modules.tilemap)
    com.unity.modules.ui@1.0.0 (location: C:\Users\ikesakutarou\t6-M6\Molkky\Library\PackageCache\com.unity.modules.ui)
    com.unity.modules.uielements@1.0.0 (location: C:\Users\ikesakutarou\t6-M6\Molkky\Library\PackageCache\com.unity.modules.uielements)
    com.unity.modules.umbra@1.0.0 (location: C:\Users\ikesakutarou\t6-M6\Molkky\Library\PackageCache\com.unity.modules.umbra)
    com.unity.modules.unityanalytics@1.0.0 (location: C:\Users\ikesakutarou\t6-M6\Molkky\Library\PackageCache\com.unity.modules.unityanalytics)
    com.unity.modules.unitywebrequest@1.0.0 (location: C:\Users\ikesakutarou\t6-M6\Molkky\Library\PackageCache\com.unity.modules.unitywebrequest)
    com.unity.modules.unitywebrequestassetbundle@1.0.0 (location: C:\Users\ikesakutarou\t6-M6\Molkky\Library\PackageCache\com.unity.modules.unitywebrequestassetbundle)
    com.unity.modules.unitywebrequestaudio@1.0.0 (location: C:\Users\ikesakutarou\t6-M6\Molkky\Library\PackageCache\com.unity.modules.unitywebrequestaudio)
    com.unity.modules.unitywebrequesttexture@1.0.0 (location: C:\Users\ikesakutarou\t6-M6\Molkky\Library\PackageCache\com.unity.modules.unitywebrequesttexture)
    com.unity.modules.unitywebrequestwww@1.0.0 (location: C:\Users\ikesakutarou\t6-M6\Molkky\Library\PackageCache\com.unity.modules.unitywebrequestwww)
    com.unity.modules.vectorgraphics@1.0.0 (location: C:\Users\ikesakutarou\t6-M6\Molkky\Library\PackageCache\com.unity.modules.vectorgraphics)
    com.unity.modules.vehicles@1.0.0 (location: C:\Users\ikesakutarou\t6-M6\Molkky\Library\PackageCache\com.unity.modules.vehicles)
    com.unity.modules.video@1.0.0 (location: C:\Users\ikesakutarou\t6-M6\Molkky\Library\PackageCache\com.unity.modules.video)
    com.unity.modules.wind@1.0.0 (location: C:\Users\ikesakutarou\t6-M6\Molkky\Library\PackageCache\com.unity.modules.wind)
    com.unity.modules.xr@1.0.0 (location: C:\Users\ikesakutarou\t6-M6\Molkky\Library\PackageCache\com.unity.modules.xr)
    com.unity.modules.subsystems@1.0.0 (location: C:\Users\ikesakutarou\t6-M6\Molkky\Library\PackageCache\com.unity.modules.subsystems)
    com.unity.modules.hierarchycore@1.0.0 (location: C:\Users\ikesakutarou\t6-M6\Molkky\Library\PackageCache\com.unity.modules.hierarchycore)
    com.unity.ext.nunit@2.1.0 (location: C:\Users\ikesakutarou\t6-M6\Molkky\Library\PackageCache\com.unity.ext.nunit@44f7d31723bd)
    com.unity.render-pipelines.core@17.5.0 (location: C:\Users\ikesakutarou\t6-M6\Molkky\Library\PackageCache\com.unity.render-pipelines.core@f43b729f1f6e)
    com.unity.shadergraph@17.5.0 (location: C:\Users\ikesakutarou\t6-M6\Molkky\Library\PackageCache\com.unity.shadergraph@3fa956880a81)
    com.unity.render-pipelines.universal-config@17.5.0 (location: C:\Users\ikesakutarou\t6-M6\Molkky\Library\PackageCache\com.unity.render-pipelines.universal-config@fdda01c80fe3)
    com.unity.collections@6.5.0 (location: C:\Users\ikesakutarou\t6-M6\Molkky\Library\PackageCache\com.unity.collections@a43cabe808ca)
    com.unity.2d.sprite@1.0.0 (location: C:\Users\ikesakutarou\t6-M6\Molkky\Library\PackageCache\com.unity.2d.sprite@053a968eab56)
    com.unity.mathematics@1.4.0 (location: C:\Users\ikesakutarou\t6-M6\Molkky\Library\PackageCache\com.unity.mathematics@981956d94fb6)
[Subsystems] No new subsystems found in resolved package list.
[Package Manager] Done registering packages in 0.24 seconds
info: Microsoft.Hosting.Lifetime[14]
      Now listening on: http://localhost:80
info: Microsoft.Hosting.Lifetime[0]
      Application started. Press Ctrl+C to shut down.
info: Microsoft.Hosting.Lifetime[0]
      Hosting environment: Production
info: Microsoft.Hosting.Lifetime[0]
      Content root path: C:\Users\ikesakutarou\t6-M6\Molkky
info: Microsoft.AspNetCore.Hosting.Diagnostics[1]
      Request starting HTTP/2 POST http://ilpp/UnityILPP.PostProcessing/Ping - application/grpc -
info: Microsoft.AspNetCore.Routing.EndpointMiddleware[0]
      Executing endpoint 'gRPC - /UnityILPP.PostProcessing/Ping'
info: Microsoft.AspNetCore.Routing.EndpointMiddleware[1]
      Executed endpoint 'gRPC - /UnityILPP.PostProcessing/Ping'
info: Microsoft.AspNetCore.Hosting.Diagnostics[2]
      Request finished HTTP/2 POST http://ilpp/UnityILPP.PostProcessing/Ping - 200 - application/grpc 73.3524ms
Refreshing native plugins compatible for Editor in 15.21 ms, found 5 plugins.
Starting: C:\Program Files\Unity\Hub\Editor\6000.5.0f1\Editor\Data\Tools\BuildPipeline\bee_backend.exe --ipc --defer-dag-verification --dagfile="Library/Bee/1900b0aE.dag" --continue-on-failure --profile="Library/Bee/backend1.traceevents" ScriptAssemblies
WorkingDir: C:/Users/ikesakutarou/t6-M6/Molkky
info: Microsoft.AspNetCore.Hosting.Diagnostics[1]
      Request starting HTTP/2 POST http://ilpp/UnityILPP.PostProcessing/ConfigurePostProcessors - application/grpc -
info: Microsoft.AspNetCore.Routing.EndpointMiddleware[0]
      Executing endpoint 'gRPC - /UnityILPP.PostProcessing/ConfigurePostProcessors'
warn: Unity.ILPP.Runner.PostProcessingAssemblyLoadContext[0]
      Assembly system.runtime.interopservices.windowsruntime has duplicate hint path. Ignoring "C:\Program Files\Unity\Hub\Editor\6000.5.0f1\Editor\Data\UnityReferenceAssemblies\unity-4.8-api\Facades\System.Runtime.InteropServices.WindowsRuntime.dll" in favor of "C:\Program Files\Unity\Hub\Editor\6000.5.0f1\Editor\Data\NetStandard\Extensions\2.0.0\System.Runtime.InteropServices.WindowsRuntime.dll"
warn: Unity.ILPP.Runner.PostProcessingAssemblyLoadContext[0]
      Assembly system.componentmodel.composition has duplicate hint path. Ignoring "C:\Program Files\Unity\Hub\Editor\6000.5.0f1\Editor\Data\UnityReferenceAssemblies\unity-4.8-api\System.ComponentModel.Composition.dll" in favor of "C:\Program Files\Unity\Hub\Editor\6000.5.0f1\Editor\Data\NetStandard\compat\2.1.0\shims\netfx\System.ComponentModel.Composition.dll"
info: Unity.ILPP.Runner.PostProcessingAssemblyLoadContext[0]
      Resolved Unity.Burst.Cecil, Version=0.11.6.0, Culture=neutral, PublicKeyToken=50cebf1cceb9d05e with Library\PackageCache\com.unity.burst@6bb9aca3ef38\Unity.Burst.CodeGen\Unity.Burst.Cecil.dll
info: Unity.ILPP.Runner.PostProcessingAssemblyLoadContext[0]
      Resolved Mono.Cecil, Version=0.11.5.0, Culture=neutral, PublicKeyToken=50cebf1cceb9d05e with Library\PackageCache\com.unity.nuget.mono-cecil@ecb9724e46ff\Mono.Cecil.dll
info: Microsoft.AspNetCore.Routing.EndpointMiddleware[1]
      Executed endpoint 'gRPC - /UnityILPP.PostProcessing/ConfigurePostProcessors'
info: Microsoft.AspNetCore.Hosting.Diagnostics[2]
      Request finished HTTP/2 POST http://ilpp/UnityILPP.PostProcessing/ConfigurePostProcessors - 200 - application/grpc 283.9026ms
ExitCode: 0 Duration: 0s985ms
[1249/1640  0s] ILPP-Configuration Library/ilpp-configuration.nevergeneratedoutput
*** Tundra build success (0.89 seconds), 1 items updated, 1640 evaluated
AssetDatabase: script compilation time: 2.242118s
Total cache size 266817116
Total cache size after purge 266817116, took 00:00:00.5275852
Begin MonoManager ReloadAssembly
Symbol file LoadedFromMemory is not a mono symbol file
Symbol file LoadedFromMemory is not a mono symbol file
Refreshing native plugins compatible for Editor in 14.90 ms, found 5 plugins.
Native extension for WindowsStandalone target not found
Native extension for WebGL target not found
Refreshing native plugins compatible for Editor in 18.00 ms, found 5 plugins.
[MODES] ModeService[none].Initialize
[MODES] ModeService[none].LoadModes
[MODES] Loading mode Default (0) for mode-current-id-Molkky
[Licensing::Client] Error: Code 404 while processing request (status: Found 0 entitlement groups and 0 free entitlements matching requested entitlement ids)
ScheduleIndexationOnStartup MainProcess:True IndexOnStartup:True
Mono: successfully reloaded assembly
- Finished resetting the current domain, in 10.515 seconds
Domain Reload Profiling: 13579ms
	BeginReloadAssembly (451ms)
		DisableScriptedObjects (64ms)
		CreateAndSetChildDomain (76ms)
	RebuildCommonClasses (17ms)
	RebuildNativeTypeToScriptingClass (28ms)
	initialDomainReloadingComplete (369ms)
	LoadAllAssembliesAndSetupDomain (2198ms)
		LoadAssemblies (1267ms)
		AnalyzeDomain (873ms)
			TypeCache.Refresh (676ms)
				TypeCache.ScanAssembly (637ms)
			BuildScriptInfoCaches (175ms)
			ResolveRequiredComponents (15ms)
	FinalizeReload (10517ms)
		SetupLoadedEditorAssemblies (0ms)
			InitializePlatformSupportModulesInManaged (3ms)
			BeforeProcessingInitializeOnLoad (236ms)
			ProcessInitializeOnLoadAttributes (7892ms)
			ProcessInitializeOnLoadMethodAttributes (1498ms)
			AfterProcessingInitializeOnLoad (10ms)
		AwakeInstancesAfterBackupRestoration (50ms)
Starting new worker id: 0 with log in C:/Users/ikesakutarou/t6-M6/Molkky/Logs/AssetImportWorkerHW0.log

Asset Pipeline Refresh (id=b363304c9eed7434996c7b01b30c9dbf): Total: 18.779 seconds - Initiated by InitialRefreshV2(ForceSynchronousImport)
	(Values over 0.05ms)
	Summary:
		Imports: total=0 (actual=0, local cache=0, cache server=0)
		Asset DB Process Time: managed=0 ms, native=12429 ms
		Asset DB Callback time: managed=188 ms, native=254 ms
		Scripting: domain reloads=1, domain reload time=3437 ms, compile time=2245 ms, other=222 ms
		Project Asset Count: scripts=2160, non-scripts=5551
		Asset File Changes: new=0, changed=0, moved=0, deleted=0
		Scan Filter Count: 0
	InvokePackagesCallback: 266.350ms
	ApplyChangesToAssetFolders: 1.369ms
	Scan: 424.470ms
	Collect global state as custom dependencies: 6.813ms
	CategorizeScriptCompilationAssets: 189.774ms
	ProcessAssetsWithTransientArtifactChanges: 261.298ms
	CategorizeAssets: 194.990ms
	CompileScripts: 2245.049ms
	ImportOutOfDateAssets: 10774.239ms (10589.177ms without children)
		ReloadNativeAssets: 0.093ms
		UnloadImportedAssets: 1.430ms
		EnsureUptoDateAssetsAreRegisteredWithGuidPM: 2.292ms
		ImportSchedulerStart: 181.237ms
	PostProcessAllAssets: 189.106ms
		MonoPostProcessAllAssets: 188.971ms
			UniversalRenderPipelineGlobalSettingsPostprocessor.OnPostprocessAllAssets 27.562ms
			SyncVS.PostprocessSyncProject 25.033ms
			WindowAssetPostprocessingWatcher.OnPostprocessAllAssets 5.272ms
			GraphRefreshPostprocessor.OnPostprocessAllAssets 4.839ms
			SpeedTree9Postprocessor.OnPostprocessAllAssets 3.835ms
			AssetChangeDetector.OnPostprocessAllAssets 2.678ms
			RenderPipelineGlobalSettingsPostprocessor.OnPostprocessAllAssets 2.074ms
			ReferencedClipsPostProcessor.OnPostprocessAllAssets 1.092ms
			ShaderReflectionAssetPostProcessor.OnPostprocessAllAssets 0.810ms
			AssetDatabaseCallbacks.OnPostprocessAllAssets 0.589ms
			InputActionAssetPostprocessor.OnPostprocessAllAssets 0.529ms
			ProjectSettingsPostprocessor.OnPostprocessAllAssets 0.476ms
			TerrainToolbarOverlayPostProcessor.OnPostprocessAllAssets 0.431ms
	UnloadStreamsBegin: 9.370ms
	PersistCurrentRevisions: 0.550ms
	GenerateScriptTypeHashes: 5.570ms
	GenerateScriptTypeSerializationHashes: 10.140ms
	Untracked: 4192.499ms

Application.AssetDatabase Initial Refresh End
Launched and connected shader compiler UnityShaderCompiler.exe after 0.05 seconds
Scanning for USB devices : 2.249ms
Initializing Unity extensions:
Unloading 72 Unused Serialized files (Serialized files now loaded: 0)
Loaded scene 'Assets/Scenes/GameScene.unity'
	Deserialize:            120.346 ms
	Integration:            853.131 ms
	Integration of assets:  9.875 ms
	Thread Wait Time:       -1.507 ms
	Total Operation Time:   981.845 ms
Unloading 10423 unused Assets / (20.9 MB). Loaded Objects now: 11638.
Memory consumption went from 0.57 GB to 0.55 GB.
Total: 66.057300 ms (FindLiveObjects: 2.251400 ms CreateObjectMapping: 11.501600 ms MarkObjects: 31.413000 ms  DeleteObjects: 20.884200 ms)

[LAYOUT] About to load UserSettings\Layouts\default-6000.dwlt, keepMainWindow=False
Worker ready: AssetImportWorkerHW0 0
[LAYOUT] About to save layout C:\Users\ikesakutarou\t6-M6\Molkky\UserSettings\Layouts\default-6000.dwlt
[LAYOUT] About to save layout C:/Users/ikesakutarou/AppData/Roaming/Unity/Editor-5.x/Preferences\Layouts\current\default-6000.dwlt
[MODES] ModeService[default].InitializeCurrentMode
[MODES] ModeService[default].RaiseModeChanged(default, default)
<RI> Initializing input.
Using Windows.Gaming.Input
[Project] Loading completed in 37.394 seconds
	Project init time: 				33.754 seconds
		Template init time: 		0.000 seconds
		Package Manager init time: 		6.249 seconds
		Asset Database init time: 		1.336 seconds
		Global illumination init time: 	0.008 seconds
		Assemblies load time: 			2.174 seconds
		Unity extensions init time: 	0.061 seconds
		Asset Database refresh time: 	18.779 seconds
	Scene opening time: 			3.123 seconds
##utp:{"type":"ProjectInfo","version":2,"phase":"Immediate","time":1785289848664,"processId":8924,"projectLoad":37.3939889,"projectInit":33.7536598,"templateInit":0.0,"packageManagerInit":6.2490085,"assetDatabaseInit":1.3360457,"globalIlluminationInit":0.0075227,"assembliesLoad":2.17388,"unityExtensionsInit":0.0607796,"assetDatabaseRefresh":18.7790219,"sceneOpening":3.1225377}
##utp:{"type":"EditorInfo","version":2,"phase":"Immediate","time":1785289848664,"processId":8924,"editorVersion":"6000.5.0f1 (88b47c5e7076)","branch":"6000.5/staging","buildType":"Release","platform":"Windows"}

Asset Pipeline Refresh (id=32a16a2dacb38004c93488a158a62429): Total: 0.397 seconds - Initiated by RefreshV2(AllowForceSynchronousImport)
	(Values over 0.05ms)
	Summary:
		Imports: total=0 (actual=0, local cache=0, cache server=0)
		Asset DB Process Time: managed=0 ms, native=393 ms
		Asset DB Callback time: managed=0 ms, native=2 ms
		Scripting: domain reloads=0, domain reload time=0 ms, compile time=0 ms, other=0 ms
		Project Asset Count: scripts=2160, non-scripts=5551
		Asset File Changes: new=0, changed=0, moved=0, deleted=0
		Scan Filter Count: 0
	InvokePackagesCallback: 7.448ms
	ApplyChangesToAssetFolders: 0.426ms
	Collect global state as custom dependencies: 0.266ms
	ProcessAssetsWithTransientArtifactChanges: 0.247ms
	CategorizeAssets: 144.614ms
	CompileScripts: 0.078ms
	ImportOutOfDateAssets: 142.168ms (24.815ms without children)
		ReloadNativeAssets: 0.113ms
		UnloadImportedAssets: 0.426ms
		EnsureUptoDateAssetsAreRegisteredWithGuidPM: 1.744ms
		ImportSchedulerStart: 115.063ms
	GatherAllCurrentPrimaryImportResultRevisions: 1.191ms
	UnloadStreamsBegin: 4.205ms
	PersistCurrentRevisions: 0.522ms
	Untracked: 79.944ms

Start Indexing on Editor startup
[Indexing] Starting Initial Indexing for Assets
[INFO ] [relay] relay.startup port=9001 mcpClientPort=9002 editorPid=8924
[INFO ] [relay] log === RELAY SERVER STARTED === (unity-ai-relay v1.0.12-build.96)
[INFO ] [relay] log Starting relay server...
[INFO ] [relay] log Command line arguments: ["bun","B:/~BUN/root/relay_win.exe","--relay","--port","9001","--mcp-client-port","9002","--editor-pid","8924","--shutdown-delay","180","--log-dir","C:\\Users\\ikesakutarou\\t6-M6\\Molkky\\Logs"]
[INFO ] [relay] log Parsed config: {"port":9001,"mcpClientPort":9002,"editorPid":"8924","shutdownDelaySeconds":180}
[INFO ] [relay] log Initializing relay components...
[INFO ] [relay] log Creating RelayEditor...
[INFO ] [relay] log WebSocket server started
[INFO ] [relay] log Relay server initialization completed
[INFO ] [relay] log MCP Client initialized at port: 9002
[WARN ] [relay] log [shell-env] Shell environment did not contain a PATH variable
[INFO ] [relay] log Unity MCP Relay server started | Port: 9002 | Endpoints: /mcp/start-server, /mcp/stop-server, /mcp/server-status, /mcp/call-tool
[INFO ] [relay] log Unity client connected with ID: editor-8924-widk5y (relay 1.0.12-build.96)
[INFO ] [relay] connection.established clientId=editor-8924-widk5y port=9001
Created GICache directory at C:/Users/ikesakutarou/AppData/LocalLow/Unity/Caches/GiCache. Took: 0.053s, timestamps: [37.842 - 37.895]
[Licensing::Client] Successfully resolved entitlement details
[Licensing::Client] Successfully resolved entitlement details
[Licensing::Client] Successfully resolved entitlement details
[Licensing::Client] Successfully resolved entitlement details
Request Asset Garbage Collect because used heap size increased from 0.55 GB to 0.80 GB, exceeding the threshold of 256.0 MB.
Unloading 47 Unused Serialized files (Serialized files now loaded: 0)
[Licensing::Client] Successfully updated the access token
[Licensing::Module] Successfully updated access token: "bhIfc0iy"... (expires: 2026-07-29T03:41:12Z)
Unloading 77 unused Assets / (17.0 MB). Loaded Objects now: 12916.
Memory consumption went from 1.22 GB to 1.21 GB.
Total: 85.992800 ms (FindLiveObjects: 1.576100 ms CreateObjectMapping: 4.761900 ms MarkObjects: 71.401300 ms  DeleteObjects: 8.250400 ms)

UPID Received 'ca0305d8-fd50-418a-928d-79e1b140c2d6'.
[Licensing::Client] Error: Code 404 while processing request (status: Found 0 entitlement groups and 0 free entitlements matching requested entitlement ids)
[Licensing::Client] Error: Code 404 while processing request (status: Found 0 entitlement groups and 0 free entitlements matching requested entitlement ids)
[Licensing::Client] Error: Code 404 while processing request (status: Found 0 entitlement groups and 0 free entitlements matching requested entitlement ids)
[Licensing::Client] Error: Code 404 while processing request (status: Found 0 entitlement groups and 0 free entitlements matching requested entitlement ids)
[Licensing::Client] Error: Code 404 while processing request (status: Found 0 entitlement groups and 0 free entitlements matching requested entitlement ids)
[Licensing::Client] Error: Code 404 while processing request (status: Found 0 entitlement groups and 0 free entitlements matching requested entitlement ids)
[Licensing::Client] Error: Code 404 while processing request (status: Found 0 entitlement groups and 0 free entitlements matching requested entitlement ids)
[Licensing::Client] Error: Code 404 while processing request (status: Found 0 entitlement groups and 0 free entitlements matching requested entitlement ids)
[Licensing::Client] Error: Code 404 while processing request (status: Found 0 entitlement groups and 0 free entitlements matching requested entitlement ids)
[Licensing::Client] Error: Code 404 while processing request (status: Found 0 entitlement groups and 0 free entitlements matching requested entitlement ids)
[Licensing::Client] Error: Code 404 while processing request (status: Found 0 entitlement groups and 0 free entitlements matching requested entitlement ids)
[Licensing::Client] Error: Code 404 while processing request (status: Found 0 entitlement groups and 0 free entitlements matching requested entitlement ids)
[Licensing::Client] Error: Code 404 while processing request (status: Found 0 entitlement groups and 0 free entitlements matching requested entitlement ids)
[Licensing::Client] Error: Code 404 while processing request (status: Found 0 entitlement groups and 0 free entitlements matching requested entitlement ids)
[Licensing::Client] Error: Code 404 while processing request (status: Found 0 entitlement groups and 0 free entitlements matching requested entitlement ids)
Error reason is 'NoSubscription' and no additional error information was provided (https://generators.ai.unity.com).
UnityEngine.Debug:ExtractStackTraceNoAlloc (byte*,int,string)
UnityEngine.StackTraceUtility:ExtractStackTrace ()
UnityEngine.DebugLogHandler:Internal_Log (UnityEngine.LogType,UnityEngine.LogOption,string,UnityEngine.Object)
UnityEngine.DebugLogHandler:LogFormat (UnityEngine.LogType,UnityEngine.Object,string,object[])
UnityEngine.Logger:Log (UnityEngine.LogType,object)
UnityEngine.Debug:Log (object)
Unity.AI.ModelSelector.Services.Stores.Actions.ModelSelectorSuperProxyActions/<>c/<<-cctor>b__8_0>d:MoveNext () (at ./Library/PackageCache/com.unity.ai.assistant@6fee27370e6a/Modules/Unity.AI.ModelSelector/Services/Stores/Actions/ModelSelectorSuperProxyActions.cs:487)
System.Runtime.CompilerServices.AsyncMethodBuilderCore/MoveNextRunner:InvokeMoveNext (object)
System.Threading.ExecutionContext:RunInternal (System.Threading.ExecutionContext,System.Threading.ContextCallback,object,bool)
System.Threading.ExecutionContext:Run (System.Threading.ExecutionContext,System.Threading.ContextCallback,object,bool)
System.Runtime.CompilerServices.AsyncMethodBuilderCore/MoveNextRunner:Run ()
System.Threading.Tasks.AwaitTaskContinuation:InvokeAction (object)
System.Threading.Tasks.AwaitTaskContinuation:RunCallback (System.Threading.ContextCallback,object,System.Threading.Tasks.Task&)
System.Threading.Tasks.SynchronizationContextAwaitTaskContinuation:Run (System.Threading.Tasks.Task,bool)
System.Threading.Tasks.Task:FinishContinuations ()
System.Threading.Tasks.Task:FinishStageThree ()
System.Threading.Tasks.Task`1<AiEditorToolsSdk.Components.Common.Responses.Wrappers.OperationResult`1<AiEditorToolsSdk.Components.GenerativeModels.Responses.ModelListV2.ModelListFullResult>>:TrySetResult (AiEditorToolsSdk.Components.Common.Responses.Wrappers.OperationResult`1<AiEditorToolsSdk.Components.GenerativeModels.Responses.ModelListV2.ModelListFullResult>)
System.Runtime.CompilerServices.AsyncTaskMethodBuilder`1<AiEditorToolsSdk.Components.Common.Responses.Wrappers.OperationResult`1<AiEditorToolsSdk.Components.GenerativeModels.Responses.ModelListV2.ModelListFullResult>>:SetResult (AiEditorToolsSdk.Components.Common.Responses.Wrappers.OperationResult`1<AiEditorToolsSdk.Components.GenerativeModels.Responses.ModelListV2.ModelListFullResult>)
AiEditorToolsSdk.Components.GenerativeModels.GenerativeModelsComponentV2/<GetModelsAsync>d__5:MoveNext ()
System.Runtime.CompilerServices.AsyncMethodBuilderCore/MoveNextRunner:InvokeMoveNext (object)
System.Threading.ExecutionContext:RunInternal (System.Threading.ExecutionContext,System.Threading.ContextCallback,object,bool)
System.Threading.ExecutionContext:Run (System.Threading.ExecutionContext,System.Threading.ContextCallback,object,bool)
System.Runtime.CompilerServices.AsyncMethodBuilderCore/MoveNextRunner:Run ()
System.Threading.Tasks.AwaitTaskContinuation:InvokeAction (object)
System.Threading.Tasks.AwaitTaskContinuation:RunCallback (System.Threading.ContextCallback,object,System.Threading.Tasks.Task&)
System.Threading.Tasks.SynchronizationContextAwaitTaskContinuation:Run (System.Threading.Tasks.Task,bool)
System.Threading.Tasks.Task:FinishContinuations ()
System.Threading.Tasks.Task:FinishStageThree ()
System.Threading.Tasks.Task`1<AiEditorToolsSdk.Components.Common.Responses.Wrappers.OperationResult`1<AiEditorToolsSdk.Components.GenerativeModels.Responses.ModelListV2.ModelListFullResult>>:TrySetResult (AiEditorToolsSdk.Components.Common.Responses.Wrappers.OperationResult`1<AiEditorToolsSdk.Components.GenerativeModels.Responses.ModelListV2.ModelListFullResult>)
System.Runtime.CompilerServices.AsyncTaskMethodBuilder`1<AiEditorToolsSdk.Components.Common.Responses.Wrappers.OperationResult`1<AiEditorToolsSdk.Components.GenerativeModels.Responses.ModelListV2.ModelListFullResult>>:SetResult (AiEditorToolsSdk.Components.Common.Responses.Wrappers.OperationResult`1<AiEditorToolsSdk.Components.GenerativeModels.Responses.ModelListV2.ModelListFullResult>)
AiEditorToolsSdk.Application.InternalServices.SdkOperation.SdkOperationService/<ExecuteRequest>d__4`1<AiEditorToolsSdk.Components.GenerativeModels.Responses.ModelListV2.ModelListFullResult>:MoveNext ()
System.Runtime.CompilerServices.AsyncMethodBuilderCore/MoveNextRunner:InvokeMoveNext (object)
System.Threading.ExecutionContext:RunInternal (System.Threading.ExecutionContext,System.Threading.ContextCallback,object,bool)
System.Threading.ExecutionContext:Run (System.Threading.ExecutionContext,System.Threading.ContextCallback,object,bool)
System.Runtime.CompilerServices.AsyncMethodBuilderCore/MoveNextRunner:Run ()
System.Threading.Tasks.AwaitTaskContinuation:InvokeAction (object)
System.Threading.Tasks.AwaitTaskContinuation:RunCallback (System.Threading.ContextCallback,object,System.Threading.Tasks.Task&)
System.Threading.Tasks.SynchronizationContextAwaitTaskContinuation:Run (System.Threading.Tasks.Task,bool)
System.Threading.Tasks.Task:FinishContinuations ()
System.Threading.Tasks.Task:FinishStageThree ()
System.Threading.Tasks.Task`1<AiEditorToolsSdk.Components.Common.Responses.Wrappers.OperationResult`1<AiEditorToolsSdk.Components.GenerativeModels.Responses.ModelListV2.ModelListFullResult>>:TrySetResult (AiEditorToolsSdk.Components.Common.Responses.Wrappers.OperationResult`1<AiEditorToolsSdk.Components.GenerativeModels.Responses.ModelListV2.ModelListFullResult>)
System.Runtime.CompilerServices.AsyncTaskMethodBuilder`1<AiEditorToolsSdk.Components.Common.Responses.Wrappers.OperationResult`1<AiEditorToolsSdk.Components.GenerativeModels.Responses.ModelListV2.ModelListFullResult>>:SetResult (AiEditorToolsSdk.Components.Common.Responses.Wrappers.OperationResult`1<AiEditorToolsSdk.Components.GenerativeModels.Responses.ModelListV2.ModelListFullResult>)
AiEditorToolsSdk.Application.Gateways.GenerativeModels.V2.GenerativeModelsGatewayV2/<GetModelsAsync>d__4:MoveNext ()
System.Runtime.CompilerServices.AsyncMethodBuilderCore/MoveNextRunner:InvokeMoveNext (object)
System.Threading.ExecutionContext:RunInternal (System.Threading.ExecutionContext,System.Threading.ContextCallback,object,bool)
System.Threading.ExecutionContext:Run (System.Threading.ExecutionContext,System.Threading.ContextCallback,object,bool)
System.Runtime.CompilerServices.AsyncMethodBuilderCore/MoveNextRunner:Run ()
System.Threading.Tasks.AwaitTaskContinuation:InvokeAction (object)
System.Threading.Tasks.AwaitTaskContinuation:RunCallback (System.Threading.ContextCallback,object,System.Threading.Tasks.Task&)
System.Threading.Tasks.SynchronizationContextAwaitTaskContinuation:Run (System.Threading.Tasks.Task,bool)
System.Threading.Tasks.Task:FinishContinuations ()
System.Threading.Tasks.Task:FinishStageThree ()
System.Threading.Tasks.Task`1<AiEditorToolsSdk.Domain.Core.Results.Result`2<SuperProxyClientV1Namespace.ModelListFullResponse, AiEditorToolsSdk.Domain.Core.Errors.ApiError>>:TrySetResult (AiEditorToolsSdk.Domain.Core.Results.Result`2<SuperProxyClientV1Namespace.ModelListFullResponse, AiEditorToolsSdk.Domain.Core.Errors.ApiError>)
System.Runtime.CompilerServices.AsyncTaskMethodBuilder`1<AiEditorToolsSdk.Domain.Core.Results.Result`2<SuperProxyClientV1Namespace.ModelListFullResponse, AiEditorToolsSdk.Domain.Core.Errors.ApiError>>:SetResult (AiEditorToolsSdk.Domain.Core.Results.Result`2<SuperProxyClientV1Namespace.ModelListFullResponse, AiEditorToolsSdk.Domain.Core.Errors.ApiError>)
AiEditorToolsSdk.Application.InternalServices.ApiClientProcessor.ApiClientProcessorService/<ProcessApiRequest>d__5`1<SuperProxyClientV1Namespace.ModelListFullResponse>:MoveNext ()
System.Runtime.CompilerServices.AsyncMethodBuilderCore/MoveNextRunner:InvokeMoveNext (object)
System.Threading.ExecutionContext:RunInternal (System.Threading.ExecutionContext,System.Threading.ContextCallback,object,bool)
System.Threading.ExecutionContext:Run (System.Threading.ExecutionContext,System.Threading.ContextCallback,object,bool)
System.Runtime.CompilerServices.AsyncMethodBuilderCore/MoveNextRunner:Run ()
System.Threading.Tasks.AwaitTaskContinuation:InvokeAction (object)
System.Threading.Tasks.AwaitTaskContinuation:RunCallback (System.Threading.ContextCallback,object,System.Threading.Tasks.Task&)
System.Threading.Tasks.SynchronizationContextAwaitTaskContinuation:Run (System.Threading.Tasks.Task,bool)
System.Threading.Tasks.Task:FinishContinuations ()
System.Threading.Tasks.Task:FinishStageThree ()
System.Threading.Tasks.Task`1<AiEditorToolsSdk.Domain.Core.Results.Result`2<SuperProxyClientV1Namespace.ModelListFullResponse, AiEditorToolsSdk.Domain.Core.Errors.ApiError>>:TrySetResult (AiEditorToolsSdk.Domain.Core.Results.Result`2<SuperProxyClientV1Namespace.ModelListFullResponse, AiEditorToolsSdk.Domain.Core.Errors.ApiError>)
System.Runtime.CompilerServices.AsyncTaskMethodBuilder`1<AiEditorToolsSdk.Domain.Core.Results.Result`2<SuperProxyClientV1Namespace.ModelListFullResponse, AiEditorToolsSdk.Domain.Core.Errors.ApiError>>:SetResult (AiEditorToolsSdk.Domain.Core.Results.Result`2<SuperProxyClientV1Namespace.ModelListFullResponse, AiEditorToolsSdk.Domain.Core.Errors.ApiError>)
AiEditorToolsSdk.Application.InternalServices.ApiClientProcessor.ApiClientProcessorService/<ProcessApiRequestImpl>d__6`1<SuperProxyClientV1Namespace.ModelListFullResponse>:MoveNext ()
System.Runtime.CompilerServices.AsyncMethodBuilderCore/MoveNextRunner:InvokeMoveNext (object)
System.Threading.ExecutionContext:RunInternal (System.Threading.ExecutionContext,System.Threading.ContextCallback,object,bool)
System.Threading.ExecutionContext:Run (System.Threading.ExecutionContext,System.Threading.ContextCallback,object,bool)
System.Runtime.CompilerServices.AsyncMethodBuilderCore/MoveNextRunner:Run ()
System.Threading.Tasks.AwaitTaskContinuation:InvokeAction (object)
System.Threading.Tasks.AwaitTaskContinuation:RunCallback (System.Threading.ContextCallback,object,System.Threading.Tasks.Task&)
System.Threading.Tasks.SynchronizationContextAwaitTaskContinuation:Run (System.Threading.Tasks.Task,bool)
System.Threading.Tasks.Task:FinishContinuations ()
System.Threading.Tasks.Task:FinishStageThree ()
System.Threading.Tasks.Task:FinishStageTwo ()
System.Threading.Tasks.Task:Finish (bool)
System.Threading.Tasks.Task:TrySetException (object)
System.Runtime.CompilerServices.AsyncTaskMethodBuilder`1<SuperProxyClientV1Namespace.ModelListFullResponse>:SetException (System.Exception)
AiEditorToolsSdk.Application.Gateways.GenerativeModels.V2.GenerativeModelsGatewayV2/<>c__DisplayClass4_0/<<GetModelsAsync>b__0>d:MoveNext ()
System.Runtime.CompilerServices.AsyncMethodBuilderCore/MoveNextRunner:InvokeMoveNext (object)
System.Threading.ExecutionContext:RunInternal (System.Threading.ExecutionContext,System.Threading.ContextCallback,object,bool)
System.Threading.ExecutionContext:Run (System.Threading.ExecutionContext,System.Threading.ContextCallback,object,bool)
System.Runtime.CompilerServices.AsyncMethodBuilderCore/MoveNextRunner:Run ()
System.Threading.Tasks.SynchronizationContextAwaitTaskContinuation/<>c:<.cctor>b__7_0 (object)
UnityEngine.UnitySynchronizationContext/WorkRequest:Invoke ()
UnityEngine.UnitySynchronizationContext:Exec ()
UnityEngine.UnitySynchronizationContext:ExecuteTasks ()

(Filename: ./Library/PackageCache/com.unity.ai.assistant@6fee27370e6a/Modules/Unity.AI.ModelSelector/Services/Stores/Actions/ModelSelectorSuperProxyActions.cs Line: 487)

Error reason is 'NoSubscription' and no additional error information was provided (https://generators.ai.unity.com).
UnityEngine.Debug:ExtractStackTraceNoAlloc (byte*,int,string)
UnityEngine.StackTraceUtility:ExtractStackTrace ()
UnityEngine.DebugLogHandler:Internal_Log (UnityEngine.LogType,UnityEngine.LogOption,string,UnityEngine.Object)
UnityEngine.DebugLogHandler:LogFormat (UnityEngine.LogType,UnityEngine.Object,string,object[])
UnityEngine.Logger:Log (UnityEngine.LogType,object)
UnityEngine.Debug:Log (object)
Unity.AI.ModelSelector.Services.Stores.Actions.ModelSelectorSuperProxyActions/<>c/<<-cctor>b__8_0>d:MoveNext () (at ./Library/PackageCache/com.unity.ai.assistant@6fee27370e6a/Modules/Unity.AI.ModelSelector/Services/Stores/Actions/ModelSelectorSuperProxyActions.cs:487)
System.Runtime.CompilerServices.AsyncMethodBuilderCore/MoveNextRunner:InvokeMoveNext (object)
System.Threading.ExecutionContext:RunInternal (System.Threading.ExecutionContext,System.Threading.ContextCallback,object,bool)
System.Threading.ExecutionContext:Run (System.Threading.ExecutionContext,System.Threading.ContextCallback,object,bool)
System.Runtime.CompilerServices.AsyncMethodBuilderCore/MoveNextRunner:Run ()
System.Threading.Tasks.AwaitTaskContinuation:InvokeAction (object)
System.Threading.Tasks.AwaitTaskContinuation:RunCallback (System.Threading.ContextCallback,object,System.Threading.Tasks.Task&)
System.Threading.Tasks.SynchronizationContextAwaitTaskContinuation:Run (System.Threading.Tasks.Task,bool)
System.Threading.Tasks.Task:FinishContinuations ()
System.Threading.Tasks.Task:FinishStageThree ()
System.Threading.Tasks.Task`1<AiEditorToolsSdk.Components.Common.Responses.Wrappers.OperationResult`1<AiEditorToolsSdk.Components.GenerativeModels.Responses.ModelListV2.ModelListFullResult>>:TrySetResult (AiEditorToolsSdk.Components.Common.Responses.Wrappers.OperationResult`1<AiEditorToolsSdk.Components.GenerativeModels.Responses.ModelListV2.ModelListFullResult>)
System.Runtime.CompilerServices.AsyncTaskMethodBuilder`1<AiEditorToolsSdk.Components.Common.Responses.Wrappers.OperationResult`1<AiEditorToolsSdk.Components.GenerativeModels.Responses.ModelListV2.ModelListFullResult>>:SetResult (AiEditorToolsSdk.Components.Common.Responses.Wrappers.OperationResult`1<AiEditorToolsSdk.Components.GenerativeModels.Responses.ModelListV2.ModelListFullResult>)
AiEditorToolsSdk.Components.GenerativeModels.GenerativeModelsComponentV2/<GetModelsAsync>d__5:MoveNext ()
System.Runtime.CompilerServices.AsyncMethodBuilderCore/MoveNextRunner:InvokeMoveNext (object)
System.Threading.ExecutionContext:RunInternal (System.Threading.ExecutionContext,System.Threading.ContextCallback,object,bool)
System.Threading.ExecutionContext:Run (System.Threading.ExecutionContext,System.Threading.ContextCallback,object,bool)
System.Runtime.CompilerServices.AsyncMethodBuilderCore/MoveNextRunner:Run ()
System.Threading.Tasks.AwaitTaskContinuation:InvokeAction (object)
System.Threading.Tasks.AwaitTaskContinuation:RunCallback (System.Threading.ContextCallback,object,System.Threading.Tasks.Task&)
System.Threading.Tasks.SynchronizationContextAwaitTaskContinuation:Run (System.Threading.Tasks.Task,bool)
System.Threading.Tasks.Task:FinishContinuations ()
System.Threading.Tasks.Task:FinishStageThree ()
System.Threading.Tasks.Task`1<AiEditorToolsSdk.Components.Common.Responses.Wrappers.OperationResult`1<AiEditorToolsSdk.Components.GenerativeModels.Responses.ModelListV2.ModelListFullResult>>:TrySetResult (AiEditorToolsSdk.Components.Common.Responses.Wrappers.OperationResult`1<AiEditorToolsSdk.Components.GenerativeModels.Responses.ModelListV2.ModelListFullResult>)
System.Runtime.CompilerServices.AsyncTaskMethodBuilder`1<AiEditorToolsSdk.Components.Common.Responses.Wrappers.OperationResult`1<AiEditorToolsSdk.Components.GenerativeModels.Responses.ModelListV2.ModelListFullResult>>:SetResult (AiEditorToolsSdk.Components.Common.Responses.Wrappers.OperationResult`1<AiEditorToolsSdk.Components.GenerativeModels.Responses.ModelListV2.ModelListFullResult>)
AiEditorToolsSdk.Application.InternalServices.SdkOperation.SdkOperationService/<ExecuteRequest>d__4`1<AiEditorToolsSdk.Components.GenerativeModels.Responses.ModelListV2.ModelListFullResult>:MoveNext ()
System.Runtime.CompilerServices.AsyncMethodBuilderCore/MoveNextRunner:InvokeMoveNext (object)
System.Threading.ExecutionContext:RunInternal (System.Threading.ExecutionContext,System.Threading.ContextCallback,object,bool)
System.Threading.ExecutionContext:Run (System.Threading.ExecutionContext,System.Threading.ContextCallback,object,bool)
System.Runtime.CompilerServices.AsyncMethodBuilderCore/MoveNextRunner:Run ()
System.Threading.Tasks.AwaitTaskContinuation:InvokeAction (object)
System.Threading.Tasks.AwaitTaskContinuation:RunCallback (System.Threading.ContextCallback,object,System.Threading.Tasks.Task&)
System.Threading.Tasks.SynchronizationContextAwaitTaskContinuation:Run (System.Threading.Tasks.Task,bool)
System.Threading.Tasks.Task:FinishContinuations ()
System.Threading.Tasks.Task:FinishStageThree ()
System.Threading.Tasks.Task`1<AiEditorToolsSdk.Components.Common.Responses.Wrappers.OperationResult`1<AiEditorToolsSdk.Components.GenerativeModels.Responses.ModelListV2.ModelListFullResult>>:TrySetResult (AiEditorToolsSdk.Components.Common.Responses.Wrappers.OperationResult`1<AiEditorToolsSdk.Components.GenerativeModels.Responses.ModelListV2.ModelListFullResult>)
System.Runtime.CompilerServices.AsyncTaskMethodBuilder`1<AiEditorToolsSdk.Components.Common.Responses.Wrappers.OperationResult`1<AiEditorToolsSdk.Components.GenerativeModels.Responses.ModelListV2.ModelListFullResult>>:SetResult (AiEditorToolsSdk.Components.Common.Responses.Wrappers.OperationResult`1<AiEditorToolsSdk.Components.GenerativeModels.Responses.ModelListV2.ModelListFullResult>)
AiEditorToolsSdk.Application.Gateways.GenerativeModels.V2.GenerativeModelsGatewayV2/<GetModelsAsync>d__4:MoveNext ()
System.Runtime.CompilerServices.AsyncMethodBuilderCore/MoveNextRunner:InvokeMoveNext (object)
System.Threading.ExecutionContext:RunInternal (System.Threading.ExecutionContext,System.Threading.ContextCallback,object,bool)
System.Threading.ExecutionContext:Run (System.Threading.ExecutionContext,System.Threading.ContextCallback,object,bool)
System.Runtime.CompilerServices.AsyncMethodBuilderCore/MoveNextRunner:Run ()
System.Threading.Tasks.AwaitTaskContinuation:InvokeAction (object)
System.Threading.Tasks.AwaitTaskContinuation:RunCallback (System.Threading.ContextCallback,object,System.Threading.Tasks.Task&)
System.Threading.Tasks.SynchronizationContextAwaitTaskContinuation:Run (System.Threading.Tasks.Task,bool)
System.Threading.Tasks.Task:FinishContinuations ()
System.Threading.Tasks.Task:FinishStageThree ()
System.Threading.Tasks.Task`1<AiEditorToolsSdk.Domain.Core.Results.Result`2<SuperProxyClientV1Namespace.ModelListFullResponse, AiEditorToolsSdk.Domain.Core.Errors.ApiError>>:TrySetResult (AiEditorToolsSdk.Domain.Core.Results.Result`2<SuperProxyClientV1Namespace.ModelListFullResponse, AiEditorToolsSdk.Domain.Core.Errors.ApiError>)
System.Runtime.CompilerServices.AsyncTaskMethodBuilder`1<AiEditorToolsSdk.Domain.Core.Results.Result`2<SuperProxyClientV1Namespace.ModelListFullResponse, AiEditorToolsSdk.Domain.Core.Errors.ApiError>>:SetResult (AiEditorToolsSdk.Domain.Core.Results.Result`2<SuperProxyClientV1Namespace.ModelListFullResponse, AiEditorToolsSdk.Domain.Core.Errors.ApiError>)
AiEditorToolsSdk.Application.InternalServices.ApiClientProcessor.ApiClientProcessorService/<ProcessApiRequest>d__5`1<SuperProxyClientV1Namespace.ModelListFullResponse>:MoveNext ()
System.Runtime.CompilerServices.AsyncMethodBuilderCore/MoveNextRunner:InvokeMoveNext (object)
System.Threading.ExecutionContext:RunInternal (System.Threading.ExecutionContext,System.Threading.ContextCallback,object,bool)
System.Threading.ExecutionContext:Run (System.Threading.ExecutionContext,System.Threading.ContextCallback,object,bool)
System.Runtime.CompilerServices.AsyncMethodBuilderCore/MoveNextRunner:Run ()
System.Threading.Tasks.AwaitTaskContinuation:InvokeAction (object)
System.Threading.Tasks.AwaitTaskContinuation:RunCallback (System.Threading.ContextCallback,object,System.Threading.Tasks.Task&)
System.Threading.Tasks.SynchronizationContextAwaitTaskContinuation:Run (System.Threading.Tasks.Task,bool)
System.Threading.Tasks.Task:FinishContinuations ()
System.Threading.Tasks.Task:FinishStageThree ()
System.Threading.Tasks.Task`1<AiEditorToolsSdk.Domain.Core.Results.Result`2<SuperProxyClientV1Namespace.ModelListFullResponse, AiEditorToolsSdk.Domain.Core.Errors.ApiError>>:TrySetResult (AiEditorToolsSdk.Domain.Core.Results.Result`2<SuperProxyClientV1Namespace.ModelListFullResponse, AiEditorToolsSdk.Domain.Core.Errors.ApiError>)
System.Runtime.CompilerServices.AsyncTaskMethodBuilder`1<AiEditorToolsSdk.Domain.Core.Results.Result`2<SuperProxyClientV1Namespace.ModelListFullResponse, AiEditorToolsSdk.Domain.Core.Errors.ApiError>>:SetResult (AiEditorToolsSdk.Domain.Core.Results.Result`2<SuperProxyClientV1Namespace.ModelListFullResponse, AiEditorToolsSdk.Domain.Core.Errors.ApiError>)
AiEditorToolsSdk.Application.InternalServices.ApiClientProcessor.ApiClientProcessorService/<ProcessApiRequestImpl>d__6`1<SuperProxyClientV1Namespace.ModelListFullResponse>:MoveNext ()
System.Runtime.CompilerServices.AsyncMethodBuilderCore/MoveNextRunner:InvokeMoveNext (object)
System.Threading.ExecutionContext:RunInternal (System.Threading.ExecutionContext,System.Threading.ContextCallback,object,bool)
System.Threading.ExecutionContext:Run (System.Threading.ExecutionContext,System.Threading.ContextCallback,object,bool)
System.Runtime.CompilerServices.AsyncMethodBuilderCore/MoveNextRunner:Run ()
System.Threading.Tasks.AwaitTaskContinuation:InvokeAction (object)
System.Threading.Tasks.AwaitTaskContinuation:RunCallback (System.Threading.ContextCallback,object,System.Threading.Tasks.Task&)
System.Threading.Tasks.SynchronizationContextAwaitTaskContinuation:Run (System.Threading.Tasks.Task,bool)
System.Threading.Tasks.Task:FinishContinuations ()
System.Threading.Tasks.Task:FinishStageThree ()
System.Threading.Tasks.Task:FinishStageTwo ()
System.Threading.Tasks.Task:Finish (bool)
System.Threading.Tasks.Task:TrySetException (object)
System.Runtime.CompilerServices.AsyncTaskMethodBuilder`1<SuperProxyClientV1Namespace.ModelListFullResponse>:SetException (System.Exception)
AiEditorToolsSdk.Application.Gateways.GenerativeModels.V2.GenerativeModelsGatewayV2/<>c__DisplayClass4_0/<<GetModelsAsync>b__0>d:MoveNext ()
System.Runtime.CompilerServices.AsyncMethodBuilderCore/MoveNextRunner:InvokeMoveNext (object)
System.Threading.ExecutionContext:RunInternal (System.Threading.ExecutionContext,System.Threading.ContextCallback,object,bool)
System.Threading.ExecutionContext:Run (System.Threading.ExecutionContext,System.Threading.ContextCallback,object,bool)
System.Runtime.CompilerServices.AsyncMethodBuilderCore/MoveNextRunner:Run ()
System.Threading.Tasks.SynchronizationContextAwaitTaskContinuation/<>c:<.cctor>b__7_0 (object)
UnityEngine.UnitySynchronizationContext/WorkRequest:Invoke ()
UnityEngine.UnitySynchronizationContext:Exec ()
UnityEngine.UnitySynchronizationContext:ExecuteTasks ()

(Filename: ./Library/PackageCache/com.unity.ai.assistant@6fee27370e6a/Modules/Unity.AI.ModelSelector/Services/Stores/Actions/ModelSelectorSuperProxyActions.cs Line: 487)

Error reason is 'NoSubscription' and no additional error information was provided (https://generators.ai.unity.com).
UnityEngine.Debug:ExtractStackTraceNoAlloc (byte*,int,string)
UnityEngine.StackTraceUtility:ExtractStackTrace ()
UnityEngine.DebugLogHandler:Internal_Log (UnityEngine.LogType,UnityEngine.LogOption,string,UnityEngine.Object)
UnityEngine.DebugLogHandler:LogFormat (UnityEngine.LogType,UnityEngine.Object,string,object[])
UnityEngine.Logger:Log (UnityEngine.LogType,object)
UnityEngine.Debug:Log (object)
Unity.AI.ModelSelector.Services.Stores.Actions.ModelSelectorSuperProxyActions/<>c/<<-cctor>b__8_0>d:MoveNext () (at ./Library/PackageCache/com.unity.ai.assistant@6fee27370e6a/Modules/Unity.AI.ModelSelector/Services/Stores/Actions/ModelSelectorSuperProxyActions.cs:487)
System.Runtime.CompilerServices.AsyncMethodBuilderCore/MoveNextRunner:InvokeMoveNext (object)
System.Threading.ExecutionContext:RunInternal (System.Threading.ExecutionContext,System.Threading.ContextCallback,object,bool)
System.Threading.ExecutionContext:Run (System.Threading.ExecutionContext,System.Threading.ContextCallback,object,bool)
System.Runtime.CompilerServices.AsyncMethodBuilderCore/MoveNextRunner:Run ()
System.Threading.Tasks.AwaitTaskContinuation:InvokeAction (object)
System.Threading.Tasks.AwaitTaskContinuation:RunCallback (System.Threading.ContextCallback,object,System.Threading.Tasks.Task&)
System.Threading.Tasks.SynchronizationContextAwaitTaskContinuation:Run (System.Threading.Tasks.Task,bool)
System.Threading.Tasks.Task:FinishContinuations ()
System.Threading.Tasks.Task:FinishStageThree ()
System.Threading.Tasks.Task`1<AiEditorToolsSdk.Components.Common.Responses.Wrappers.OperationResult`1<AiEditorToolsSdk.Components.GenerativeModels.Responses.ModelListV2.ModelListFullResult>>:TrySetResult (AiEditorToolsSdk.Components.Common.Responses.Wrappers.OperationResult`1<AiEditorToolsSdk.Components.GenerativeModels.Responses.ModelListV2.ModelListFullResult>)
System.Runtime.CompilerServices.AsyncTaskMethodBuilder`1<AiEditorToolsSdk.Components.Common.Responses.Wrappers.OperationResult`1<AiEditorToolsSdk.Components.GenerativeModels.Responses.ModelListV2.ModelListFullResult>>:SetResult (AiEditorToolsSdk.Components.Common.Responses.Wrappers.OperationResult`1<AiEditorToolsSdk.Components.GenerativeModels.Responses.ModelListV2.ModelListFullResult>)
AiEditorToolsSdk.Components.GenerativeModels.GenerativeModelsComponentV2/<GetModelsAsync>d__5:MoveNext ()
System.Runtime.CompilerServices.AsyncMethodBuilderCore/MoveNextRunner:InvokeMoveNext (object)
System.Threading.ExecutionContext:RunInternal (System.Threading.ExecutionContext,System.Threading.ContextCallback,object,bool)
System.Threading.ExecutionContext:Run (System.Threading.ExecutionContext,System.Threading.ContextCallback,object,bool)
System.Runtime.CompilerServices.AsyncMethodBuilderCore/MoveNextRunner:Run ()
System.Threading.Tasks.AwaitTaskContinuation:InvokeAction (object)
System.Threading.Tasks.AwaitTaskContinuation:RunCallback (System.Threading.ContextCallback,object,System.Threading.Tasks.Task&)
System.Threading.Tasks.SynchronizationContextAwaitTaskContinuation:Run (System.Threading.Tasks.Task,bool)
System.Threading.Tasks.Task:FinishContinuations ()
System.Threading.Tasks.Task:FinishStageThree ()
System.Threading.Tasks.Task`1<AiEditorToolsSdk.Components.Common.Responses.Wrappers.OperationResult`1<AiEditorToolsSdk.Components.GenerativeModels.Responses.ModelListV2.ModelListFullResult>>:TrySetResult (AiEditorToolsSdk.Components.Common.Responses.Wrappers.OperationResult`1<AiEditorToolsSdk.Components.GenerativeModels.Responses.ModelListV2.ModelListFullResult>)
System.Runtime.CompilerServices.AsyncTaskMethodBuilder`1<AiEditorToolsSdk.Components.Common.Responses.Wrappers.OperationResult`1<AiEditorToolsSdk.Components.GenerativeModels.Responses.ModelListV2.ModelListFullResult>>:SetResult (AiEditorToolsSdk.Components.Common.Responses.Wrappers.OperationResult`1<AiEditorToolsSdk.Components.GenerativeModels.Responses.ModelListV2.ModelListFullResult>)
AiEditorToolsSdk.Application.InternalServices.SdkOperation.SdkOperationService/<ExecuteRequest>d__4`1<AiEditorToolsSdk.Components.GenerativeModels.Responses.ModelListV2.ModelListFullResult>:MoveNext ()
System.Runtime.CompilerServices.AsyncMethodBuilderCore/MoveNextRunner:InvokeMoveNext (object)
System.Threading.ExecutionContext:RunInternal (System.Threading.ExecutionContext,System.Threading.ContextCallback,object,bool)
System.Threading.ExecutionContext:Run (System.Threading.ExecutionContext,System.Threading.ContextCallback,object,bool)
System.Runtime.CompilerServices.AsyncMethodBuilderCore/MoveNextRunner:Run ()
System.Threading.Tasks.AwaitTaskContinuation:InvokeAction (object)
System.Threading.Tasks.AwaitTaskContinuation:RunCallback (System.Threading.ContextCallback,object,System.Threading.Tasks.Task&)
System.Threading.Tasks.SynchronizationContextAwaitTaskContinuation:Run (System.Threading.Tasks.Task,bool)
System.Threading.Tasks.Task:FinishContinuations ()
System.Threading.Tasks.Task:FinishStageThree ()
System.Threading.Tasks.Task`1<AiEditorToolsSdk.Components.Common.Responses.Wrappers.OperationResult`1<AiEditorToolsSdk.Components.GenerativeModels.Responses.ModelListV2.ModelListFullResult>>:TrySetResult (AiEditorToolsSdk.Components.Common.Responses.Wrappers.OperationResult`1<AiEditorToolsSdk.Components.GenerativeModels.Responses.ModelListV2.ModelListFullResult>)
System.Runtime.CompilerServices.AsyncTaskMethodBuilder`1<AiEditorToolsSdk.Components.Common.Responses.Wrappers.OperationResult`1<AiEditorToolsSdk.Components.GenerativeModels.Responses.ModelListV2.ModelListFullResult>>:SetResult (AiEditorToolsSdk.Components.Common.Responses.Wrappers.OperationResult`1<AiEditorToolsSdk.Components.GenerativeModels.Responses.ModelListV2.ModelListFullResult>)
AiEditorToolsSdk.Application.Gateways.GenerativeModels.V2.GenerativeModelsGatewayV2/<GetModelsAsync>d__4:MoveNext ()
System.Runtime.CompilerServices.AsyncMethodBuilderCore/MoveNextRunner:InvokeMoveNext (object)
System.Threading.ExecutionContext:RunInternal (System.Threading.ExecutionContext,System.Threading.ContextCallback,object,bool)
System.Threading.ExecutionContext:Run (System.Threading.ExecutionContext,System.Threading.ContextCallback,object,bool)
System.Runtime.CompilerServices.AsyncMethodBuilderCore/MoveNextRunner:Run ()
System.Threading.Tasks.AwaitTaskContinuation:InvokeAction (object)
System.Threading.Tasks.AwaitTaskContinuation:RunCallback (System.Threading.ContextCallback,object,System.Threading.Tasks.Task&)
System.Threading.Tasks.SynchronizationContextAwaitTaskContinuation:Run (System.Threading.Tasks.Task,bool)
System.Threading.Tasks.Task:FinishContinuations ()
System.Threading.Tasks.Task:FinishStageThree ()
System.Threading.Tasks.Task`1<AiEditorToolsSdk.Domain.Core.Results.Result`2<SuperProxyClientV1Namespace.ModelListFullResponse, AiEditorToolsSdk.Domain.Core.Errors.ApiError>>:TrySetResult (AiEditorToolsSdk.Domain.Core.Results.Result`2<SuperProxyClientV1Namespace.ModelListFullResponse, AiEditorToolsSdk.Domain.Core.Errors.ApiError>)
System.Runtime.CompilerServices.AsyncTaskMethodBuilder`1<AiEditorToolsSdk.Domain.Core.Results.Result`2<SuperProxyClientV1Namespace.ModelListFullResponse, AiEditorToolsSdk.Domain.Core.Errors.ApiError>>:SetResult (AiEditorToolsSdk.Domain.Core.Results.Result`2<SuperProxyClientV1Namespace.ModelListFullResponse, AiEditorToolsSdk.Domain.Core.Errors.ApiError>)
AiEditorToolsSdk.Application.InternalServices.ApiClientProcessor.ApiClientProcessorService/<ProcessApiRequest>d__5`1<SuperProxyClientV1Namespace.ModelListFullResponse>:MoveNext ()
System.Runtime.CompilerServices.AsyncMethodBuilderCore/MoveNextRunner:InvokeMoveNext (object)
System.Threading.ExecutionContext:RunInternal (System.Threading.ExecutionContext,System.Threading.ContextCallback,object,bool)
System.Threading.ExecutionContext:Run (System.Threading.ExecutionContext,System.Threading.ContextCallback,object,bool)
System.Runtime.CompilerServices.AsyncMethodBuilderCore/MoveNextRunner:Run ()
System.Threading.Tasks.AwaitTaskContinuation:InvokeAction (object)
System.Threading.Tasks.AwaitTaskContinuation:RunCallback (System.Threading.ContextCallback,object,System.Threading.Tasks.Task&)
System.Threading.Tasks.SynchronizationContextAwaitTaskContinuation:Run (System.Threading.Tasks.Task,bool)
System.Threading.Tasks.Task:FinishContinuations ()
System.Threading.Tasks.Task:FinishStageThree ()
System.Threading.Tasks.Task`1<AiEditorToolsSdk.Domain.Core.Results.Result`2<SuperProxyClientV1Namespace.ModelListFullResponse, AiEditorToolsSdk.Domain.Core.Errors.ApiError>>:TrySetResult (AiEditorToolsSdk.Domain.Core.Results.Result`2<SuperProxyClientV1Namespace.ModelListFullResponse, AiEditorToolsSdk.Domain.Core.Errors.ApiError>)
System.Runtime.CompilerServices.AsyncTaskMethodBuilder`1<AiEditorToolsSdk.Domain.Core.Results.Result`2<SuperProxyClientV1Namespace.ModelListFullResponse, AiEditorToolsSdk.Domain.Core.Errors.ApiError>>:SetResult (AiEditorToolsSdk.Domain.Core.Results.Result`2<SuperProxyClientV1Namespace.ModelListFullResponse, AiEditorToolsSdk.Domain.Core.Errors.ApiError>)
AiEditorToolsSdk.Application.InternalServices.ApiClientProcessor.ApiClientProcessorService/<ProcessApiRequestImpl>d__6`1<SuperProxyClientV1Namespace.ModelListFullResponse>:MoveNext ()
System.Runtime.CompilerServices.AsyncMethodBuilderCore/MoveNextRunner:InvokeMoveNext (object)
System.Threading.ExecutionContext:RunInternal (System.Threading.ExecutionContext,System.Threading.ContextCallback,object,bool)
System.Threading.ExecutionContext:Run (System.Threading.ExecutionContext,System.Threading.ContextCallback,object,bool)
System.Runtime.CompilerServices.AsyncMethodBuilderCore/MoveNextRunner:Run ()
System.Threading.Tasks.AwaitTaskContinuation:InvokeAction (object)
System.Threading.Tasks.AwaitTaskContinuation:RunCallback (System.Threading.ContextCallback,object,System.Threading.Tasks.Task&)
System.Threading.Tasks.SynchronizationContextAwaitTaskContinuation:Run (System.Threading.Tasks.Task,bool)
System.Threading.Tasks.Task:FinishContinuations ()
System.Threading.Tasks.Task:FinishStageThree ()
System.Threading.Tasks.Task:FinishStageTwo ()
System.Threading.Tasks.Task:Finish (bool)
System.Threading.Tasks.Task:TrySetException (object)
System.Runtime.CompilerServices.AsyncTaskMethodBuilder`1<SuperProxyClientV1Namespace.ModelListFullResponse>:SetException (System.Exception)
AiEditorToolsSdk.Application.Gateways.GenerativeModels.V2.GenerativeModelsGatewayV2/<>c__DisplayClass4_0/<<GetModelsAsync>b__0>d:MoveNext ()
System.Runtime.CompilerServices.AsyncMethodBuilderCore/MoveNextRunner:InvokeMoveNext (object)
System.Threading.ExecutionContext:RunInternal (System.Threading.ExecutionContext,System.Threading.ContextCallback,object,bool)
System.Threading.ExecutionContext:Run (System.Threading.ExecutionContext,System.Threading.ContextCallback,object,bool)
System.Runtime.CompilerServices.AsyncMethodBuilderCore/MoveNextRunner:Run ()
System.Threading.Tasks.SynchronizationContextAwaitTaskContinuation/<>c:<.cctor>b__7_0 (object)
UnityEngine.UnitySynchronizationContext/WorkRequest:Invoke ()
UnityEngine.UnitySynchronizationContext:Exec ()
UnityEngine.UnitySynchronizationContext:ExecuteTasks ()

(Filename: ./Library/PackageCache/com.unity.ai.assistant@6fee27370e6a/Modules/Unity.AI.ModelSelector/Services/Stores/Actions/ModelSelectorSuperProxyActions.cs Line: 487)

Error reason is 'NoSubscription' and no additional error information was provided (https://generators.ai.unity.com).
UnityEngine.Debug:ExtractStackTraceNoAlloc (byte*,int,string)
UnityEngine.StackTraceUtility:ExtractStackTrace ()
UnityEngine.DebugLogHandler:Internal_Log (UnityEngine.LogType,UnityEngine.LogOption,string,UnityEngine.Object)
UnityEngine.DebugLogHandler:LogFormat (UnityEngine.LogType,UnityEngine.Object,string,object[])
UnityEngine.Logger:Log (UnityEngine.LogType,object)
UnityEngine.Debug:Log (object)
Unity.AI.ModelSelector.Services.Stores.Actions.ModelSelectorSuperProxyActions/<>c/<<-cctor>b__8_0>d:MoveNext () (at ./Library/PackageCache/com.unity.ai.assistant@6fee27370e6a/Modules/Unity.AI.ModelSelector/Services/Stores/Actions/ModelSelectorSuperProxyActions.cs:487)
System.Runtime.CompilerServices.AsyncMethodBuilderCore/MoveNextRunner:InvokeMoveNext (object)
System.Threading.ExecutionContext:RunInternal (System.Threading.ExecutionContext,System.Threading.ContextCallback,object,bool)
System.Threading.ExecutionContext:Run (System.Threading.ExecutionContext,System.Threading.ContextCallback,object,bool)
System.Runtime.CompilerServices.AsyncMethodBuilderCore/MoveNextRunner:Run ()
System.Threading.Tasks.AwaitTaskContinuation:InvokeAction (object)
System.Threading.Tasks.AwaitTaskContinuation:RunCallback (System.Threading.ContextCallback,object,System.Threading.Tasks.Task&)
System.Threading.Tasks.SynchronizationContextAwaitTaskContinuation:Run (System.Threading.Tasks.Task,bool)
System.Threading.Tasks.Task:FinishContinuations ()
System.Threading.Tasks.Task:FinishStageThree ()
System.Threading.Tasks.Task`1<AiEditorToolsSdk.Components.Common.Responses.Wrappers.OperationResult`1<AiEditorToolsSdk.Components.GenerativeModels.Responses.ModelListV2.ModelListFullResult>>:TrySetResult (AiEditorToolsSdk.Components.Common.Responses.Wrappers.OperationResult`1<AiEditorToolsSdk.Components.GenerativeModels.Responses.ModelListV2.ModelListFullResult>)
System.Runtime.CompilerServices.AsyncTaskMethodBuilder`1<AiEditorToolsSdk.Components.Common.Responses.Wrappers.OperationResult`1<AiEditorToolsSdk.Components.GenerativeModels.Responses.ModelListV2.ModelListFullResult>>:SetResult (AiEditorToolsSdk.Components.Common.Responses.Wrappers.OperationResult`1<AiEditorToolsSdk.Components.GenerativeModels.Responses.ModelListV2.ModelListFullResult>)
AiEditorToolsSdk.Components.GenerativeModels.GenerativeModelsComponentV2/<GetModelsAsync>d__5:MoveNext ()
System.Runtime.CompilerServices.AsyncMethodBuilderCore/MoveNextRunner:InvokeMoveNext (object)
System.Threading.ExecutionContext:RunInternal (System.Threading.ExecutionContext,System.Threading.ContextCallback,object,bool)
System.Threading.ExecutionContext:Run (System.Threading.ExecutionContext,System.Threading.ContextCallback,object,bool)
System.Runtime.CompilerServices.AsyncMethodBuilderCore/MoveNextRunner:Run ()
System.Threading.Tasks.AwaitTaskContinuation:InvokeAction (object)
System.Threading.Tasks.AwaitTaskContinuation:RunCallback (System.Threading.ContextCallback,object,System.Threading.Tasks.Task&)
System.Threading.Tasks.SynchronizationContextAwaitTaskContinuation:Run (System.Threading.Tasks.Task,bool)
System.Threading.Tasks.Task:FinishContinuations ()
System.Threading.Tasks.Task:FinishStageThree ()
System.Threading.Tasks.Task`1<AiEditorToolsSdk.Components.Common.Responses.Wrappers.OperationResult`1<AiEditorToolsSdk.Components.GenerativeModels.Responses.ModelListV2.ModelListFullResult>>:TrySetResult (AiEditorToolsSdk.Components.Common.Responses.Wrappers.OperationResult`1<AiEditorToolsSdk.Components.GenerativeModels.Responses.ModelListV2.ModelListFullResult>)
System.Runtime.CompilerServices.AsyncTaskMethodBuilder`1<AiEditorToolsSdk.Components.Common.Responses.Wrappers.OperationResult`1<AiEditorToolsSdk.Components.GenerativeModels.Responses.ModelListV2.ModelListFullResult>>:SetResult (AiEditorToolsSdk.Components.Common.Responses.Wrappers.OperationResult`1<AiEditorToolsSdk.Components.GenerativeModels.Responses.ModelListV2.ModelListFullResult>)
AiEditorToolsSdk.Application.InternalServices.SdkOperation.SdkOperationService/<ExecuteRequest>d__4`1<AiEditorToolsSdk.Components.GenerativeModels.Responses.ModelListV2.ModelListFullResult>:MoveNext ()
System.Runtime.CompilerServices.AsyncMethodBuilderCore/MoveNextRunner:InvokeMoveNext (object)
System.Threading.ExecutionContext:RunInternal (System.Threading.ExecutionContext,System.Threading.ContextCallback,object,bool)
System.Threading.ExecutionContext:Run (System.Threading.ExecutionContext,System.Threading.ContextCallback,object,bool)
System.Runtime.CompilerServices.AsyncMethodBuilderCore/MoveNextRunner:Run ()
System.Threading.Tasks.AwaitTaskContinuation:InvokeAction (object)
System.Threading.Tasks.AwaitTaskContinuation:RunCallback (System.Threading.ContextCallback,object,System.Threading.Tasks.Task&)
System.Threading.Tasks.SynchronizationContextAwaitTaskContinuation:Run (System.Threading.Tasks.Task,bool)
System.Threading.Tasks.Task:FinishContinuations ()
System.Threading.Tasks.Task:FinishStageThree ()
System.Threading.Tasks.Task`1<AiEditorToolsSdk.Components.Common.Responses.Wrappers.OperationResult`1<AiEditorToolsSdk.Components.GenerativeModels.Responses.ModelListV2.ModelListFullResult>>:TrySetResult (AiEditorToolsSdk.Components.Common.Responses.Wrappers.OperationResult`1<AiEditorToolsSdk.Components.GenerativeModels.Responses.ModelListV2.ModelListFullResult>)
System.Runtime.CompilerServices.AsyncTaskMethodBuilder`1<AiEditorToolsSdk.Components.Common.Responses.Wrappers.OperationResult`1<AiEditorToolsSdk.Components.GenerativeModels.Responses.ModelListV2.ModelListFullResult>>:SetResult (AiEditorToolsSdk.Components.Common.Responses.Wrappers.OperationResult`1<AiEditorToolsSdk.Components.GenerativeModels.Responses.ModelListV2.ModelListFullResult>)
AiEditorToolsSdk.Application.Gateways.GenerativeModels.V2.GenerativeModelsGatewayV2/<GetModelsAsync>d__4:MoveNext ()
System.Runtime.CompilerServices.AsyncMethodBuilderCore/MoveNextRunner:InvokeMoveNext (object)
System.Threading.ExecutionContext:RunInternal (System.Threading.ExecutionContext,System.Threading.ContextCallback,object,bool)
System.Threading.ExecutionContext:Run (System.Threading.ExecutionContext,System.Threading.ContextCallback,object,bool)
System.Runtime.CompilerServices.AsyncMethodBuilderCore/MoveNextRunner:Run ()
System.Threading.Tasks.AwaitTaskContinuation:InvokeAction (object)
System.Threading.Tasks.AwaitTaskContinuation:RunCallback (System.Threading.ContextCallback,object,System.Threading.Tasks.Task&)
System.Threading.Tasks.SynchronizationContextAwaitTaskContinuation:Run (System.Threading.Tasks.Task,bool)
System.Threading.Tasks.Task:FinishContinuations ()
System.Threading.Tasks.Task:FinishStageThree ()
System.Threading.Tasks.Task`1<AiEditorToolsSdk.Domain.Core.Results.Result`2<SuperProxyClientV1Namespace.ModelListFullResponse, AiEditorToolsSdk.Domain.Core.Errors.ApiError>>:TrySetResult (AiEditorToolsSdk.Domain.Core.Results.Result`2<SuperProxyClientV1Namespace.ModelListFullResponse, AiEditorToolsSdk.Domain.Core.Errors.ApiError>)
System.Runtime.CompilerServices.AsyncTaskMethodBuilder`1<AiEditorToolsSdk.Domain.Core.Results.Result`2<SuperProxyClientV1Namespace.ModelListFullResponse, AiEditorToolsSdk.Domain.Core.Errors.ApiError>>:SetResult (AiEditorToolsSdk.Domain.Core.Results.Result`2<SuperProxyClientV1Namespace.ModelListFullResponse, AiEditorToolsSdk.Domain.Core.Errors.ApiError>)
AiEditorToolsSdk.Application.InternalServices.ApiClientProcessor.ApiClientProcessorService/<ProcessApiRequest>d__5`1<SuperProxyClientV1Namespace.ModelListFullResponse>:MoveNext ()
System.Runtime.CompilerServices.AsyncMethodBuilderCore/MoveNextRunner:InvokeMoveNext (object)
System.Threading.ExecutionContext:RunInternal (System.Threading.ExecutionContext,System.Threading.ContextCallback,object,bool)
System.Threading.ExecutionContext:Run (System.Threading.ExecutionContext,System.Threading.ContextCallback,object,bool)
System.Runtime.CompilerServices.AsyncMethodBuilderCore/MoveNextRunner:Run ()
System.Threading.Tasks.AwaitTaskContinuation:InvokeAction (object)
System.Threading.Tasks.AwaitTaskContinuation:RunCallback (System.Threading.ContextCallback,object,System.Threading.Tasks.Task&)
System.Threading.Tasks.SynchronizationContextAwaitTaskContinuation:Run (System.Threading.Tasks.Task,bool)
System.Threading.Tasks.Task:FinishContinuations ()
System.Threading.Tasks.Task:FinishStageThree ()
System.Threading.Tasks.Task`1<AiEditorToolsSdk.Domain.Core.Results.Result`2<SuperProxyClientV1Namespace.ModelListFullResponse, AiEditorToolsSdk.Domain.Core.Errors.ApiError>>:TrySetResult (AiEditorToolsSdk.Domain.Core.Results.Result`2<SuperProxyClientV1Namespace.ModelListFullResponse, AiEditorToolsSdk.Domain.Core.Errors.ApiError>)
System.Runtime.CompilerServices.AsyncTaskMethodBuilder`1<AiEditorToolsSdk.Domain.Core.Results.Result`2<SuperProxyClientV1Namespace.ModelListFullResponse, AiEditorToolsSdk.Domain.Core.Errors.ApiError>>:SetResult (AiEditorToolsSdk.Domain.Core.Results.Result`2<SuperProxyClientV1Namespace.ModelListFullResponse, AiEditorToolsSdk.Domain.Core.Errors.ApiError>)
AiEditorToolsSdk.Application.InternalServices.ApiClientProcessor.ApiClientProcessorService/<ProcessApiRequestImpl>d__6`1<SuperProxyClientV1Namespace.ModelListFullResponse>:MoveNext ()
System.Runtime.CompilerServices.AsyncMethodBuilderCore/MoveNextRunner:InvokeMoveNext (object)
System.Threading.ExecutionContext:RunInternal (System.Threading.ExecutionContext,System.Threading.ContextCallback,object,bool)
System.Threading.ExecutionContext:Run (System.Threading.ExecutionContext,System.Threading.ContextCallback,object,bool)
System.Runtime.CompilerServices.AsyncMethodBuilderCore/MoveNextRunner:Run ()
System.Threading.Tasks.AwaitTaskContinuation:InvokeAction (object)
System.Threading.Tasks.AwaitTaskContinuation:RunCallback (System.Threading.ContextCallback,object,System.Threading.Tasks.Task&)
System.Threading.Tasks.SynchronizationContextAwaitTaskContinuation:Run (System.Threading.Tasks.Task,bool)
System.Threading.Tasks.Task:FinishContinuations ()
System.Threading.Tasks.Task:FinishStageThree ()
System.Threading.Tasks.Task:FinishStageTwo ()
System.Threading.Tasks.Task:Finish (bool)
System.Threading.Tasks.Task:TrySetException (object)
System.Runtime.CompilerServices.AsyncTaskMethodBuilder`1<SuperProxyClientV1Namespace.ModelListFullResponse>:SetException (System.Exception)
AiEditorToolsSdk.Application.Gateways.GenerativeModels.V2.GenerativeModelsGatewayV2/<>c__DisplayClass4_0/<<GetModelsAsync>b__0>d:MoveNext ()
System.Runtime.CompilerServices.AsyncMethodBuilderCore/MoveNextRunner:InvokeMoveNext (object)
System.Threading.ExecutionContext:RunInternal (System.Threading.ExecutionContext,System.Threading.ContextCallback,object,bool)
System.Threading.ExecutionContext:Run (System.Threading.ExecutionContext,System.Threading.ContextCallback,object,bool)
System.Runtime.CompilerServices.AsyncMethodBuilderCore/MoveNextRunner:Run ()
System.Threading.Tasks.SynchronizationContextAwaitTaskContinuation/<>c:<.cctor>b__7_0 (object)
UnityEngine.UnitySynchronizationContext/WorkRequest:Invoke ()
UnityEngine.UnitySynchronizationContext:Exec ()
UnityEngine.UnitySynchronizationContext:ExecuteTasks ()

(Filename: ./Library/PackageCache/com.unity.ai.assistant@6fee27370e6a/Modules/Unity.AI.ModelSelector/Services/Stores/Actions/ModelSelectorSuperProxyActions.cs Line: 487)

Error reason is 'NoSubscription' and no additional error information was provided (https://generators.ai.unity.com).
UnityEngine.Debug:ExtractStackTraceNoAlloc (byte*,int,string)
UnityEngine.StackTraceUtility:ExtractStackTrace ()
UnityEngine.DebugLogHandler:Internal_Log (UnityEngine.LogType,UnityEngine.LogOption,string,UnityEngine.Object)
UnityEngine.DebugLogHandler:LogFormat (UnityEngine.LogType,UnityEngine.Object,string,object[])
UnityEngine.Logger:Log (UnityEngine.LogType,object)
UnityEngine.Debug:Log (object)
Unity.AI.ModelSelector.Services.Stores.Actions.ModelSelectorSuperProxyActions/<>c/<<-cctor>b__8_0>d:MoveNext () (at ./Library/PackageCache/com.unity.ai.assistant@6fee27370e6a/Modules/Unity.AI.ModelSelector/Services/Stores/Actions/ModelSelectorSuperProxyActions.cs:487)
System.Runtime.CompilerServices.AsyncMethodBuilderCore/MoveNextRunner:InvokeMoveNext (object)
System.Threading.ExecutionContext:RunInternal (System.Threading.ExecutionContext,System.Threading.ContextCallback,object,bool)
System.Threading.ExecutionContext:Run (System.Threading.ExecutionContext,System.Threading.ContextCallback,object,bool)
System.Runtime.CompilerServices.AsyncMethodBuilderCore/MoveNextRunner:Run ()
System.Threading.Tasks.AwaitTaskContinuation:InvokeAction (object)
System.Threading.Tasks.AwaitTaskContinuation:RunCallback (System.Threading.ContextCallback,object,System.Threading.Tasks.Task&)
System.Threading.Tasks.SynchronizationContextAwaitTaskContinuation:Run (System.Threading.Tasks.Task,bool)
System.Threading.Tasks.Task:FinishContinuations ()
System.Threading.Tasks.Task:FinishStageThree ()
System.Threading.Tasks.Task`1<AiEditorToolsSdk.Components.Common.Responses.Wrappers.OperationResult`1<AiEditorToolsSdk.Components.GenerativeModels.Responses.ModelListV2.ModelListFullResult>>:TrySetResult (AiEditorToolsSdk.Components.Common.Responses.Wrappers.OperationResult`1<AiEditorToolsSdk.Components.GenerativeModels.Responses.ModelListV2.ModelListFullResult>)
System.Runtime.CompilerServices.AsyncTaskMethodBuilder`1<AiEditorToolsSdk.Components.Common.Responses.Wrappers.OperationResult`1<AiEditorToolsSdk.Components.GenerativeModels.Responses.ModelListV2.ModelListFullResult>>:SetResult (AiEditorToolsSdk.Components.Common.Responses.Wrappers.OperationResult`1<AiEditorToolsSdk.Components.GenerativeModels.Responses.ModelListV2.ModelListFullResult>)
AiEditorToolsSdk.Components.GenerativeModels.GenerativeModelsComponentV2/<GetModelsAsync>d__5:MoveNext ()
System.Runtime.CompilerServices.AsyncMethodBuilderCore/MoveNextRunner:InvokeMoveNext (object)
System.Threading.ExecutionContext:RunInternal (System.Threading.ExecutionContext,System.Threading.ContextCallback,object,bool)
System.Threading.ExecutionContext:Run (System.Threading.ExecutionContext,System.Threading.ContextCallback,object,bool)
System.Runtime.CompilerServices.AsyncMethodBuilderCore/MoveNextRunner:Run ()
System.Threading.Tasks.AwaitTaskContinuation:InvokeAction (object)
System.Threading.Tasks.AwaitTaskContinuation:RunCallback (System.Threading.ContextCallback,object,System.Threading.Tasks.Task&)
System.Threading.Tasks.SynchronizationContextAwaitTaskContinuation:Run (System.Threading.Tasks.Task,bool)
System.Threading.Tasks.Task:FinishContinuations ()
System.Threading.Tasks.Task:FinishStageThree ()
System.Threading.Tasks.Task`1<AiEditorToolsSdk.Components.Common.Responses.Wrappers.OperationResult`1<AiEditorToolsSdk.Components.GenerativeModels.Responses.ModelListV2.ModelListFullResult>>:TrySetResult (AiEditorToolsSdk.Components.Common.Responses.Wrappers.OperationResult`1<AiEditorToolsSdk.Components.GenerativeModels.Responses.ModelListV2.ModelListFullResult>)
System.Runtime.CompilerServices.AsyncTaskMethodBuilder`1<AiEditorToolsSdk.Components.Common.Responses.Wrappers.OperationResult`1<AiEditorToolsSdk.Components.GenerativeModels.Responses.ModelListV2.ModelListFullResult>>:SetResult (AiEditorToolsSdk.Components.Common.Responses.Wrappers.OperationResult`1<AiEditorToolsSdk.Components.GenerativeModels.Responses.ModelListV2.ModelListFullResult>)
AiEditorToolsSdk.Application.InternalServices.SdkOperation.SdkOperationService/<ExecuteRequest>d__4`1<AiEditorToolsSdk.Components.GenerativeModels.Responses.ModelListV2.ModelListFullResult>:MoveNext ()
System.Runtime.CompilerServices.AsyncMethodBuilderCore/MoveNextRunner:InvokeMoveNext (object)
System.Threading.ExecutionContext:RunInternal (System.Threading.ExecutionContext,System.Threading.ContextCallback,object,bool)
System.Threading.ExecutionContext:Run (System.Threading.ExecutionContext,System.Threading.ContextCallback,object,bool)
System.Runtime.CompilerServices.AsyncMethodBuilderCore/MoveNextRunner:Run ()
System.Threading.Tasks.AwaitTaskContinuation:InvokeAction (object)
System.Threading.Tasks.AwaitTaskContinuation:RunCallback (System.Threading.ContextCallback,object,System.Threading.Tasks.Task&)
System.Threading.Tasks.SynchronizationContextAwaitTaskContinuation:Run (System.Threading.Tasks.Task,bool)
System.Threading.Tasks.Task:FinishContinuations ()
System.Threading.Tasks.Task:FinishStageThree ()
System.Threading.Tasks.Task`1<AiEditorToolsSdk.Components.Common.Responses.Wrappers.OperationResult`1<AiEditorToolsSdk.Components.GenerativeModels.Responses.ModelListV2.ModelListFullResult>>:TrySetResult (AiEditorToolsSdk.Components.Common.Responses.Wrappers.OperationResult`1<AiEditorToolsSdk.Components.GenerativeModels.Responses.ModelListV2.ModelListFullResult>)
System.Runtime.CompilerServices.AsyncTaskMethodBuilder`1<AiEditorToolsSdk.Components.Common.Responses.Wrappers.OperationResult`1<AiEditorToolsSdk.Components.GenerativeModels.Responses.ModelListV2.ModelListFullResult>>:SetResult (AiEditorToolsSdk.Components.Common.Responses.Wrappers.OperationResult`1<AiEditorToolsSdk.Components.GenerativeModels.Responses.ModelListV2.ModelListFullResult>)
AiEditorToolsSdk.Application.Gateways.GenerativeModels.V2.GenerativeModelsGatewayV2/<GetModelsAsync>d__4:MoveNext ()
System.Runtime.CompilerServices.AsyncMethodBuilderCore/MoveNextRunner:InvokeMoveNext (object)
System.Threading.ExecutionContext:RunInternal (System.Threading.ExecutionContext,System.Threading.ContextCallback,object,bool)
System.Threading.ExecutionContext:Run (System.Threading.ExecutionContext,System.Threading.ContextCallback,object,bool)
System.Runtime.CompilerServices.AsyncMethodBuilderCore/MoveNextRunner:Run ()
System.Threading.Tasks.AwaitTaskContinuation:InvokeAction (object)
System.Threading.Tasks.AwaitTaskContinuation:RunCallback (System.Threading.ContextCallback,object,System.Threading.Tasks.Task&)
System.Threading.Tasks.SynchronizationContextAwaitTaskContinuation:Run (System.Threading.Tasks.Task,bool)
System.Threading.Tasks.Task:FinishContinuations ()
System.Threading.Tasks.Task:FinishStageThree ()
System.Threading.Tasks.Task`1<AiEditorToolsSdk.Domain.Core.Results.Result`2<SuperProxyClientV1Namespace.ModelListFullResponse, AiEditorToolsSdk.Domain.Core.Errors.ApiError>>:TrySetResult (AiEditorToolsSdk.Domain.Core.Results.Result`2<SuperProxyClientV1Namespace.ModelListFullResponse, AiEditorToolsSdk.Domain.Core.Errors.ApiError>)
System.Runtime.CompilerServices.AsyncTaskMethodBuilder`1<AiEditorToolsSdk.Domain.Core.Results.Result`2<SuperProxyClientV1Namespace.ModelListFullResponse, AiEditorToolsSdk.Domain.Core.Errors.ApiError>>:SetResult (AiEditorToolsSdk.Domain.Core.Results.Result`2<SuperProxyClientV1Namespace.ModelListFullResponse, AiEditorToolsSdk.Domain.Core.Errors.ApiError>)
AiEditorToolsSdk.Application.InternalServices.ApiClientProcessor.ApiClientProcessorService/<ProcessApiRequest>d__5`1<SuperProxyClientV1Namespace.ModelListFullResponse>:MoveNext ()
System.Runtime.CompilerServices.AsyncMethodBuilderCore/MoveNextRunner:InvokeMoveNext (object)
System.Threading.ExecutionContext:RunInternal (System.Threading.ExecutionContext,System.Threading.ContextCallback,object,bool)
System.Threading.ExecutionContext:Run (System.Threading.ExecutionContext,System.Threading.ContextCallback,object,bool)
System.Runtime.CompilerServices.AsyncMethodBuilderCore/MoveNextRunner:Run ()
System.Threading.Tasks.AwaitTaskContinuation:InvokeAction (object)
System.Threading.Tasks.AwaitTaskContinuation:RunCallback (System.Threading.ContextCallback,object,System.Threading.Tasks.Task&)
System.Threading.Tasks.SynchronizationContextAwaitTaskContinuation:Run (System.Threading.Tasks.Task,bool)
System.Threading.Tasks.Task:FinishContinuations ()
System.Threading.Tasks.Task:FinishStageThree ()
System.Threading.Tasks.Task`1<AiEditorToolsSdk.Domain.Core.Results.Result`2<SuperProxyClientV1Namespace.ModelListFullResponse, AiEditorToolsSdk.Domain.Core.Errors.ApiError>>:TrySetResult (AiEditorToolsSdk.Domain.Core.Results.Result`2<SuperProxyClientV1Namespace.ModelListFullResponse, AiEditorToolsSdk.Domain.Core.Errors.ApiError>)
System.Runtime.CompilerServices.AsyncTaskMethodBuilder`1<AiEditorToolsSdk.Domain.Core.Results.Result`2<SuperProxyClientV1Namespace.ModelListFullResponse, AiEditorToolsSdk.Domain.Core.Errors.ApiError>>:SetResult (AiEditorToolsSdk.Domain.Core.Results.Result`2<SuperProxyClientV1Namespace.ModelListFullResponse, AiEditorToolsSdk.Domain.Core.Errors.ApiError>)
AiEditorToolsSdk.Application.InternalServices.ApiClientProcessor.ApiClientProcessorService/<ProcessApiRequestImpl>d__6`1<SuperProxyClientV1Namespace.ModelListFullResponse>:MoveNext ()
System.Runtime.CompilerServices.AsyncMethodBuilderCore/MoveNextRunner:InvokeMoveNext (object)
System.Threading.ExecutionContext:RunInternal (System.Threading.ExecutionContext,System.Threading.ContextCallback,object,bool)
System.Threading.ExecutionContext:Run (System.Threading.ExecutionContext,System.Threading.ContextCallback,object,bool)
System.Runtime.CompilerServices.AsyncMethodBuilderCore/MoveNextRunner:Run ()
System.Threading.Tasks.AwaitTaskContinuation:InvokeAction (object)
System.Threading.Tasks.AwaitTaskContinuation:RunCallback (System.Threading.ContextCallback,object,System.Threading.Tasks.Task&)
System.Threading.Tasks.SynchronizationContextAwaitTaskContinuation:Run (System.Threading.Tasks.Task,bool)
System.Threading.Tasks.Task:FinishContinuations ()
System.Threading.Tasks.Task:FinishStageThree ()
System.Threading.Tasks.Task:FinishStageTwo ()
System.Threading.Tasks.Task:Finish (bool)
System.Threading.Tasks.Task:TrySetException (object)
System.Runtime.CompilerServices.AsyncTaskMethodBuilder`1<SuperProxyClientV1Namespace.ModelListFullResponse>:SetException (System.Exception)
AiEditorToolsSdk.Application.Gateways.GenerativeModels.V2.GenerativeModelsGatewayV2/<>c__DisplayClass4_0/<<GetModelsAsync>b__0>d:MoveNext ()
System.Runtime.CompilerServices.AsyncMethodBuilderCore/MoveNextRunner:InvokeMoveNext (object)
System.Threading.ExecutionContext:RunInternal (System.Threading.ExecutionContext,System.Threading.ContextCallback,object,bool)
System.Threading.ExecutionContext:Run (System.Threading.ExecutionContext,System.Threading.ContextCallback,object,bool)
System.Runtime.CompilerServices.AsyncMethodBuilderCore/MoveNextRunner:Run ()
System.Threading.Tasks.SynchronizationContextAwaitTaskContinuation/<>c:<.cctor>b__7_0 (object)
UnityEngine.UnitySynchronizationContext/WorkRequest:Invoke ()
UnityEngine.UnitySynchronizationContext:Exec ()
UnityEngine.UnitySynchronizationContext:ExecuteTasks ()

(Filename: ./Library/PackageCache/com.unity.ai.assistant@6fee27370e6a/Modules/Unity.AI.ModelSelector/Services/Stores/Actions/ModelSelectorSuperProxyActions.cs Line: 487)

TrimDiskCacheJob: Current cache size 0mb
Asset Pipeline Refresh (id=bee041cdcadff554b9a7fb7ee0bff232): Total: 0.037 seconds - Initiated by RefreshV2(AllowForceSynchronousImport)
[Licensing::Client] Error: Code 404 while processing request (status: Found 0 entitlement groups and 0 free entitlements matching requested entitlement ids)
Asset Pipeline Refresh (id=2afe7e993f34f884d813a29f5544ac99): Total: 0.041 seconds - Initiated by RefreshV2(AllowForceSynchronousImport)
[Licensing::Client] Error: Code 404 while processing request (status: Found 0 entitlement groups and 0 free entitlements matching requested entitlement ids)
[Licensing::Client] Successfully resolved entitlement details
[Licensing::Module] License group:
  Id: F4-S82E-258Q-RRPW-KWCH-XXXX
  Product: Unity Personal
  Type: ULF
  Expiration: Unlimited
[Licensing::Module] License group:
  Id: 15669559352791-UnityPersXXXX
  Product: Unity Personal
  Type: Assigned
  Expiration: Unlimited

[main 2026-07-29T02:05:20.084Z] StorageMainService: creating application shared storage
[main 2026-07-29T02:05:20.496Z] [shared storage] Creating shared storage database at 'c:\Users\ikesakutarou\.vscode-shared\sharedStorage\state.vscdb' (wasCreated: false)
[main 2026-07-29T02:05:20.500Z] [shared storage] Initializing fallback application storage (path: c:\Users\ikesakutarou\AppData\Roaming\Code\User\globalStorage\state.vscdb)
[main 2026-07-29T02:05:20.565Z] [shared storage] Fallback application storage initialized with 176 items
[main 2026-07-29T02:05:20.586Z] update#setState idle
(node:11164) [DEP0169] DeprecationWarning: `url.parse()` behavior is not standardized and prone to errors that have security implications. Use the WHATWG URL API instead. CVEs are not issued for `url.parse()` vulnerabilities.
(Use `Code --trace-deprecation ...` to show where the warning was created)
[main 2026-07-29T02:05:26.653Z] AgentHostProcessManager: agent host started
Unknown channel: agentHostClientByokLm
[main 2026-07-29T02:05:29.088Z] [AgentHost:stderr] (node:21752) [DEP0169] DeprecationWarning: `url.parse()` behavior is not standardized and prone to errors that have security implications. Use the WHATWG URL API instead. CVEs are not issued for `url.parse()` vulnerabilities.
(Use `Code --trace-deprecation ...` to show where the warning was created)

Unknown channel: agentHostClientProxy
Unknown channel: agentHostClientProxy
Unknown channel: agentHostClientProxy
Unknown channel: agentHostClientProxy
[main 2026-07-29T02:05:50.704Z] update#setState checking for updates
[main 2026-07-29T02:05:50.829Z] update#setState idle
Asset Pipeline Refresh (id=5819e9437624b0a47a9907bf4cfc7dad): Total: 0.042 seconds - Initiated by RefreshV2(AllowForceSynchronousImport)
Starting new worker id: 1 with log in C:/Users/ikesakutarou/t6-M6/Molkky/Logs/AssetImportWorkerHW1.log
[Worker0] Imported GUID: 6775ddf9c5765094cb6de20daf4a8ae9 - Path: Assets/Script/Skittle.cs - Importer: PreviewImporter -> (ImportResultId: 'ecd10c1f78da79a4f8df1df3386995e4') in 0.0540274 seconds
[Licensing::Client] Successfully resolved entitlement details
[Licensing::Module] License group:
  Id: F4-S82E-258Q-RRPW-KWCH-XXXX
  Product: Unity Personal
  Type: ULF
  Expiration: Unlimited
[Licensing::Module] License group:
  Id: 15669559352791-UnityPersXXXX
  Product: Unity Personal
  Type: Assigned
  Expiration: Unlimited
[Licensing::Client] Error: Code 404 while processing request (status: Found 0 entitlement groups and 0 free entitlements matching requested entitlement ids)

Worker ready: AssetImportWorkerHW1 1
Asset Pipeline Refresh (id=0d7f15c7d2a4bb247b5d2b4c974b8eec): Total: 0.029 seconds - Initiated by RefreshV2(AllowForceSynchronousImport)
[Licensing::Client] Error: Code 404 while processing request (status: Found 0 entitlement groups and 0 free entitlements matching requested entitlement ids)
Asset Pipeline Refresh (id=007d5763f14b72242967a607544c2cb5): Total: 0.037 seconds - Initiated by RefreshV2(AllowForceSynchronousImport)
[Licensing::Client] Error: Code 404 while processing request (status: Found 0 entitlement groups and 0 free entitlements matching requested entitlement ids)
Asset Pipeline Refresh (id=cccafaf95d3d56b40aebb9e6d5226bdb): Total: 0.024 seconds - Initiated by RefreshV2(AllowForceSynchronousImport)
[Licensing::Client] Error: Code 404 while processing request (status: Found 0 entitlement groups and 0 free entitlements matching requested entitlement ids)
[ScriptCompilation] Requested script compilation because: AssetDatabase observed changes in script compilation related files
[Licensing::Client] Successfully resolved entitlement details
[Licensing::Module] License group:
  Id: F4-S82E-258Q-RRPW-KWCH-XXXX
  Product: Unity Personal
  Type: ULF
  Expiration: Unlimited
[Licensing::Module] License group:
  Id: 15669559352791-UnityPersXXXX
  Product: Unity Personal
  Type: Assigned
  Expiration: Unlimited
info: Microsoft.AspNetCore.Hosting.Diagnostics[1]
      Request starting HTTP/2 POST http://ilpp/UnityILPP.PostProcessing/Ping - application/grpc -
info: Microsoft.AspNetCore.Routing.EndpointMiddleware[0]
      Executing endpoint 'gRPC - /UnityILPP.PostProcessing/Ping'
info: Microsoft.AspNetCore.Routing.EndpointMiddleware[1]
      Executed endpoint 'gRPC - /UnityILPP.PostProcessing/Ping'
info: Microsoft.AspNetCore.Hosting.Diagnostics[2]
      Request finished HTTP/2 POST http://ilpp/UnityILPP.PostProcessing/Ping - 200 - application/grpc 1.9075ms
Starting: C:\Program Files\Unity\Hub\Editor\6000.5.0f1\Editor\Data\Tools\BuildPipeline\bee_backend.exe --ipc --defer-dag-verification --dagfile="Library/Bee/1900b0aE.dag" --continue-on-failure --profile="Library/Bee/backend1.traceevents" ScriptAssemblies
WorkingDir: C:/Users/ikesakutarou/t6-M6/Molkky
info: Microsoft.AspNetCore.Hosting.Diagnostics[1]
      Request starting HTTP/2 POST http://ilpp/UnityILPP.PostProcessing/ConfigurePostProcessors - application/grpc -
info: Microsoft.AspNetCore.Routing.EndpointMiddleware[0]
      Executing endpoint 'gRPC - /UnityILPP.PostProcessing/ConfigurePostProcessors'
info: Unity.ILPP.Runner.PostProcessingAssemblyLoadContext[0]
      Current configuration matches the requested one, skipping
info: Microsoft.AspNetCore.Routing.EndpointMiddleware[1]
      Executed endpoint 'gRPC - /UnityILPP.PostProcessing/ConfigurePostProcessors'
info: Microsoft.AspNetCore.Hosting.Diagnostics[2]
      Request finished HTTP/2 POST http://ilpp/UnityILPP.PostProcessing/ConfigurePostProcessors - 200 - application/grpc 4.8116ms
info: Microsoft.AspNetCore.Hosting.Diagnostics[1]
      Request starting HTTP/2 POST http://ilpp/UnityILPP.PostProcessing/PostProcessAssembly - application/grpc -
info: Microsoft.AspNetCore.Hosting.Diagnostics[1]
      Request starting HTTP/2 POST http://ilpp/UnityILPP.PostProcessing/PostProcessAssembly - application/grpc -
info: Microsoft.AspNetCore.Routing.EndpointMiddleware[0]
      Executing endpoint 'gRPC - /UnityILPP.PostProcessing/PostProcessAssembly'
info: Microsoft.AspNetCore.Routing.EndpointMiddleware[0]
      Executing endpoint 'gRPC - /UnityILPP.PostProcessing/PostProcessAssembly'
info: Unity.ILPP.Runner.PostProcessingPipeline[0]
      Processing assembly Library/Bee/artifacts/1900b0aE.dag/Assembly-CSharp-Editor.dll, with 142 defines and 393 references
info: Unity.ILPP.Runner.PostProcessingPipeline[0]
      Processing assembly Library/Bee/artifacts/1900b0aE.dag/Assembly-CSharp.dll, with 144 defines and 369 references
info: Unity.ILPP.Runner.PostProcessingPipeline[0]
      processors: Unity.Jobs.CodeGen.JobsILPostProcessor, zzzUnity.Burst.CodeGen.BurstILPostProcessor
info: Unity.ILPP.Runner.PostProcessingPipeline[0]
      processors: Unity.Jobs.CodeGen.JobsILPostProcessor, zzzUnity.Burst.CodeGen.BurstILPostProcessor
info: Unity.ILPP.Runner.PostProcessingPipeline[0]
      running Unity.Jobs.CodeGen.JobsILPostProcessor
info: Unity.ILPP.Runner.PostProcessingPipeline[0]
      running Unity.Jobs.CodeGen.JobsILPostProcessor
info: Unity.ILPP.Runner.PostProcessingAssemblyLoadContext[0]
      Resolved Unity.Collections, Version=0.0.0.0, Culture=neutral, PublicKeyToken=null with Library\Bee\artifacts\1900b0aE.dag\Unity.Collections.dll
info: Unity.ILPP.Runner.PostProcessingAssemblyLoadContext[0]
      Resolved UnityEditor.CoreModule, Version=0.0.0.0, Culture=neutral, PublicKeyToken=null with C:\Program Files\Unity\Hub\Editor\6000.5.0f1\Editor\Data\Managed\UnityEngine\UnityEditor.CoreModule.dll
info: Unity.ILPP.Runner.PostProcessingAssemblyLoadContext[0]
      Resolved UnityEngine.CoreModule, Version=0.0.0.0, Culture=neutral, PublicKeyToken=null with C:\Program Files\Unity\Hub\Editor\6000.5.0f1\Editor\Data\Managed\UnityEngine\UnityEngine.CoreModule.dll
info: Unity.ILPP.Runner.PostProcessingAssemblyLoadContext[0]
      Resolved Unity.Scripting, Version=0.0.0.0, Culture=neutral, PublicKeyToken=null with C:\Program Files\Unity\Hub\Editor\6000.5.0f1\Editor\Data\Managed\UnityEngine\Unity.Scripting.dll
info: Unity.ILPP.Runner.PostProcessingPipeline[0]
      running zzzUnity.Burst.CodeGen.BurstILPostProcessor
info: Unity.ILPP.Runner.PostProcessingPipeline[0]
      running zzzUnity.Burst.CodeGen.BurstILPostProcessor
info: Unity.ILPP.Runner.PostProcessingAssemblyLoadContext[0]
      Resolved Unity.Burst.Cecil.Rocks, Version=0.11.6.0, Culture=neutral, PublicKeyToken=50cebf1cceb9d05e with Library\PackageCache\com.unity.burst@6bb9aca3ef38\Unity.Burst.CodeGen\Unity.Burst.Cecil.Rocks.dll
info: Microsoft.AspNetCore.Routing.EndpointMiddleware[1]
      Executed endpoint 'gRPC - /UnityILPP.PostProcessing/PostProcessAssembly'
info: Microsoft.AspNetCore.Routing.EndpointMiddleware[1]
      Executed endpoint 'gRPC - /UnityILPP.PostProcessing/PostProcessAssembly'
info: Microsoft.AspNetCore.Hosting.Diagnostics[2]
      Request finished HTTP/2 POST http://ilpp/UnityILPP.PostProcessing/PostProcessAssembly - 200 - application/grpc 2866.5876ms
info: Microsoft.AspNetCore.Hosting.Diagnostics[2]
      Request finished HTTP/2 POST http://ilpp/UnityILPP.PostProcessing/PostProcessAssembly - 200 - application/grpc 2866.8293ms
ExitCode: 0 Duration: 7s463ms
[1247/1640  0s] ILPP-Configuration Library/ilpp-configuration.nevergeneratedoutput
[1632/1640  3s] Csc Library/Bee/artifacts/1900b0aE.dag/Assembly-CSharp.dll (+2 others)
[1634/1640  3s] ILPostProcess Library/Bee/artifacts/1900b0aE.dag/post-processed/Assembly-CSharp-Editor.dll (+pdb)
Processing assembly Library/Bee/artifacts/1900b0aE.dag/Assembly-CSharp-Editor.dll, with 142 defines and 393 references

processors: Unity.Jobs.CodeGen.JobsILPostProcessor, zzzUnity.Burst.CodeGen.BurstILPostProcessor

running Unity.Jobs.CodeGen.JobsILPostProcessor

running zzzUnity.Burst.CodeGen.BurstILPostProcessor
[1635/1640  3s] ILPostProcess Library/Bee/artifacts/1900b0aE.dag/post-processed/Assembly-CSharp.dll (+pdb)
Processing assembly Library/Bee/artifacts/1900b0aE.dag/Assembly-CSharp.dll, with 144 defines and 369 references

processors: Unity.Jobs.CodeGen.JobsILPostProcessor, zzzUnity.Burst.CodeGen.BurstILPostProcessor

running Unity.Jobs.CodeGen.JobsILPostProcessor

running zzzUnity.Burst.CodeGen.BurstILPostProcessor
[1638/1640  0s] CopyFiles Library/ScriptAssemblies/Assembly-CSharp.pdb
[1639/1640  0s] CopyFiles Library/ScriptAssemblies/Assembly-CSharp.dll
*** Tundra build success (7.34 seconds), 6 items updated, 1640 evaluated
Reloading assemblies after forced synchronous recompile.
Begin MonoManager ReloadAssembly
[INFO ] [relay] log Domain reload signal received from client editor-8924-widk5y
UnityException: Calls to "AssetDatabase.RegisterCustomDependency" are restricted during importing. Custom dependencies can only be removed when the assetdatabase is not importing.
  at (wrapper managed-to-native) UnityEditor.AssetDatabase.RegisterCustomDependency_Injected(UnityEngine.Bindings.ManagedSpanWrapper&,UnityEngine.Hash128&)
  at UnityEditor.AssetDatabase.RegisterCustomDependency (System.String dependency, UnityEngine.Hash128 hashOfValue) [0x0002a] in <cd9a5dfa62e34daeb7c2d29ef5f4929b>:0 
  at UnityEditor.ShaderGraph.RenderPipelineChangedCallback.SRPChanged () [0x00000] in .\Library\PackageCache\com.unity.shadergraph@3fa956880a81\Editor\Importers\RenderPipelineChangedCallback.cs:22 
  at (wrapper delegate-invoke) <Module>.invoke_void()
  at UnityEngine.Rendering.RenderPipelineManager.set_currentPipeline (UnityEngine.Rendering.RenderPipeline value) [0x0001c] in <baf9d421e5ac43acaf162d71aef6a04c>:0 
  at UnityEngine.Rendering.RenderPipelineManager.CleanupRenderPipeline () [0x00039] in <baf9d421e5ac43acaf162d71aef6a04c>:0 
  at UnityEngine.Rendering.RenderPipelineAsset.OnDisable () [0x00000] in <baf9d421e5ac43acaf162d71aef6a04c>:0 
  at UnityEngine.Rendering.Universal.UniversalRenderPipelineAsset.OnDisable () [0x00006] in .\Library\PackageCache\com.unity.render-pipelines.universal@0c18adc4ff89\Runtime\Data\UniversalRenderPipelineAsset.cs:835 

(Filename: ./Library/PackageCache/com.unity.shadergraph@3fa956880a81/Editor/Importers/RenderPipelineChangedCallback.cs Line: 22)

Total cache size 266817116
Total cache size after purge 266817116, took 00:00:02.2360428
Symbol file LoadedFromMemory is not a mono symbol file
Symbol file LoadedFromMemory is not a mono symbol file
Refreshing native plugins compatible for Editor in 16.28 ms, found 5 plugins.
Native extension for WindowsStandalone target not found
Native extension for WebGL target not found
[MODES] ModeService[none].Initialize
[MODES] ModeService[none].LoadModes
Refreshing native plugins compatible for Editor in 14.92 ms, found 5 plugins.
[Licensing::Client] Error: Code 404 while processing request (status: Found 0 entitlement groups and 0 free entitlements matching requested entitlement ids)
ScheduleIndexationOnStartup MainProcess:True IndexOnStartup:True
Mono: successfully reloaded assembly
- Finished resetting the current domain, in  6.117 seconds
Domain Reload Profiling: 11091ms
	BeginReloadAssembly (3323ms)
		DisableScriptedObjects (1409ms)
		CreateAndSetChildDomain (1197ms)
	RebuildCommonClasses (18ms)
	RebuildNativeTypeToScriptingClass (29ms)
	initialDomainReloadingComplete (366ms)
	LoadAllAssembliesAndSetupDomain (1235ms)
		LoadAssemblies (482ms)
		AnalyzeDomain (702ms)
			TypeCache.Refresh (27ms)
			BuildScriptInfoCaches (655ms)
			ResolveRequiredComponents (16ms)
	FinalizeReload (6119ms)
		SetupLoadedEditorAssemblies (0ms)
			InitializePlatformSupportModulesInManaged (4ms)
			BeforeProcessingInitializeOnLoad (556ms)
			ProcessInitializeOnLoadAttributes (2177ms)
			ProcessInitializeOnLoadMethodAttributes (1081ms)
			AfterProcessingInitializeOnLoad (10ms)
		AwakeInstancesAfterBackupRestoration (1236ms)
Refreshing native plugins compatible for Editor in 17.06 ms, found 5 plugins.

Asset Pipeline Refresh (id=f9f8e6f24fa30a747b5895f25365568c): Total: 21.184 seconds - Initiated by RefreshV2(AllowForceSynchronousImport)
	(Values over 0.05ms)
	Summary:
		Imports: total=0 (actual=0, local cache=0, cache server=0)
		Asset DB Process Time: managed=0 ms, native=6784 ms
		Asset DB Callback time: managed=772 ms, native=136 ms
		Scripting: domain reloads=1, domain reload time=5402 ms, compile time=8088 ms, other=0 ms
		Project Asset Count: scripts=2160, non-scripts=5551
		Asset File Changes: new=0, changed=1, moved=0, deleted=0
		Scan Filter Count: 0
	InvokePackagesCallback: 15.684ms
	ApplyChangesToAssetFolders: 0.956ms
	Scan: 47.564ms
	Collect global state as custom dependencies: 7.056ms
	OnSourceAssetsModified: 3.564ms
	CategorizeScriptCompilationAssets: 0.090ms
	ProcessAssetsWithTransientArtifactChanges: 15.262ms
	CategorizeAssets: 209.512ms
	CompileScripts: 8088.336ms
	ImportOutOfDateAssets: 6338.212ms (6193.671ms without children)
		CollectScriptTypesHashes: 12.089ms
		ReloadNativeAssets: 3.526ms
		UnloadImportedAssets: 3.534ms
		EnsureUptoDateAssetsAreRegisteredWithGuidPM: 2.527ms
		ImportSchedulerStart: 134.868ms
	PostProcessAllAssets: 774.909ms
		XRBuildSystem.XRAssetImported 1.287ms
		PostProcessCallbackCreateDeferredMaterials 0.059ms
		MonoPostProcessAllAssets: 770.375ms
			AssetPostprocessor.OnPostprocessAllAssets 226.985ms
			AssetReferenceReimportMonitor.OnPostprocessAllAssets 63.035ms
			UniversalRenderPipelineGlobalSettingsPostprocessor.OnPostprocessAllAssets 25.230ms
			SyncVS.PostprocessSyncProject 24.922ms
			BuilderAssetPostprocessor.OnPostprocessAllAssets 14.012ms
			AssetChangedListener.OnPostprocessAllAssets 13.921ms
			SpriteSlicePostprocessor.OnPostprocessAllAssets 7.322ms
			SpeedTree9Postprocessor.OnPostprocessAllAssets 5.233ms
			ShaderGraphAssetPostProcessor.OnPostprocessAllAssets 4.119ms
			WindowAssetPostprocessingWatcher.OnPostprocessAllAssets 3.816ms
			GraphRefreshPostprocessor.OnPostprocessAllAssets 3.319ms
			RetainedModeAssetPostprocessor.OnPostprocessAllAssets 2.893ms
			MaterialPostprocessor.OnPostprocessAllAssets 2.150ms
			RenderPipelineGlobalSettingsPostprocessor.OnPostprocessAllAssets 2.057ms
			SpriteEditorTexturePostprocessor.OnPostprocessAllAssets 1.793ms
			AssetChangeDetector.OnPostprocessAllAssets 1.581ms
			TMPro_TexturePostProcessor.OnPostprocessAllAssets 1.479ms
			ArtifactBrowserPostProcessor.OnPostprocessAllAssets 1.444ms
			ShaderReflectionAssetPostProcessor.OnPostprocessAllAssets 1.086ms
			TextAssetPostProcessor.OnPostprocessAllAssets 1.044ms
			SkillsProjectAssetPostprocessor.OnPostprocessAllAssets 1.043ms
			ModelAssetProcessor.OnPostprocessAllAssets 1.017ms
			InputActionAssetPostprocessor.OnPostprocessAllAssets 1.006ms
			UVCSAssetPostprocessor.OnPostprocessAllAssets 0.944ms
			InputActionJsonNameModifierAssetProcessor.OnPostprocessAllAssets 0.889ms
			ReferencedClipsPostProcessor.OnPostprocessAllAssets 0.834ms
			SampleDependencyImporterPostProcessor.OnPostprocessAllAssets 0.803ms
			StyleCatalogPostProcessor.OnPostprocessAllAssets 0.792ms
			AudioMixerPostprocessor.OnPostprocessAllAssets 0.753ms
			SpeedTreePostProcessor.OnPostprocessAllAssets 0.642ms
			PostProcessor.OnPostprocessAllAssets 0.581ms
			AssetEvents.OnPostprocessAllAssets 0.528ms
			ProjectSettingsPostprocessor.OnPostprocessAllAssets 0.474ms
			SamplePostprocessor.OnPostprocessAllAssets 0.466ms
			TerrainToolbarOverlayPostProcessor.OnPostprocessAllAssets 0.441ms
			ConfigAssetsTracker.OnPostprocessAllAssets 0.436ms
			AssetDatabaseCallbacks.OnPostprocessAllAssets 0.393ms
			ScenarioDriftAssetsTracker.OnPostprocessAllAssets 0.305ms
			TrackSelectedAssetsProcessor.OnPostprocessAllAssets 0.246ms
			AudioContainerPostProcessor.OnPostprocessAllAssets 0.198ms
	PostAssetChangesProfiler: 128.828ms
	GatherAllCurrentPrimaryImportResultRevisions: 0.747ms
	PersistCurrentRevisions: 0.511ms
	GenerateScriptTypeHashes: 16.084ms
	GenerateScriptTypeSerializationHashes: 25.474ms
	Untracked: 5527.900ms

Asset Pipeline Refresh (id=0357fbd1e5cc51840a9377a53b648048): Total: 0.022 seconds - Initiated by RefreshV2(AllowForceSynchronousImport)
Asset Pipeline Refresh (id=2e85c1b8e55cab64ebdc3378e34c523c): Total: 0.026 seconds - Initiated by RefreshV2(AllowForceSynchronousImport)
[Licensing::Client] Error: Code 404 while processing request (status: Found 0 entitlement groups and 0 free entitlements matching requested entitlement ids)
[Licensing::Client] Error: Code 404 while processing request (status: Found 0 entitlement groups and 0 free entitlements matching requested entitlement ids)
[Licensing::Client] Successfully resolved entitlement details
[Licensing::Client] Successfully resolved entitlement details
[Licensing::Client] Successfully resolved entitlement details
[RelayService] Bus validation failed: TaskCanceledException: A task was canceled.
UnityEngine.Debug:ExtractStackTraceNoAlloc (byte*,int,string)
UnityEngine.StackTraceUtility:ExtractStackTrace ()
UnityEngine.DebugLogHandler:Internal_Log (UnityEngine.LogType,UnityEngine.LogOption,string,UnityEngine.Object)
UnityEngine.DebugLogHandler:LogFormat (UnityEngine.LogType,UnityEngine.Object,string,object[])
UnityEngine.Logger:Log (UnityEngine.LogType,object)
UnityEngine.Debug:LogWarning (object)
Unity.Relay.Editor.RelayService/<TryConnectAsync>d__103:MoveNext () (at ./Library/PackageCache/com.unity.ai.assistant@6fee27370e6a/Editor/Assistant/Relay/RelayService.cs:761)
System.Runtime.CompilerServices.AsyncMethodBuilderCore/MoveNextRunner:InvokeMoveNext (object)
System.Threading.ExecutionContext:RunInternal (System.Threading.ExecutionContext,System.Threading.ContextCallback,object,bool)
System.Threading.ExecutionContext:Run (System.Threading.ExecutionContext,System.Threading.ContextCallback,object,bool)
System.Runtime.CompilerServices.AsyncMethodBuilderCore/MoveNextRunner:Run ()
System.Threading.Tasks.AwaitTaskContinuation:RunOrScheduleAction (System.Action,bool,System.Threading.Tasks.Task&)
System.Threading.Tasks.Task:FinishContinuations ()
System.Threading.Tasks.Task:FinishStageThree ()
System.Threading.Tasks.Task`1<bool>:TrySetResult (bool)
System.Runtime.CompilerServices.AsyncTaskMethodBuilder`1<bool>:SetResult (bool)
Unity.Relay.Editor.RelayService/<ValidateRelayViaBusAsync>d__113:MoveNext () (at ./Library/PackageCache/com.unity.ai.assistant@6fee27370e6a/Editor/Assistant/Relay/RelayService.cs:1072)
System.Runtime.CompilerServices.AsyncMethodBuilderCore/MoveNextRunner:InvokeMoveNext (object)
System.Threading.ExecutionContext:RunInternal (System.Threading.ExecutionContext,System.Threading.ContextCallback,object,bool)
System.Threading.ExecutionContext:Run (System.Threading.ExecutionContext,System.Threading.ContextCallback,object,bool)
System.Runtime.CompilerServices.AsyncMethodBuilderCore/MoveNextRunner:Run ()
System.Threading.Tasks.AwaitTaskContinuation:RunOrScheduleAction (System.Action,bool,System.Threading.Tasks.Task&)
System.Threading.Tasks.Task:FinishContinuations ()
System.Threading.Tasks.Task:FinishStageThree ()
System.Threading.Tasks.Task:CancellationCleanupLogic ()
System.Threading.Tasks.Task:TrySetCanceled (System.Threading.CancellationToken,object)
System.Runtime.CompilerServices.AsyncTaskMethodBuilder`1<Unity.Relay.InfoResponse>:SetException (System.Exception)
Unity.Relay.RelayBus/<CallAsync>d__19`2<Unity.Relay.InfoRequest, Unity.Relay.InfoResponse>:MoveNext () (at ./Library/PackageCache/com.unity.ai.assistant@6fee27370e6a/Editor/Assistant/Relay/Bus/RelayBus.cs:173)
System.Runtime.CompilerServices.AsyncMethodBuilderCore/MoveNextRunner:InvokeMoveNext (object)
System.Threading.ExecutionContext:RunInternal (System.Threading.ExecutionContext,System.Threading.ContextCallback,object,bool)
System.Threading.ExecutionContext:Run (System.Threading.ExecutionContext,System.Threading.ContextCallback,object,bool)
System.Runtime.CompilerServices.AsyncMethodBuilderCore/MoveNextRunner:Run ()
System.Threading.Tasks.AwaitTaskContinuation:RunOrScheduleAction (System.Action,bool,System.Threading.Tasks.Task&)
System.Threading.Tasks.Task:FinishContinuations ()
System.Threading.Tasks.Task:FinishStageThree ()
System.Threading.Tasks.Task:CancellationCleanupLogic ()
System.Threading.Tasks.Task:TrySetCanceled (System.Threading.CancellationToken,object)
System.Runtime.CompilerServices.AsyncTaskMethodBuilder`1<Unity.Relay.InfoResponse>:SetException (System.Exception)
Unity.Relay.RelayBus/<CallCoreAsync>d__21`2<Unity.Relay.InfoRequest, Unity.Relay.InfoResponse>:MoveNext () (at ./Library/PackageCache/com.unity.ai.assistant@6fee27370e6a/Editor/Assistant/Relay/Bus/RelayBus.cs:222)
System.Runtime.CompilerServices.AsyncMethodBuilderCore/MoveNextRunner:InvokeMoveNext (object)
System.Threading.ExecutionContext:RunInternal (System.Threading.ExecutionContext,System.Threading.ContextCallback,object,bool)
System.Threading.ExecutionContext:Run (System.Threading.ExecutionContext,System.Threading.ContextCallback,object,bool)
System.Runtime.CompilerServices.AsyncMethodBuilderCore/MoveNextRunner:Run ()
System.Threading.Tasks.AwaitTaskContinuation:System.Threading.IThreadPoolWorkItem.ExecuteWorkItem ()
System.Threading.ThreadPoolWorkQueue:Dispatch ()
System.Threading._ThreadPoolWaitCallback:PerformWaitCallback ()

(Filename: ./Library/PackageCache/com.unity.ai.assistant@6fee27370e6a/Editor/Assistant/Relay/RelayService.cs Line: 761)

[Licensing::Client] Error: Code 404 while processing request (status: Found 0 entitlement groups and 0 free entitlements matching requested entitlement ids)
[Licensing::Client] Error: Code 404 while processing request (status: Found 0 entitlement groups and 0 free entitlements matching requested entitlement ids)
[Licensing::Client] Error: Code 404 while processing request (status: Found 0 entitlement groups and 0 free entitlements matching requested entitlement ids)
[Licensing::Client] Error: Code 404 while processing request (status: Found 0 entitlement groups and 0 free entitlements matching requested entitlement ids)
[Licensing::Client] Error: Code 404 while processing request (status: Found 0 entitlement groups and 0 free entitlements matching requested entitlement ids)
[Licensing::Client] Error: Code 404 while processing request (status: Found 0 entitlement groups and 0 free entitlements matching requested entitlement ids)
UPID Received 'ca0305d8-fd50-418a-928d-79e1b140c2d6'.
[Licensing::Client] Error: Code 404 while processing request (status: Found 0 entitlement groups and 0 free entitlements matching requested entitlement ids)
[Licensing::Client] Error: Code 404 while processing request (status: Found 0 entitlement groups and 0 free entitlements matching requested entitlement ids)
[Worker0] Imported GUID: 6775ddf9c5765094cb6de20daf4a8ae9 - Path: Assets/Script/Skittle.cs - Importer: PreviewImporter -> (ImportResultId: '645e2b3e5eadf5913909f285c35c12fd') in 0.0461097 seconds
Asset Pipeline Refresh (id=629d68475ad6a124d8972986c4d0a058): Total: 0.029 seconds - Initiated by RefreshV2(AllowForceSynchronousImport)
[Licensing::Client] Error: Code 404 while processing request (status: Found 0 entitlement groups and 0 free entitlements matching requested entitlement ids)
Importing 'GUID: 00000000000000009000000000000000 - Path: ProjectSettings/QualitySettings.asset' with importer (LibraryAssetImporter)
Imported 'GUID: 00000000000000009000000000000000' -> (Import Result ID: 'afe4fdbe875b4f2573f6b154b3cd9ecc') in 0.014 seconds [static dependencies only]. Details - ImportResultOutputID=7b12711da11c94ad897442b4820d3f7b DependenciesID=d1d33c884cb535f7c7b0a21df0c5e9d6 StaticDependenciesID=1b452153127fdef2b3d894f2b4cf8d31 
Importing 'GUID: 0000000000000000b000000000000000 - Path: ProjectSettings/EditorBuildSettings.asset' with importer (LibraryAssetImporter)
Imported 'GUID: 0000000000000000b000000000000000' -> (Import Result ID: '541f0aa03b4be460d0fe9007ce7a638d') in 0.003 seconds [static dependencies only]. Details - ImportResultOutputID=4647dd083cfc32cebcd7526e8846440c DependenciesID=1079207d88d50fb71db1e1182d3de812 StaticDependenciesID=e92df6a8cdf153797870494d84f2c9d1 
Importing 'GUID: 00000000000000006100000000000000 - Path: ProjectSettings/GraphicsSettings.asset' with importer (LibraryAssetImporter)
Imported 'GUID: 00000000000000006100000000000000' -> (Import Result ID: 'eeae983e7e5e6a680477080d59405b52') in 0.003 seconds [static dependencies only]. Details - ImportResultOutputID=f9600466f06a676b7a4f639f6629ea48 DependenciesID=feb4dbc61ecf9f2b2ccc0963a4b2f231 StaticDependenciesID=30988c48a9cbee2cf60a1d41247832b2 
Refreshing native plugins compatible for Editor in 17.71 ms, found 5 plugins.

Asset Pipeline Refresh (id=59a131bfd0fbdcb46ad236593856b1cb): Total: 0.312 seconds - Initiated by StopAssetImportingV2(NoUpdateAssetOptions)
	(Values over 0.05ms)
	Summary:
		Imports: total=3 (actual=3, local cache=0, cache server=0)
		Asset DB Process Time: managed=4 ms, native=257 ms
		Asset DB Callback time: managed=25 ms, native=23 ms
		Scripting: domain reloads=0, domain reload time=0 ms, compile time=0 ms, other=0 ms
		Project Asset Count: scripts=2160, non-scripts=5551
		Asset File Changes: new=0, changed=0, moved=0, deleted=0
		Scan Filter Count: 3
	ApplyChangesToAssetFolders: 0.287ms
	Scan: 47.404ms
	Collect global state as custom dependencies: 0.116ms
	ProcessAssetsWithTransientArtifactChanges: 0.273ms
	CategorizeAssets: 5.965ms
	ImportOutOfDateAssets: 200.254ms (27.123ms without children)
		ImportManagerImport: 30.822ms (2.099ms without children)
			UpdateCategorizedAssets: 0.096ms
		ReloadNativeAssets: 0.155ms
		UnloadImportedAssets: 0.388ms
		EnsureUptoDateAssetsAreRegisteredWithGuidPM: 1.700ms
		ImportSchedulerStart: 140.059ms
	PostProcessAllAssets: 27.234ms
		XRBuildSystem.XRAssetImported 1.088ms
		MonoPostProcessAllAssets: 25.670ms
			AssetPostprocessor.OnPostprocessAllAssets 6.484ms
			SyncVS.PostprocessSyncProject 5.010ms
			UniversalRenderPipelineGlobalSettingsPostprocessor.OnPostprocessAllAssets 4.354ms
			AssetChangedListener.OnPostprocessAllAssets 0.388ms
			SpriteEditorTexturePostprocessor.OnPostprocessAllAssets 0.345ms
			ShaderGraphAssetPostProcessor.OnPostprocessAllAssets 0.284ms
			ModelAssetProcessor.OnPostprocessAllAssets 0.238ms
			GraphRefreshPostprocessor.OnPostprocessAllAssets 0.119ms
			TextAssetPostProcessor.OnPostprocessAllAssets 0.059ms
			PostProcessor.OnPostprocessAllAssets 0.058ms
			SpriteSlicePostprocessor.OnPostprocessAllAssets 0.052ms
	PostAssetChangesProfiler: 22.395ms
	GatherAllCurrentPrimaryImportResultRevisions: 0.867ms
	PersistCurrentRevisions: 0.503ms
	Untracked: 6.399ms

Importing 'GUID: 99c9720ab356a0642a771bea13969a05 - Path: Assets/Scenes/GameScene.unity' with importer (DefaultImporter)
Imported 'GUID: 99c9720ab356a0642a771bea13969a05' -> (Import Result ID: '58c7d3d66de053aa651141c50bc1bb69') in 0.013 seconds [static dependencies only]. Details - ImportResultOutputID=204cd3d35d55972754313a6d1042cb8d DependenciesID=3bf12e41f19393e4bf2699c589b576a5 StaticDependenciesID=8622a67111b6808ec2a3d041f0d06847 
Refreshing native plugins compatible for Editor in 21.36 ms, found 5 plugins.

Asset Pipeline Refresh (id=0958a69989ba07a44bdec315fde1557c): Total: 0.344 seconds - Initiated by StopAssetImportingV2(NoUpdateAssetOptions)
	(Values over 0.05ms)
	Summary:
		Imports: total=1 (actual=1, local cache=0, cache server=0)
		Asset DB Process Time: managed=0 ms, native=307 ms
		Asset DB Callback time: managed=10 ms, native=24 ms
		Scripting: domain reloads=0, domain reload time=0 ms, compile time=0 ms, other=0 ms
		Project Asset Count: scripts=2160, non-scripts=5551
		Asset File Changes: new=0, changed=1, moved=0, deleted=0
		Scan Filter Count: 3
	ApplyChangesToAssetFolders: 0.303ms
	Scan: 36.721ms
	Collect global state as custom dependencies: 0.127ms
	OnSourceAssetsModified: 1.536ms
	ProcessAssetsWithTransientArtifactChanges: 0.137ms
	CategorizeAssets: 70.266ms
	ImportOutOfDateAssets: 186.887ms (25.618ms without children)
		ImportManagerImport: 16.497ms (1.212ms without children)
		ReloadNativeAssets: 0.129ms
		UnloadImportedAssets: 0.598ms
		EnsureUptoDateAssetsAreRegisteredWithGuidPM: 2.560ms
		ImportSchedulerStart: 141.443ms
	PostProcessAllAssets: 10.949ms
		XRBuildSystem.XRAssetImported 1.294ms
		MonoPostProcessAllAssets: 9.389ms
			SyncVS.PostprocessSyncProject 6.165ms
			AssetChangedListener.OnPostprocessAllAssets 0.746ms
			ModelAssetProcessor.OnPostprocessAllAssets 0.315ms
			SpriteEditorTexturePostprocessor.OnPostprocessAllAssets 0.314ms
			RenderPipelineGlobalSettingsPostprocessor.OnPostprocessAllAssets 0.295ms
			ShaderGraphAssetPostProcessor.OnPostprocessAllAssets 0.186ms
			AssetPostprocessor.OnPostprocessAllAssets 0.129ms
			GraphRefreshPostprocessor.OnPostprocessAllAssets 0.118ms
			RetainedModeAssetPostprocessor.OnPostprocessAllAssets 0.050ms
	PostAssetChangesProfiler: 23.212ms
	GatherAllCurrentPrimaryImportResultRevisions: 0.705ms
	PersistCurrentRevisions: 0.733ms
	Untracked: 12.090ms

Reloading assemblies for play mode.
Reloading assemblies after forced synchronous recompile.
Begin MonoManager ReloadAssembly
Symbol file LoadedFromMemory is not a mono symbol file
Symbol file LoadedFromMemory is not a mono symbol file
Refreshing native plugins compatible for Editor in 17.10 ms, found 5 plugins.
Native extension for WindowsStandalone target not found
Native extension for WebGL target not found
[MODES] ModeService[none].Initialize
[MODES] ModeService[none].LoadModes
[Licensing::Client] Error: Code 404 while processing request (status: Found 0 entitlement groups and 0 free entitlements matching requested entitlement ids)
ScheduleIndexationOnStartup MainProcess:True IndexOnStartup:True
Mono: successfully reloaded assembly
- Finished resetting the current domain, in  6.042 seconds
Domain Reload Profiling: 8713ms
	BeginReloadAssembly (1725ms)
		DisableScriptedObjects (260ms)
		CreateAndSetChildDomain (1051ms)
	RebuildCommonClasses (18ms)
	RebuildNativeTypeToScriptingClass (28ms)
	initialDomainReloadingComplete (313ms)
	LoadAllAssembliesAndSetupDomain (584ms)
		LoadAssemblies (439ms)
		AnalyzeDomain (53ms)
			TypeCache.Refresh (23ms)
			ResolveRequiredComponents (20ms)
	FinalizeReload (6045ms)
		SetupLoadedEditorAssemblies (0ms)
			InitializePlatformSupportModulesInManaged (4ms)
			BeforeProcessingInitializeOnLoad (258ms)
			ProcessInitializeOnLoadAttributes (2038ms)
			ProcessInitializeOnLoadMethodAttributes (1221ms)
			AfterProcessingInitializeOnLoad (8ms)
		AwakeInstancesAfterBackupRestoration (1189ms)

Asset Pipeline Refresh (id=ae5181336cedcad4cb097a7f0ffb745e): Total: 9.634 seconds - Initiated by StopAssetImportingV2(ForceSynchronousImport | ForceDomainReload)
	(Values over 0.05ms)
	Summary:
		Imports: total=0 (actual=0, local cache=0, cache server=0)
		Asset DB Process Time: managed=0 ms, native=6574 ms
		Asset DB Callback time: managed=99 ms, native=2 ms
		Scripting: domain reloads=1, domain reload time=2954 ms, compile time=3 ms, other=0 ms
		Project Asset Count: scripts=2160, non-scripts=5551
		Asset File Changes: new=0, changed=0, moved=0, deleted=0
		Scan Filter Count: 0
	InvokePackagesCallback: 10.478ms
	ApplyChangesToAssetFolders: 0.765ms
	Collect global state as custom dependencies: 4.507ms
	ProcessAssetsWithTransientArtifactChanges: 0.346ms
	CategorizeAssets: 200.145ms
	CompileScripts: 3.172ms
	ImportOutOfDateAssets: 6242.476ms (6099.798ms without children)
		CollectScriptTypesHashes: 1.803ms
		ReloadNativeAssets: 2.994ms
		UnloadImportedAssets: 0.543ms
		EnsureUptoDateAssetsAreRegisteredWithGuidPM: 2.592ms
		ImportSchedulerStart: 136.454ms
	PostProcessAllAssets: 99.922ms
		MonoPostProcessAllAssets: 99.911ms
			SyncVS.PostprocessSyncProject 25.745ms
			UniversalRenderPipelineGlobalSettingsPostprocessor.OnPostprocessAllAssets 25.269ms
			WindowAssetPostprocessingWatcher.OnPostprocessAllAssets 5.234ms
			GraphRefreshPostprocessor.OnPostprocessAllAssets 5.027ms
			SpeedTree9Postprocessor.OnPostprocessAllAssets 4.676ms
			AssetChangeDetector.OnPostprocessAllAssets 2.747ms
			RenderPipelineGlobalSettingsPostprocessor.OnPostprocessAllAssets 1.858ms
			ReferencedClipsPostProcessor.OnPostprocessAllAssets 1.016ms
			ShaderReflectionAssetPostProcessor.OnPostprocessAllAssets 0.972ms
			AssetChangedListener.OnPostprocessAllAssets 0.746ms
			InputActionAssetPostprocessor.OnPostprocessAllAssets 0.691ms
			AssetDatabaseCallbacks.OnPostprocessAllAssets 0.518ms
			ProjectSettingsPostprocessor.OnPostprocessAllAssets 0.368ms
			TerrainToolbarOverlayPostProcessor.OnPostprocessAllAssets 0.363ms
			ModelAssetProcessor.OnPostprocessAllAssets 0.315ms
			SpriteEditorTexturePostprocessor.OnPostprocessAllAssets 0.314ms
			ShaderGraphAssetPostProcessor.OnPostprocessAllAssets 0.186ms
			AssetPostprocessor.OnPostprocessAllAssets 0.129ms
			RetainedModeAssetPostprocessor.OnPostprocessAllAssets 0.050ms
	GatherAllCurrentPrimaryImportResultRevisions: 0.592ms
	UnloadStreamsBegin: 3.578ms
	PersistCurrentRevisions: 0.673ms
	GenerateScriptTypeHashes: 8.006ms
	GenerateScriptTypeSerializationHashes: 13.718ms
	Untracked: 3047.501ms

Loaded scene 'Temp/__Backupscenes/0.backup'
	Deserialize:            15.535 ms
	Integration:            823.517 ms
	Integration of assets:  0.253 ms
	Thread Wait Time:       -0.189 ms
	Total Operation Time:   839.116 ms
[Licensing::Client] Error: Code 404 while processing request (status: Found 0 entitlement groups and 0 free entitlements matching requested entitlement ids)
[Licensing::Client] Successfully resolved entitlement details
[Licensing::Client] Successfully resolved entitlement details
[Licensing::Client] Successfully resolved entitlement details
[RelayService] Bus validation failed: TaskCanceledException: A task was canceled.
UnityEngine.Debug:ExtractStackTraceNoAlloc (byte*,int,string)
UnityEngine.StackTraceUtility:ExtractStackTrace ()
UnityEngine.DebugLogHandler:Internal_Log (UnityEngine.LogType,UnityEngine.LogOption,string,UnityEngine.Object)
UnityEngine.DebugLogHandler:LogFormat (UnityEngine.LogType,UnityEngine.Object,string,object[])
UnityEngine.Logger:Log (UnityEngine.LogType,object)
UnityEngine.Debug:LogWarning (object)
Unity.Relay.Editor.RelayService/<TryConnectAsync>d__103:MoveNext () (at ./Library/PackageCache/com.unity.ai.assistant@6fee27370e6a/Editor/Assistant/Relay/RelayService.cs:761)
System.Runtime.CompilerServices.AsyncMethodBuilderCore/MoveNextRunner:InvokeMoveNext (object)
System.Threading.ExecutionContext:RunInternal (System.Threading.ExecutionContext,System.Threading.ContextCallback,object,bool)
System.Threading.ExecutionContext:Run (System.Threading.ExecutionContext,System.Threading.ContextCallback,object,bool)
System.Runtime.CompilerServices.AsyncMethodBuilderCore/MoveNextRunner:Run ()
System.Threading.Tasks.AwaitTaskContinuation:RunOrScheduleAction (System.Action,bool,System.Threading.Tasks.Task&)
System.Threading.Tasks.Task:FinishContinuations ()
System.Threading.Tasks.Task:FinishStageThree ()
System.Threading.Tasks.Task`1<bool>:TrySetResult (bool)
System.Runtime.CompilerServices.AsyncTaskMethodBuilder`1<bool>:SetResult (bool)
Unity.Relay.Editor.RelayService/<ValidateRelayViaBusAsync>d__113:MoveNext () (at ./Library/PackageCache/com.unity.ai.assistant@6fee27370e6a/Editor/Assistant/Relay/RelayService.cs:1072)
System.Runtime.CompilerServices.AsyncMethodBuilderCore/MoveNextRunner:InvokeMoveNext (object)
System.Threading.ExecutionContext:RunInternal (System.Threading.ExecutionContext,System.Threading.ContextCallback,object,bool)
System.Threading.ExecutionContext:Run (System.Threading.ExecutionContext,System.Threading.ContextCallback,object,bool)
System.Runtime.CompilerServices.AsyncMethodBuilderCore/MoveNextRunner:Run ()
System.Threading.Tasks.AwaitTaskContinuation:RunOrScheduleAction (System.Action,bool,System.Threading.Tasks.Task&)
System.Threading.Tasks.Task:FinishContinuations ()
System.Threading.Tasks.Task:FinishStageThree ()
System.Threading.Tasks.Task:CancellationCleanupLogic ()
System.Threading.Tasks.Task:TrySetCanceled (System.Threading.CancellationToken,object)
System.Runtime.CompilerServices.AsyncTaskMethodBuilder`1<Unity.Relay.InfoResponse>:SetException (System.Exception)
Unity.Relay.RelayBus/<CallAsync>d__19`2<Unity.Relay.InfoRequest, Unity.Relay.InfoResponse>:MoveNext () (at ./Library/PackageCache/com.unity.ai.assistant@6fee27370e6a/Editor/Assistant/Relay/Bus/RelayBus.cs:173)
System.Runtime.CompilerServices.AsyncMethodBuilderCore/MoveNextRunner:InvokeMoveNext (object)
System.Threading.ExecutionContext:RunInternal (System.Threading.ExecutionContext,System.Threading.ContextCallback,object,bool)
System.Threading.ExecutionContext:Run (System.Threading.ExecutionContext,System.Threading.ContextCallback,object,bool)
System.Runtime.CompilerServices.AsyncMethodBuilderCore/MoveNextRunner:Run ()
System.Threading.Tasks.AwaitTaskContinuation:RunOrScheduleAction (System.Action,bool,System.Threading.Tasks.Task&)
System.Threading.Tasks.Task:FinishContinuations ()
System.Threading.Tasks.Task:FinishStageThree ()
System.Threading.Tasks.Task:CancellationCleanupLogic ()
System.Threading.Tasks.Task:TrySetCanceled (System.Threading.CancellationToken,object)
System.Runtime.CompilerServices.AsyncTaskMethodBuilder`1<Unity.Relay.InfoResponse>:SetException (System.Exception)
Unity.Relay.RelayBus/<CallCoreAsync>d__21`2<Unity.Relay.InfoRequest, Unity.Relay.InfoResponse>:MoveNext () (at ./Library/PackageCache/com.unity.ai.assistant@6fee27370e6a/Editor/Assistant/Relay/Bus/RelayBus.cs:222)
System.Runtime.CompilerServices.AsyncMethodBuilderCore/MoveNextRunner:InvokeMoveNext (object)
System.Threading.ExecutionContext:RunInternal (System.Threading.ExecutionContext,System.Threading.ContextCallback,object,bool)
System.Threading.ExecutionContext:Run (System.Threading.ExecutionContext,System.Threading.ContextCallback,object,bool)
System.Runtime.CompilerServices.AsyncMethodBuilderCore/MoveNextRunner:Run ()
System.Threading.Tasks.AwaitTaskContinuation:System.Threading.IThreadPoolWorkItem.ExecuteWorkItem ()
System.Threading.ThreadPoolWorkQueue:Dispatch ()
System.Threading._ThreadPoolWaitCallback:PerformWaitCallback ()

(Filename: ./Library/PackageCache/com.unity.ai.assistant@6fee27370e6a/Editor/Assistant/Relay/RelayService.cs Line: 761)

--- Player 1 の投擲終了：得点計算開始 ---
UnityEngine.Debug:ExtractStackTraceNoAlloc (byte*,int,string)
UnityEngine.StackTraceUtility:ExtractStackTrace ()
UnityEngine.DebugLogHandler:Internal_Log (UnityEngine.LogType,UnityEngine.LogOption,string,UnityEngine.Object)
UnityEngine.DebugLogHandler:LogFormat (UnityEngine.LogType,UnityEngine.Object,string,object[])
UnityEngine.Logger:Log (UnityEngine.LogType,object)
UnityEngine.Debug:Log (object)
GameManager/<TurnEndRoutine>d__20:MoveNext () (at Assets/Script/GameManager.cs:106)
UnityEngine.SetupCoroutine:InvokeMoveNext (System.Collections.IEnumerator,intptr)

(Filename: Assets/Script/GameManager.cs Line: 106)

Player 1: 12 本倒して 12 点獲得！
UnityEngine.Debug:ExtractStackTraceNoAlloc (byte*,int,string)
UnityEngine.StackTraceUtility:ExtractStackTrace ()
UnityEngine.DebugLogHandler:Internal_Log (UnityEngine.LogType,UnityEngine.LogOption,string,UnityEngine.Object)
UnityEngine.DebugLogHandler:LogFormat (UnityEngine.LogType,UnityEngine.Object,string,object[])
UnityEngine.Logger:Log (UnityEngine.LogType,object)
UnityEngine.Debug:Log (object)
GameManager/<TurnEndRoutine>d__20:MoveNext () (at Assets/Script/GameManager.cs:133)
UnityEngine.SetupCoroutine:InvokeMoveNext (System.Collections.IEnumerator,intptr)

(Filename: Assets/Script/GameManager.cs Line: 133)

ピン 1 番を再配置します。
UnityEngine.Debug:ExtractStackTraceNoAlloc (byte*,int,string)
UnityEngine.StackTraceUtility:ExtractStackTrace ()
UnityEngine.DebugLogHandler:Internal_Log (UnityEngine.LogType,UnityEngine.LogOption,string,UnityEngine.Object)
UnityEngine.DebugLogHandler:LogFormat (UnityEngine.LogType,UnityEngine.Object,string,object[])
UnityEngine.Logger:Log (UnityEngine.LogType,object)
UnityEngine.Debug:Log (object)
Skittle:StandUp () (at Assets/Script/Skittle.cs:43)
GameManager:OnNextTurnButtonPressed () (at Assets/Script/GameManager.cs:201)
UnityEngine.Events.InvokableCall:Invoke ()
UnityEngine.Events.UnityEvent:Invoke ()
UnityEngine.UI.Button:Press () (at ./Library/PackageCache/com.unity.ugui@4f9b15fd1386/Runtime/UGUI/UI/Core/Button.cs:71)
UnityEngine.UI.Button:OnPointerClick (UnityEngine.EventSystems.PointerEventData) (at ./Library/PackageCache/com.unity.ugui@4f9b15fd1386/Runtime/UGUI/UI/Core/Button.cs:115)
UnityEngine.EventSystems.ExecuteEvents:Execute (UnityEngine.EventSystems.IPointerClickHandler,UnityEngine.EventSystems.BaseEventData) (at ./Library/PackageCache/com.unity.ugui@4f9b15fd1386/Runtime/UGUI/EventSystem/ExecuteEvents.cs:57)
UnityEngine.EventSystems.ExecuteEvents:Execute<UnityEngine.EventSystems.IPointerClickHandler> (UnityEngine.GameObject,UnityEngine.EventSystems.BaseEventData,UnityEngine.EventSystems.ExecuteEvents/EventFunction`1<UnityEngine.EventSystems.IPointerClickHandler>) (at ./Library/PackageCache/com.unity.ugui@4f9b15fd1386/Runtime/UGUI/EventSystem/ExecuteEvents.cs:272)
UnityEngine.InputSystem.UI.InputSystemUIInputModule:ProcessPointerButton (UnityEngine.InputSystem.UI.PointerModel/ButtonState&,UnityEngine.EventSystems.PointerEventData) (at ./Library/PackageCache/com.unity.inputsystem@21a28c3a6c83/InputSystem/Plugins/UI/InputSystemUIInputModule.cs:731)
UnityEngine.InputSystem.UI.InputSystemUIInputModule:ProcessPointer (UnityEngine.InputSystem.UI.PointerModel&) (at ./Library/PackageCache/com.unity.inputsystem@21a28c3a6c83/InputSystem/Plugins/UI/InputSystemUIInputModule.cs:490)
UnityEngine.InputSystem.UI.InputSystemUIInputModule:Process () (at ./Library/PackageCache/com.unity.inputsystem@21a28c3a6c83/InputSystem/Plugins/UI/InputSystemUIInputModule.cs:2404)
UnityEngine.EventSystems.EventSystem:Update () (at ./Library/PackageCache/com.unity.ugui@4f9b15fd1386/Runtime/UGUI/EventSystem/EventSystem.cs:516)

(Filename: Assets/Script/Skittle.cs Line: 43)

ピン 2 番を再配置します。
UnityEngine.Debug:ExtractStackTraceNoAlloc (byte*,int,string)
UnityEngine.StackTraceUtility:ExtractStackTrace ()
UnityEngine.DebugLogHandler:Internal_Log (UnityEngine.LogType,UnityEngine.LogOption,string,UnityEngine.Object)
UnityEngine.DebugLogHandler:LogFormat (UnityEngine.LogType,UnityEngine.Object,string,object[])
UnityEngine.Logger:Log (UnityEngine.LogType,object)
UnityEngine.Debug:Log (object)
Skittle:StandUp () (at Assets/Script/Skittle.cs:43)
GameManager:OnNextTurnButtonPressed () (at Assets/Script/GameManager.cs:201)
UnityEngine.Events.InvokableCall:Invoke ()
UnityEngine.Events.UnityEvent:Invoke ()
UnityEngine.UI.Button:Press () (at ./Library/PackageCache/com.unity.ugui@4f9b15fd1386/Runtime/UGUI/UI/Core/Button.cs:71)
UnityEngine.UI.Button:OnPointerClick (UnityEngine.EventSystems.PointerEventData) (at ./Library/PackageCache/com.unity.ugui@4f9b15fd1386/Runtime/UGUI/UI/Core/Button.cs:115)
UnityEngine.EventSystems.ExecuteEvents:Execute (UnityEngine.EventSystems.IPointerClickHandler,UnityEngine.EventSystems.BaseEventData) (at ./Library/PackageCache/com.unity.ugui@4f9b15fd1386/Runtime/UGUI/EventSystem/ExecuteEvents.cs:57)
UnityEngine.EventSystems.ExecuteEvents:Execute<UnityEngine.EventSystems.IPointerClickHandler> (UnityEngine.GameObject,UnityEngine.EventSystems.BaseEventData,UnityEngine.EventSystems.ExecuteEvents/EventFunction`1<UnityEngine.EventSystems.IPointerClickHandler>) (at ./Library/PackageCache/com.unity.ugui@4f9b15fd1386/Runtime/UGUI/EventSystem/ExecuteEvents.cs:272)
UnityEngine.InputSystem.UI.InputSystemUIInputModule:ProcessPointerButton (UnityEngine.InputSystem.UI.PointerModel/ButtonState&,UnityEngine.EventSystems.PointerEventData) (at ./Library/PackageCache/com.unity.inputsystem@21a28c3a6c83/InputSystem/Plugins/UI/InputSystemUIInputModule.cs:731)
UnityEngine.InputSystem.UI.InputSystemUIInputModule:ProcessPointer (UnityEngine.InputSystem.UI.PointerModel&) (at ./Library/PackageCache/com.unity.inputsystem@21a28c3a6c83/InputSystem/Plugins/UI/InputSystemUIInputModule.cs:490)
UnityEngine.InputSystem.UI.InputSystemUIInputModule:Process () (at ./Library/PackageCache/com.unity.inputsystem@21a28c3a6c83/InputSystem/Plugins/UI/InputSystemUIInputModule.cs:2404)
UnityEngine.EventSystems.EventSystem:Update () (at ./Library/PackageCache/com.unity.ugui@4f9b15fd1386/Runtime/UGUI/EventSystem/EventSystem.cs:516)

(Filename: Assets/Script/Skittle.cs Line: 43)

ピン 3 番を再配置します。
UnityEngine.Debug:ExtractStackTraceNoAlloc (byte*,int,string)
UnityEngine.StackTraceUtility:ExtractStackTrace ()
UnityEngine.DebugLogHandler:Internal_Log (UnityEngine.LogType,UnityEngine.LogOption,string,UnityEngine.Object)
UnityEngine.DebugLogHandler:LogFormat (UnityEngine.LogType,UnityEngine.Object,string,object[])
UnityEngine.Logger:Log (UnityEngine.LogType,object)
UnityEngine.Debug:Log (object)
Skittle:StandUp () (at Assets/Script/Skittle.cs:43)
GameManager:OnNextTurnButtonPressed () (at Assets/Script/GameManager.cs:201)
UnityEngine.Events.InvokableCall:Invoke ()
UnityEngine.Events.UnityEvent:Invoke ()
UnityEngine.UI.Button:Press () (at ./Library/PackageCache/com.unity.ugui@4f9b15fd1386/Runtime/UGUI/UI/Core/Button.cs:71)
UnityEngine.UI.Button:OnPointerClick (UnityEngine.EventSystems.PointerEventData) (at ./Library/PackageCache/com.unity.ugui@4f9b15fd1386/Runtime/UGUI/UI/Core/Button.cs:115)
UnityEngine.EventSystems.ExecuteEvents:Execute (UnityEngine.EventSystems.IPointerClickHandler,UnityEngine.EventSystems.BaseEventData) (at ./Library/PackageCache/com.unity.ugui@4f9b15fd1386/Runtime/UGUI/EventSystem/ExecuteEvents.cs:57)
UnityEngine.EventSystems.ExecuteEvents:Execute<UnityEngine.EventSystems.IPointerClickHandler> (UnityEngine.GameObject,UnityEngine.EventSystems.BaseEventData,UnityEngine.EventSystems.ExecuteEvents/EventFunction`1<UnityEngine.EventSystems.IPointerClickHandler>) (at ./Library/PackageCache/com.unity.ugui@4f9b15fd1386/Runtime/UGUI/EventSystem/ExecuteEvents.cs:272)
UnityEngine.InputSystem.UI.InputSystemUIInputModule:ProcessPointerButton (UnityEngine.InputSystem.UI.PointerModel/ButtonState&,UnityEngine.EventSystems.PointerEventData) (at ./Library/PackageCache/com.unity.inputsystem@21a28c3a6c83/InputSystem/Plugins/UI/InputSystemUIInputModule.cs:731)
UnityEngine.InputSystem.UI.InputSystemUIInputModule:ProcessPointer (UnityEngine.InputSystem.UI.PointerModel&) (at ./Library/PackageCache/com.unity.inputsystem@21a28c3a6c83/InputSystem/Plugins/UI/InputSystemUIInputModule.cs:490)
UnityEngine.InputSystem.UI.InputSystemUIInputModule:Process () (at ./Library/PackageCache/com.unity.inputsystem@21a28c3a6c83/InputSystem/Plugins/UI/InputSystemUIInputModule.cs:2404)
UnityEngine.EventSystems.EventSystem:Update () (at ./Library/PackageCache/com.unity.ugui@4f9b15fd1386/Runtime/UGUI/EventSystem/EventSystem.cs:516)

(Filename: Assets/Script/Skittle.cs Line: 43)

ピン 4 番を再配置します。
UnityEngine.Debug:ExtractStackTraceNoAlloc (byte*,int,string)
UnityEngine.StackTraceUtility:ExtractStackTrace ()
UnityEngine.DebugLogHandler:Internal_Log (UnityEngine.LogType,UnityEngine.LogOption,string,UnityEngine.Object)
UnityEngine.DebugLogHandler:LogFormat (UnityEngine.LogType,UnityEngine.Object,string,object[])
UnityEngine.Logger:Log (UnityEngine.LogType,object)
UnityEngine.Debug:Log (object)
Skittle:StandUp () (at Assets/Script/Skittle.cs:43)
GameManager:OnNextTurnButtonPressed () (at Assets/Script/GameManager.cs:201)
UnityEngine.Events.InvokableCall:Invoke ()
UnityEngine.Events.UnityEvent:Invoke ()
UnityEngine.UI.Button:Press () (at ./Library/PackageCache/com.unity.ugui@4f9b15fd1386/Runtime/UGUI/UI/Core/Button.cs:71)
UnityEngine.UI.Button:OnPointerClick (UnityEngine.EventSystems.PointerEventData) (at ./Library/PackageCache/com.unity.ugui@4f9b15fd1386/Runtime/UGUI/UI/Core/Button.cs:115)
UnityEngine.EventSystems.ExecuteEvents:Execute (UnityEngine.EventSystems.IPointerClickHandler,UnityEngine.EventSystems.BaseEventData) (at ./Library/PackageCache/com.unity.ugui@4f9b15fd1386/Runtime/UGUI/EventSystem/ExecuteEvents.cs:57)
UnityEngine.EventSystems.ExecuteEvents:Execute<UnityEngine.EventSystems.IPointerClickHandler> (UnityEngine.GameObject,UnityEngine.EventSystems.BaseEventData,UnityEngine.EventSystems.ExecuteEvents/EventFunction`1<UnityEngine.EventSystems.IPointerClickHandler>) (at ./Library/PackageCache/com.unity.ugui@4f9b15fd1386/Runtime/UGUI/EventSystem/ExecuteEvents.cs:272)
UnityEngine.InputSystem.UI.InputSystemUIInputModule:ProcessPointerButton (UnityEngine.InputSystem.UI.PointerModel/ButtonState&,UnityEngine.EventSystems.PointerEventData) (at ./Library/PackageCache/com.unity.inputsystem@21a28c3a6c83/InputSystem/Plugins/UI/InputSystemUIInputModule.cs:731)
UnityEngine.InputSystem.UI.InputSystemUIInputModule:ProcessPointer (UnityEngine.InputSystem.UI.PointerModel&) (at ./Library/PackageCache/com.unity.inputsystem@21a28c3a6c83/InputSystem/Plugins/UI/InputSystemUIInputModule.cs:490)
UnityEngine.InputSystem.UI.InputSystemUIInputModule:Process () (at ./Library/PackageCache/com.unity.inputsystem@21a28c3a6c83/InputSystem/Plugins/UI/InputSystemUIInputModule.cs:2404)
UnityEngine.EventSystems.EventSystem:Update () (at ./Library/PackageCache/com.unity.ugui@4f9b15fd1386/Runtime/UGUI/EventSystem/EventSystem.cs:516)

(Filename: Assets/Script/Skittle.cs Line: 43)

ピン 5 番を再配置します。
UnityEngine.Debug:ExtractStackTraceNoAlloc (byte*,int,string)
UnityEngine.StackTraceUtility:ExtractStackTrace ()
UnityEngine.DebugLogHandler:Internal_Log (UnityEngine.LogType,UnityEngine.LogOption,string,UnityEngine.Object)
UnityEngine.DebugLogHandler:LogFormat (UnityEngine.LogType,UnityEngine.Object,string,object[])
UnityEngine.Logger:Log (UnityEngine.LogType,object)
UnityEngine.Debug:Log (object)
Skittle:StandUp () (at Assets/Script/Skittle.cs:43)
GameManager:OnNextTurnButtonPressed () (at Assets/Script/GameManager.cs:201)
UnityEngine.Events.InvokableCall:Invoke ()
UnityEngine.Events.UnityEvent:Invoke ()
UnityEngine.UI.Button:Press () (at ./Library/PackageCache/com.unity.ugui@4f9b15fd1386/Runtime/UGUI/UI/Core/Button.cs:71)
UnityEngine.UI.Button:OnPointerClick (UnityEngine.EventSystems.PointerEventData) (at ./Library/PackageCache/com.unity.ugui@4f9b15fd1386/Runtime/UGUI/UI/Core/Button.cs:115)
UnityEngine.EventSystems.ExecuteEvents:Execute (UnityEngine.EventSystems.IPointerClickHandler,UnityEngine.EventSystems.BaseEventData) (at ./Library/PackageCache/com.unity.ugui@4f9b15fd1386/Runtime/UGUI/EventSystem/ExecuteEvents.cs:57)
UnityEngine.EventSystems.ExecuteEvents:Execute<UnityEngine.EventSystems.IPointerClickHandler> (UnityEngine.GameObject,UnityEngine.EventSystems.BaseEventData,UnityEngine.EventSystems.ExecuteEvents/EventFunction`1<UnityEngine.EventSystems.IPointerClickHandler>) (at ./Library/PackageCache/com.unity.ugui@4f9b15fd1386/Runtime/UGUI/EventSystem/ExecuteEvents.cs:272)
UnityEngine.InputSystem.UI.InputSystemUIInputModule:ProcessPointerButton (UnityEngine.InputSystem.UI.PointerModel/ButtonState&,UnityEngine.EventSystems.PointerEventData) (at ./Library/PackageCache/com.unity.inputsystem@21a28c3a6c83/InputSystem/Plugins/UI/InputSystemUIInputModule.cs:731)
UnityEngine.InputSystem.UI.InputSystemUIInputModule:ProcessPointer (UnityEngine.InputSystem.UI.PointerModel&) (at ./Library/PackageCache/com.unity.inputsystem@21a28c3a6c83/InputSystem/Plugins/UI/InputSystemUIInputModule.cs:490)
UnityEngine.InputSystem.UI.InputSystemUIInputModule:Process () (at ./Library/PackageCache/com.unity.inputsystem@21a28c3a6c83/InputSystem/Plugins/UI/InputSystemUIInputModule.cs:2404)
UnityEngine.EventSystems.EventSystem:Update () (at ./Library/PackageCache/com.unity.ugui@4f9b15fd1386/Runtime/UGUI/EventSystem/EventSystem.cs:516)

(Filename: Assets/Script/Skittle.cs Line: 43)

ピン 6 番を再配置します。
UnityEngine.Debug:ExtractStackTraceNoAlloc (byte*,int,string)
UnityEngine.StackTraceUtility:ExtractStackTrace ()
UnityEngine.DebugLogHandler:Internal_Log (UnityEngine.LogType,UnityEngine.LogOption,string,UnityEngine.Object)
UnityEngine.DebugLogHandler:LogFormat (UnityEngine.LogType,UnityEngine.Object,string,object[])
UnityEngine.Logger:Log (UnityEngine.LogType,object)
UnityEngine.Debug:Log (object)
Skittle:StandUp () (at Assets/Script/Skittle.cs:43)
GameManager:OnNextTurnButtonPressed () (at Assets/Script/GameManager.cs:201)
UnityEngine.Events.InvokableCall:Invoke ()
UnityEngine.Events.UnityEvent:Invoke ()
UnityEngine.UI.Button:Press () (at ./Library/PackageCache/com.unity.ugui@4f9b15fd1386/Runtime/UGUI/UI/Core/Button.cs:71)
UnityEngine.UI.Button:OnPointerClick (UnityEngine.EventSystems.PointerEventData) (at ./Library/PackageCache/com.unity.ugui@4f9b15fd1386/Runtime/UGUI/UI/Core/Button.cs:115)
UnityEngine.EventSystems.ExecuteEvents:Execute (UnityEngine.EventSystems.IPointerClickHandler,UnityEngine.EventSystems.BaseEventData) (at ./Library/PackageCache/com.unity.ugui@4f9b15fd1386/Runtime/UGUI/EventSystem/ExecuteEvents.cs:57)
UnityEngine.EventSystems.ExecuteEvents:Execute<UnityEngine.EventSystems.IPointerClickHandler> (UnityEngine.GameObject,UnityEngine.EventSystems.BaseEventData,UnityEngine.EventSystems.ExecuteEvents/EventFunction`1<UnityEngine.EventSystems.IPointerClickHandler>) (at ./Library/PackageCache/com.unity.ugui@4f9b15fd1386/Runtime/UGUI/EventSystem/ExecuteEvents.cs:272)
UnityEngine.InputSystem.UI.InputSystemUIInputModule:ProcessPointerButton (UnityEngine.InputSystem.UI.PointerModel/ButtonState&,UnityEngine.EventSystems.PointerEventData) (at ./Library/PackageCache/com.unity.inputsystem@21a28c3a6c83/InputSystem/Plugins/UI/InputSystemUIInputModule.cs:731)
UnityEngine.InputSystem.UI.InputSystemUIInputModule:ProcessPointer (UnityEngine.InputSystem.UI.PointerModel&) (at ./Library/PackageCache/com.unity.inputsystem@21a28c3a6c83/InputSystem/Plugins/UI/InputSystemUIInputModule.cs:490)
UnityEngine.InputSystem.UI.InputSystemUIInputModule:Process () (at ./Library/PackageCache/com.unity.inputsystem@21a28c3a6c83/InputSystem/Plugins/UI/InputSystemUIInputModule.cs:2404)
UnityEngine.EventSystems.EventSystem:Update () (at ./Library/PackageCache/com.unity.ugui@4f9b15fd1386/Runtime/UGUI/EventSystem/EventSystem.cs:516)

(Filename: Assets/Script/Skittle.cs Line: 43)

ピン 7 番を再配置します。
UnityEngine.Debug:ExtractStackTraceNoAlloc (byte*,int,string)
UnityEngine.StackTraceUtility:ExtractStackTrace ()
UnityEngine.DebugLogHandler:Internal_Log (UnityEngine.LogType,UnityEngine.LogOption,string,UnityEngine.Object)
UnityEngine.DebugLogHandler:LogFormat (UnityEngine.LogType,UnityEngine.Object,string,object[])
UnityEngine.Logger:Log (UnityEngine.LogType,object)
UnityEngine.Debug:Log (object)
Skittle:StandUp () (at Assets/Script/Skittle.cs:43)
GameManager:OnNextTurnButtonPressed () (at Assets/Script/GameManager.cs:201)
UnityEngine.Events.InvokableCall:Invoke ()
UnityEngine.Events.UnityEvent:Invoke ()
UnityEngine.UI.Button:Press () (at ./Library/PackageCache/com.unity.ugui@4f9b15fd1386/Runtime/UGUI/UI/Core/Button.cs:71)
UnityEngine.UI.Button:OnPointerClick (UnityEngine.EventSystems.PointerEventData) (at ./Library/PackageCache/com.unity.ugui@4f9b15fd1386/Runtime/UGUI/UI/Core/Button.cs:115)
UnityEngine.EventSystems.ExecuteEvents:Execute (UnityEngine.EventSystems.IPointerClickHandler,UnityEngine.EventSystems.BaseEventData) (at ./Library/PackageCache/com.unity.ugui@4f9b15fd1386/Runtime/UGUI/EventSystem/ExecuteEvents.cs:57)
UnityEngine.EventSystems.ExecuteEvents:Execute<UnityEngine.EventSystems.IPointerClickHandler> (UnityEngine.GameObject,UnityEngine.EventSystems.BaseEventData,UnityEngine.EventSystems.ExecuteEvents/EventFunction`1<UnityEngine.EventSystems.IPointerClickHandler>) (at ./Library/PackageCache/com.unity.ugui@4f9b15fd1386/Runtime/UGUI/EventSystem/ExecuteEvents.cs:272)
UnityEngine.InputSystem.UI.InputSystemUIInputModule:ProcessPointerButton (UnityEngine.InputSystem.UI.PointerModel/ButtonState&,UnityEngine.EventSystems.PointerEventData) (at ./Library/PackageCache/com.unity.inputsystem@21a28c3a6c83/InputSystem/Plugins/UI/InputSystemUIInputModule.cs:731)
UnityEngine.InputSystem.UI.InputSystemUIInputModule:ProcessPointer (UnityEngine.InputSystem.UI.PointerModel&) (at ./Library/PackageCache/com.unity.inputsystem@21a28c3a6c83/InputSystem/Plugins/UI/InputSystemUIInputModule.cs:490)
UnityEngine.InputSystem.UI.InputSystemUIInputModule:Process () (at ./Library/PackageCache/com.unity.inputsystem@21a28c3a6c83/InputSystem/Plugins/UI/InputSystemUIInputModule.cs:2404)
UnityEngine.EventSystems.EventSystem:Update () (at ./Library/PackageCache/com.unity.ugui@4f9b15fd1386/Runtime/UGUI/EventSystem/EventSystem.cs:516)

(Filename: Assets/Script/Skittle.cs Line: 43)

ピン 8 番を再配置します。
UnityEngine.Debug:ExtractStackTraceNoAlloc (byte*,int,string)
UnityEngine.StackTraceUtility:ExtractStackTrace ()
UnityEngine.DebugLogHandler:Internal_Log (UnityEngine.LogType,UnityEngine.LogOption,string,UnityEngine.Object)
UnityEngine.DebugLogHandler:LogFormat (UnityEngine.LogType,UnityEngine.Object,string,object[])
UnityEngine.Logger:Log (UnityEngine.LogType,object)
UnityEngine.Debug:Log (object)
Skittle:StandUp () (at Assets/Script/Skittle.cs:43)
GameManager:OnNextTurnButtonPressed () (at Assets/Script/GameManager.cs:201)
UnityEngine.Events.InvokableCall:Invoke ()
UnityEngine.Events.UnityEvent:Invoke ()
UnityEngine.UI.Button:Press () (at ./Library/PackageCache/com.unity.ugui@4f9b15fd1386/Runtime/UGUI/UI/Core/Button.cs:71)
UnityEngine.UI.Button:OnPointerClick (UnityEngine.EventSystems.PointerEventData) (at ./Library/PackageCache/com.unity.ugui@4f9b15fd1386/Runtime/UGUI/UI/Core/Button.cs:115)
UnityEngine.EventSystems.ExecuteEvents:Execute (UnityEngine.EventSystems.IPointerClickHandler,UnityEngine.EventSystems.BaseEventData) (at ./Library/PackageCache/com.unity.ugui@4f9b15fd1386/Runtime/UGUI/EventSystem/ExecuteEvents.cs:57)
UnityEngine.EventSystems.ExecuteEvents:Execute<UnityEngine.EventSystems.IPointerClickHandler> (UnityEngine.GameObject,UnityEngine.EventSystems.BaseEventData,UnityEngine.EventSystems.ExecuteEvents/EventFunction`1<UnityEngine.EventSystems.IPointerClickHandler>) (at ./Library/PackageCache/com.unity.ugui@4f9b15fd1386/Runtime/UGUI/EventSystem/ExecuteEvents.cs:272)
UnityEngine.InputSystem.UI.InputSystemUIInputModule:ProcessPointerButton (UnityEngine.InputSystem.UI.PointerModel/ButtonState&,UnityEngine.EventSystems.PointerEventData) (at ./Library/PackageCache/com.unity.inputsystem@21a28c3a6c83/InputSystem/Plugins/UI/InputSystemUIInputModule.cs:731)
UnityEngine.InputSystem.UI.InputSystemUIInputModule:ProcessPointer (UnityEngine.InputSystem.UI.PointerModel&) (at ./Library/PackageCache/com.unity.inputsystem@21a28c3a6c83/InputSystem/Plugins/UI/InputSystemUIInputModule.cs:490)
UnityEngine.InputSystem.UI.InputSystemUIInputModule:Process () (at ./Library/PackageCache/com.unity.inputsystem@21a28c3a6c83/InputSystem/Plugins/UI/InputSystemUIInputModule.cs:2404)
UnityEngine.EventSystems.EventSystem:Update () (at ./Library/PackageCache/com.unity.ugui@4f9b15fd1386/Runtime/UGUI/EventSystem/EventSystem.cs:516)

(Filename: Assets/Script/Skittle.cs Line: 43)

ピン 9 番を再配置します。
UnityEngine.Debug:ExtractStackTraceNoAlloc (byte*,int,string)
UnityEngine.StackTraceUtility:ExtractStackTrace ()
UnityEngine.DebugLogHandler:Internal_Log (UnityEngine.LogType,UnityEngine.LogOption,string,UnityEngine.Object)
UnityEngine.DebugLogHandler:LogFormat (UnityEngine.LogType,UnityEngine.Object,string,object[])
UnityEngine.Logger:Log (UnityEngine.LogType,object)
UnityEngine.Debug:Log (object)
Skittle:StandUp () (at Assets/Script/Skittle.cs:43)
GameManager:OnNextTurnButtonPressed () (at Assets/Script/GameManager.cs:201)
UnityEngine.Events.InvokableCall:Invoke ()
UnityEngine.Events.UnityEvent:Invoke ()
UnityEngine.UI.Button:Press () (at ./Library/PackageCache/com.unity.ugui@4f9b15fd1386/Runtime/UGUI/UI/Core/Button.cs:71)
UnityEngine.UI.Button:OnPointerClick (UnityEngine.EventSystems.PointerEventData) (at ./Library/PackageCache/com.unity.ugui@4f9b15fd1386/Runtime/UGUI/UI/Core/Button.cs:115)
UnityEngine.EventSystems.ExecuteEvents:Execute (UnityEngine.EventSystems.IPointerClickHandler,UnityEngine.EventSystems.BaseEventData) (at ./Library/PackageCache/com.unity.ugui@4f9b15fd1386/Runtime/UGUI/EventSystem/ExecuteEvents.cs:57)
UnityEngine.EventSystems.ExecuteEvents:Execute<UnityEngine.EventSystems.IPointerClickHandler> (UnityEngine.GameObject,UnityEngine.EventSystems.BaseEventData,UnityEngine.EventSystems.ExecuteEvents/EventFunction`1<UnityEngine.EventSystems.IPointerClickHandler>) (at ./Library/PackageCache/com.unity.ugui@4f9b15fd1386/Runtime/UGUI/EventSystem/ExecuteEvents.cs:272)
UnityEngine.InputSystem.UI.InputSystemUIInputModule:ProcessPointerButton (UnityEngine.InputSystem.UI.PointerModel/ButtonState&,UnityEngine.EventSystems.PointerEventData) (at ./Library/PackageCache/com.unity.inputsystem@21a28c3a6c83/InputSystem/Plugins/UI/InputSystemUIInputModule.cs:731)
UnityEngine.InputSystem.UI.InputSystemUIInputModule:ProcessPointer (UnityEngine.InputSystem.UI.PointerModel&) (at ./Library/PackageCache/com.unity.inputsystem@21a28c3a6c83/InputSystem/Plugins/UI/InputSystemUIInputModule.cs:490)
UnityEngine.InputSystem.UI.InputSystemUIInputModule:Process () (at ./Library/PackageCache/com.unity.inputsystem@21a28c3a6c83/InputSystem/Plugins/UI/InputSystemUIInputModule.cs:2404)
UnityEngine.EventSystems.EventSystem:Update () (at ./Library/PackageCache/com.unity.ugui@4f9b15fd1386/Runtime/UGUI/EventSystem/EventSystem.cs:516)

(Filename: Assets/Script/Skittle.cs Line: 43)

ピン 10 番を再配置します。
UnityEngine.Debug:ExtractStackTraceNoAlloc (byte*,int,string)
UnityEngine.StackTraceUtility:ExtractStackTrace ()
UnityEngine.DebugLogHandler:Internal_Log (UnityEngine.LogType,UnityEngine.LogOption,string,UnityEngine.Object)
UnityEngine.DebugLogHandler:LogFormat (UnityEngine.LogType,UnityEngine.Object,string,object[])
UnityEngine.Logger:Log (UnityEngine.LogType,object)
UnityEngine.Debug:Log (object)
Skittle:StandUp () (at Assets/Script/Skittle.cs:43)
GameManager:OnNextTurnButtonPressed () (at Assets/Script/GameManager.cs:201)
UnityEngine.Events.InvokableCall:Invoke ()
UnityEngine.Events.UnityEvent:Invoke ()
UnityEngine.UI.Button:Press () (at ./Library/PackageCache/com.unity.ugui@4f9b15fd1386/Runtime/UGUI/UI/Core/Button.cs:71)
UnityEngine.UI.Button:OnPointerClick (UnityEngine.EventSystems.PointerEventData) (at ./Library/PackageCache/com.unity.ugui@4f9b15fd1386/Runtime/UGUI/UI/Core/Button.cs:115)
UnityEngine.EventSystems.ExecuteEvents:Execute (UnityEngine.EventSystems.IPointerClickHandler,UnityEngine.EventSystems.BaseEventData) (at ./Library/PackageCache/com.unity.ugui@4f9b15fd1386/Runtime/UGUI/EventSystem/ExecuteEvents.cs:57)
UnityEngine.EventSystems.ExecuteEvents:Execute<UnityEngine.EventSystems.IPointerClickHandler> (UnityEngine.GameObject,UnityEngine.EventSystems.BaseEventData,UnityEngine.EventSystems.ExecuteEvents/EventFunction`1<UnityEngine.EventSystems.IPointerClickHandler>) (at ./Library/PackageCache/com.unity.ugui@4f9b15fd1386/Runtime/UGUI/EventSystem/ExecuteEvents.cs:272)
UnityEngine.InputSystem.UI.InputSystemUIInputModule:ProcessPointerButton (UnityEngine.InputSystem.UI.PointerModel/ButtonState&,UnityEngine.EventSystems.PointerEventData) (at ./Library/PackageCache/com.unity.inputsystem@21a28c3a6c83/InputSystem/Plugins/UI/InputSystemUIInputModule.cs:731)
UnityEngine.InputSystem.UI.InputSystemUIInputModule:ProcessPointer (UnityEngine.InputSystem.UI.PointerModel&) (at ./Library/PackageCache/com.unity.inputsystem@21a28c3a6c83/InputSystem/Plugins/UI/InputSystemUIInputModule.cs:490)
UnityEngine.InputSystem.UI.InputSystemUIInputModule:Process () (at ./Library/PackageCache/com.unity.inputsystem@21a28c3a6c83/InputSystem/Plugins/UI/InputSystemUIInputModule.cs:2404)
UnityEngine.EventSystems.EventSystem:Update () (at ./Library/PackageCache/com.unity.ugui@4f9b15fd1386/Runtime/UGUI/EventSystem/EventSystem.cs:516)

(Filename: Assets/Script/Skittle.cs Line: 43)

ピン 11 番を再配置します。
UnityEngine.Debug:ExtractStackTraceNoAlloc (byte*,int,string)
UnityEngine.StackTraceUtility:ExtractStackTrace ()
UnityEngine.DebugLogHandler:Internal_Log (UnityEngine.LogType,UnityEngine.LogOption,string,UnityEngine.Object)
UnityEngine.DebugLogHandler:LogFormat (UnityEngine.LogType,UnityEngine.Object,string,object[])
UnityEngine.Logger:Log (UnityEngine.LogType,object)
UnityEngine.Debug:Log (object)
Skittle:StandUp () (at Assets/Script/Skittle.cs:43)
GameManager:OnNextTurnButtonPressed () (at Assets/Script/GameManager.cs:201)
UnityEngine.Events.InvokableCall:Invoke ()
UnityEngine.Events.UnityEvent:Invoke ()
UnityEngine.UI.Button:Press () (at ./Library/PackageCache/com.unity.ugui@4f9b15fd1386/Runtime/UGUI/UI/Core/Button.cs:71)
UnityEngine.UI.Button:OnPointerClick (UnityEngine.EventSystems.PointerEventData) (at ./Library/PackageCache/com.unity.ugui@4f9b15fd1386/Runtime/UGUI/UI/Core/Button.cs:115)
UnityEngine.EventSystems.ExecuteEvents:Execute (UnityEngine.EventSystems.IPointerClickHandler,UnityEngine.EventSystems.BaseEventData) (at ./Library/PackageCache/com.unity.ugui@4f9b15fd1386/Runtime/UGUI/EventSystem/ExecuteEvents.cs:57)
UnityEngine.EventSystems.ExecuteEvents:Execute<UnityEngine.EventSystems.IPointerClickHandler> (UnityEngine.GameObject,UnityEngine.EventSystems.BaseEventData,UnityEngine.EventSystems.ExecuteEvents/EventFunction`1<UnityEngine.EventSystems.IPointerClickHandler>) (at ./Library/PackageCache/com.unity.ugui@4f9b15fd1386/Runtime/UGUI/EventSystem/ExecuteEvents.cs:272)
UnityEngine.InputSystem.UI.InputSystemUIInputModule:ProcessPointerButton (UnityEngine.InputSystem.UI.PointerModel/ButtonState&,UnityEngine.EventSystems.PointerEventData) (at ./Library/PackageCache/com.unity.inputsystem@21a28c3a6c83/InputSystem/Plugins/UI/InputSystemUIInputModule.cs:731)
UnityEngine.InputSystem.UI.InputSystemUIInputModule:ProcessPointer (UnityEngine.InputSystem.UI.PointerModel&) (at ./Library/PackageCache/com.unity.inputsystem@21a28c3a6c83/InputSystem/Plugins/UI/InputSystemUIInputModule.cs:490)
UnityEngine.InputSystem.UI.InputSystemUIInputModule:Process () (at ./Library/PackageCache/com.unity.inputsystem@21a28c3a6c83/InputSystem/Plugins/UI/InputSystemUIInputModule.cs:2404)
UnityEngine.EventSystems.EventSystem:Update () (at ./Library/PackageCache/com.unity.ugui@4f9b15fd1386/Runtime/UGUI/EventSystem/EventSystem.cs:516)

(Filename: Assets/Script/Skittle.cs Line: 43)

ピン 12 番を再配置します。
UnityEngine.Debug:ExtractStackTraceNoAlloc (byte*,int,string)
UnityEngine.StackTraceUtility:ExtractStackTrace ()
UnityEngine.DebugLogHandler:Internal_Log (UnityEngine.LogType,UnityEngine.LogOption,string,UnityEngine.Object)
UnityEngine.DebugLogHandler:LogFormat (UnityEngine.LogType,UnityEngine.Object,string,object[])
UnityEngine.Logger:Log (UnityEngine.LogType,object)
UnityEngine.Debug:Log (object)
Skittle:StandUp () (at Assets/Script/Skittle.cs:43)
GameManager:OnNextTurnButtonPressed () (at Assets/Script/GameManager.cs:201)
UnityEngine.Events.InvokableCall:Invoke ()
UnityEngine.Events.UnityEvent:Invoke ()
UnityEngine.UI.Button:Press () (at ./Library/PackageCache/com.unity.ugui@4f9b15fd1386/Runtime/UGUI/UI/Core/Button.cs:71)
UnityEngine.UI.Button:OnPointerClick (UnityEngine.EventSystems.PointerEventData) (at ./Library/PackageCache/com.unity.ugui@4f9b15fd1386/Runtime/UGUI/UI/Core/Button.cs:115)
UnityEngine.EventSystems.ExecuteEvents:Execute (UnityEngine.EventSystems.IPointerClickHandler,UnityEngine.EventSystems.BaseEventData) (at ./Library/PackageCache/com.unity.ugui@4f9b15fd1386/Runtime/UGUI/EventSystem/ExecuteEvents.cs:57)
UnityEngine.EventSystems.ExecuteEvents:Execute<UnityEngine.EventSystems.IPointerClickHandler> (UnityEngine.GameObject,UnityEngine.EventSystems.BaseEventData,UnityEngine.EventSystems.ExecuteEvents/EventFunction`1<UnityEngine.EventSystems.IPointerClickHandler>) (at ./Library/PackageCache/com.unity.ugui@4f9b15fd1386/Runtime/UGUI/EventSystem/ExecuteEvents.cs:272)
UnityEngine.InputSystem.UI.InputSystemUIInputModule:ProcessPointerButton (UnityEngine.InputSystem.UI.PointerModel/ButtonState&,UnityEngine.EventSystems.PointerEventData) (at ./Library/PackageCache/com.unity.inputsystem@21a28c3a6c83/InputSystem/Plugins/UI/InputSystemUIInputModule.cs:731)
UnityEngine.InputSystem.UI.InputSystemUIInputModule:ProcessPointer (UnityEngine.InputSystem.UI.PointerModel&) (at ./Library/PackageCache/com.unity.inputsystem@21a28c3a6c83/InputSystem/Plugins/UI/InputSystemUIInputModule.cs:490)
UnityEngine.InputSystem.UI.InputSystemUIInputModule:Process () (at ./Library/PackageCache/com.unity.inputsystem@21a28c3a6c83/InputSystem/Plugins/UI/InputSystemUIInputModule.cs:2404)
UnityEngine.EventSystems.EventSystem:Update () (at ./Library/PackageCache/com.unity.ugui@4f9b15fd1386/Runtime/UGUI/EventSystem/EventSystem.cs:516)

(Filename: Assets/Script/Skittle.cs Line: 43)

ターン交代完了！次のプレイヤー: Player 2
UnityEngine.Debug:ExtractStackTraceNoAlloc (byte*,int,string)
UnityEngine.StackTraceUtility:ExtractStackTrace ()
UnityEngine.DebugLogHandler:Internal_Log (UnityEngine.LogType,UnityEngine.LogOption,string,UnityEngine.Object)
UnityEngine.DebugLogHandler:LogFormat (UnityEngine.LogType,UnityEngine.Object,string,object[])
UnityEngine.Logger:Log (UnityEngine.LogType,object)
UnityEngine.Debug:Log (object)
GameManager:OnNextTurnButtonPressed () (at Assets/Script/GameManager.cs:215)
UnityEngine.Events.InvokableCall:Invoke ()
UnityEngine.Events.UnityEvent:Invoke ()
UnityEngine.UI.Button:Press () (at ./Library/PackageCache/com.unity.ugui@4f9b15fd1386/Runtime/UGUI/UI/Core/Button.cs:71)
UnityEngine.UI.Button:OnPointerClick (UnityEngine.EventSystems.PointerEventData) (at ./Library/PackageCache/com.unity.ugui@4f9b15fd1386/Runtime/UGUI/UI/Core/Button.cs:115)
UnityEngine.EventSystems.ExecuteEvents:Execute (UnityEngine.EventSystems.IPointerClickHandler,UnityEngine.EventSystems.BaseEventData) (at ./Library/PackageCache/com.unity.ugui@4f9b15fd1386/Runtime/UGUI/EventSystem/ExecuteEvents.cs:57)
UnityEngine.EventSystems.ExecuteEvents:Execute<UnityEngine.EventSystems.IPointerClickHandler> (UnityEngine.GameObject,UnityEngine.EventSystems.BaseEventData,UnityEngine.EventSystems.ExecuteEvents/EventFunction`1<UnityEngine.EventSystems.IPointerClickHandler>) (at ./Library/PackageCache/com.unity.ugui@4f9b15fd1386/Runtime/UGUI/EventSystem/ExecuteEvents.cs:272)
UnityEngine.InputSystem.UI.InputSystemUIInputModule:ProcessPointerButton (UnityEngine.InputSystem.UI.PointerModel/ButtonState&,UnityEngine.EventSystems.PointerEventData) (at ./Library/PackageCache/com.unity.inputsystem@21a28c3a6c83/InputSystem/Plugins/UI/InputSystemUIInputModule.cs:731)
UnityEngine.InputSystem.UI.InputSystemUIInputModule:ProcessPointer (UnityEngine.InputSystem.UI.PointerModel&) (at ./Library/PackageCache/com.unity.inputsystem@21a28c3a6c83/InputSystem/Plugins/UI/InputSystemUIInputModule.cs:490)
UnityEngine.InputSystem.UI.InputSystemUIInputModule:Process () (at ./Library/PackageCache/com.unity.inputsystem@21a28c3a6c83/InputSystem/Plugins/UI/InputSystemUIInputModule.cs:2404)
UnityEngine.EventSystems.EventSystem:Update () (at ./Library/PackageCache/com.unity.ugui@4f9b15fd1386/Runtime/UGUI/EventSystem/EventSystem.cs:516)

(Filename: Assets/Script/GameManager.cs Line: 215)

--- Player 2 の投擲終了：得点計算開始 ---
UnityEngine.Debug:ExtractStackTraceNoAlloc (byte*,int,string)
UnityEngine.StackTraceUtility:ExtractStackTrace ()
UnityEngine.DebugLogHandler:Internal_Log (UnityEngine.LogType,UnityEngine.LogOption,string,UnityEngine.Object)
UnityEngine.DebugLogHandler:LogFormat (UnityEngine.LogType,UnityEngine.Object,string,object[])
UnityEngine.Logger:Log (UnityEngine.LogType,object)
UnityEngine.Debug:Log (object)
GameManager/<TurnEndRoutine>d__20:MoveNext () (at Assets/Script/GameManager.cs:106)
UnityEngine.SetupCoroutine:InvokeMoveNext (System.Collections.IEnumerator,intptr)

(Filename: Assets/Script/GameManager.cs Line: 106)

Player 2: 3 本倒して 3 点獲得！
UnityEngine.Debug:ExtractStackTraceNoAlloc (byte*,int,string)
UnityEngine.StackTraceUtility:ExtractStackTrace ()
UnityEngine.DebugLogHandler:Internal_Log (UnityEngine.LogType,UnityEngine.LogOption,string,UnityEngine.Object)
UnityEngine.DebugLogHandler:LogFormat (UnityEngine.LogType,UnityEngine.Object,string,object[])
UnityEngine.Logger:Log (UnityEngine.LogType,object)
UnityEngine.Debug:Log (object)
GameManager/<TurnEndRoutine>d__20:MoveNext () (at Assets/Script/GameManager.cs:133)
UnityEngine.SetupCoroutine:InvokeMoveNext (System.Collections.IEnumerator,intptr)

(Filename: Assets/Script/GameManager.cs Line: 133)

ピン 1 番を再配置します。
UnityEngine.Debug:ExtractStackTraceNoAlloc (byte*,int,string)
UnityEngine.StackTraceUtility:ExtractStackTrace ()
UnityEngine.DebugLogHandler:Internal_Log (UnityEngine.LogType,UnityEngine.LogOption,string,UnityEngine.Object)
UnityEngine.DebugLogHandler:LogFormat (UnityEngine.LogType,UnityEngine.Object,string,object[])
UnityEngine.Logger:Log (UnityEngine.LogType,object)
UnityEngine.Debug:Log (object)
Skittle:StandUp () (at Assets/Script/Skittle.cs:43)
GameManager:OnNextTurnButtonPressed () (at Assets/Script/GameManager.cs:201)
UnityEngine.Events.InvokableCall:Invoke ()
UnityEngine.Events.UnityEvent:Invoke ()
UnityEngine.UI.Button:Press () (at ./Library/PackageCache/com.unity.ugui@4f9b15fd1386/Runtime/UGUI/UI/Core/Button.cs:71)
UnityEngine.UI.Button:OnPointerClick (UnityEngine.EventSystems.PointerEventData) (at ./Library/PackageCache/com.unity.ugui@4f9b15fd1386/Runtime/UGUI/UI/Core/Button.cs:115)
UnityEngine.EventSystems.ExecuteEvents:Execute (UnityEngine.EventSystems.IPointerClickHandler,UnityEngine.EventSystems.BaseEventData) (at ./Library/PackageCache/com.unity.ugui@4f9b15fd1386/Runtime/UGUI/EventSystem/ExecuteEvents.cs:57)
UnityEngine.EventSystems.ExecuteEvents:Execute<UnityEngine.EventSystems.IPointerClickHandler> (UnityEngine.GameObject,UnityEngine.EventSystems.BaseEventData,UnityEngine.EventSystems.ExecuteEvents/EventFunction`1<UnityEngine.EventSystems.IPointerClickHandler>) (at ./Library/PackageCache/com.unity.ugui@4f9b15fd1386/Runtime/UGUI/EventSystem/ExecuteEvents.cs:272)
UnityEngine.InputSystem.UI.InputSystemUIInputModule:ProcessPointerButton (UnityEngine.InputSystem.UI.PointerModel/ButtonState&,UnityEngine.EventSystems.PointerEventData) (at ./Library/PackageCache/com.unity.inputsystem@21a28c3a6c83/InputSystem/Plugins/UI/InputSystemUIInputModule.cs:731)
UnityEngine.InputSystem.UI.InputSystemUIInputModule:ProcessPointer (UnityEngine.InputSystem.UI.PointerModel&) (at ./Library/PackageCache/com.unity.inputsystem@21a28c3a6c83/InputSystem/Plugins/UI/InputSystemUIInputModule.cs:490)
UnityEngine.InputSystem.UI.InputSystemUIInputModule:Process () (at ./Library/PackageCache/com.unity.inputsystem@21a28c3a6c83/InputSystem/Plugins/UI/InputSystemUIInputModule.cs:2404)
UnityEngine.EventSystems.EventSystem:Update () (at ./Library/PackageCache/com.unity.ugui@4f9b15fd1386/Runtime/UGUI/EventSystem/EventSystem.cs:516)

(Filename: Assets/Script/Skittle.cs Line: 43)

ピン 2 番を再配置します。
UnityEngine.Debug:ExtractStackTraceNoAlloc (byte*,int,string)
UnityEngine.StackTraceUtility:ExtractStackTrace ()
UnityEngine.DebugLogHandler:Internal_Log (UnityEngine.LogType,UnityEngine.LogOption,string,UnityEngine.Object)
UnityEngine.DebugLogHandler:LogFormat (UnityEngine.LogType,UnityEngine.Object,string,object[])
UnityEngine.Logger:Log (UnityEngine.LogType,object)
UnityEngine.Debug:Log (object)
Skittle:StandUp () (at Assets/Script/Skittle.cs:43)
GameManager:OnNextTurnButtonPressed () (at Assets/Script/GameManager.cs:201)
UnityEngine.Events.InvokableCall:Invoke ()
UnityEngine.Events.UnityEvent:Invoke ()
UnityEngine.UI.Button:Press () (at ./Library/PackageCache/com.unity.ugui@4f9b15fd1386/Runtime/UGUI/UI/Core/Button.cs:71)
UnityEngine.UI.Button:OnPointerClick (UnityEngine.EventSystems.PointerEventData) (at ./Library/PackageCache/com.unity.ugui@4f9b15fd1386/Runtime/UGUI/UI/Core/Button.cs:115)
UnityEngine.EventSystems.ExecuteEvents:Execute (UnityEngine.EventSystems.IPointerClickHandler,UnityEngine.EventSystems.BaseEventData) (at ./Library/PackageCache/com.unity.ugui@4f9b15fd1386/Runtime/UGUI/EventSystem/ExecuteEvents.cs:57)
UnityEngine.EventSystems.ExecuteEvents:Execute<UnityEngine.EventSystems.IPointerClickHandler> (UnityEngine.GameObject,UnityEngine.EventSystems.BaseEventData,UnityEngine.EventSystems.ExecuteEvents/EventFunction`1<UnityEngine.EventSystems.IPointerClickHandler>) (at ./Library/PackageCache/com.unity.ugui@4f9b15fd1386/Runtime/UGUI/EventSystem/ExecuteEvents.cs:272)
UnityEngine.InputSystem.UI.InputSystemUIInputModule:ProcessPointerButton (UnityEngine.InputSystem.UI.PointerModel/ButtonState&,UnityEngine.EventSystems.PointerEventData) (at ./Library/PackageCache/com.unity.inputsystem@21a28c3a6c83/InputSystem/Plugins/UI/InputSystemUIInputModule.cs:731)
UnityEngine.InputSystem.UI.InputSystemUIInputModule:ProcessPointer (UnityEngine.InputSystem.UI.PointerModel&) (at ./Library/PackageCache/com.unity.inputsystem@21a28c3a6c83/InputSystem/Plugins/UI/InputSystemUIInputModule.cs:490)
UnityEngine.InputSystem.UI.InputSystemUIInputModule:Process () (at ./Library/PackageCache/com.unity.inputsystem@21a28c3a6c83/InputSystem/Plugins/UI/InputSystemUIInputModule.cs:2404)
UnityEngine.EventSystems.EventSystem:Update () (at ./Library/PackageCache/com.unity.ugui@4f9b15fd1386/Runtime/UGUI/EventSystem/EventSystem.cs:516)

(Filename: Assets/Script/Skittle.cs Line: 43)

ピン 3 番を再配置します。
UnityEngine.Debug:ExtractStackTraceNoAlloc (byte*,int,string)
UnityEngine.StackTraceUtility:ExtractStackTrace ()
UnityEngine.DebugLogHandler:Internal_Log (UnityEngine.LogType,UnityEngine.LogOption,string,UnityEngine.Object)
UnityEngine.DebugLogHandler:LogFormat (UnityEngine.LogType,UnityEngine.Object,string,object[])
UnityEngine.Logger:Log (UnityEngine.LogType,object)
UnityEngine.Debug:Log (object)
Skittle:StandUp () (at Assets/Script/Skittle.cs:43)
GameManager:OnNextTurnButtonPressed () (at Assets/Script/GameManager.cs:201)
UnityEngine.Events.InvokableCall:Invoke ()
UnityEngine.Events.UnityEvent:Invoke ()
UnityEngine.UI.Button:Press () (at ./Library/PackageCache/com.unity.ugui@4f9b15fd1386/Runtime/UGUI/UI/Core/Button.cs:71)
UnityEngine.UI.Button:OnPointerClick (UnityEngine.EventSystems.PointerEventData) (at ./Library/PackageCache/com.unity.ugui@4f9b15fd1386/Runtime/UGUI/UI/Core/Button.cs:115)
UnityEngine.EventSystems.ExecuteEvents:Execute (UnityEngine.EventSystems.IPointerClickHandler,UnityEngine.EventSystems.BaseEventData) (at ./Library/PackageCache/com.unity.ugui@4f9b15fd1386/Runtime/UGUI/EventSystem/ExecuteEvents.cs:57)
UnityEngine.EventSystems.ExecuteEvents:Execute<UnityEngine.EventSystems.IPointerClickHandler> (UnityEngine.GameObject,UnityEngine.EventSystems.BaseEventData,UnityEngine.EventSystems.ExecuteEvents/EventFunction`1<UnityEngine.EventSystems.IPointerClickHandler>) (at ./Library/PackageCache/com.unity.ugui@4f9b15fd1386/Runtime/UGUI/EventSystem/ExecuteEvents.cs:272)
UnityEngine.InputSystem.UI.InputSystemUIInputModule:ProcessPointerButton (UnityEngine.InputSystem.UI.PointerModel/ButtonState&,UnityEngine.EventSystems.PointerEventData) (at ./Library/PackageCache/com.unity.inputsystem@21a28c3a6c83/InputSystem/Plugins/UI/InputSystemUIInputModule.cs:731)
UnityEngine.InputSystem.UI.InputSystemUIInputModule:ProcessPointer (UnityEngine.InputSystem.UI.PointerModel&) (at ./Library/PackageCache/com.unity.inputsystem@21a28c3a6c83/InputSystem/Plugins/UI/InputSystemUIInputModule.cs:490)
UnityEngine.InputSystem.UI.InputSystemUIInputModule:Process () (at ./Library/PackageCache/com.unity.inputsystem@21a28c3a6c83/InputSystem/Plugins/UI/InputSystemUIInputModule.cs:2404)
UnityEngine.EventSystems.EventSystem:Update () (at ./Library/PackageCache/com.unity.ugui@4f9b15fd1386/Runtime/UGUI/EventSystem/EventSystem.cs:516)

(Filename: Assets/Script/Skittle.cs Line: 43)

ピン 4 番を再配置します。
UnityEngine.Debug:ExtractStackTraceNoAlloc (byte*,int,string)
UnityEngine.StackTraceUtility:ExtractStackTrace ()
UnityEngine.DebugLogHandler:Internal_Log (UnityEngine.LogType,UnityEngine.LogOption,string,UnityEngine.Object)
UnityEngine.DebugLogHandler:LogFormat (UnityEngine.LogType,UnityEngine.Object,string,object[])
UnityEngine.Logger:Log (UnityEngine.LogType,object)
UnityEngine.Debug:Log (object)
Skittle:StandUp () (at Assets/Script/Skittle.cs:43)
GameManager:OnNextTurnButtonPressed () (at Assets/Script/GameManager.cs:201)
UnityEngine.Events.InvokableCall:Invoke ()
UnityEngine.Events.UnityEvent:Invoke ()
UnityEngine.UI.Button:Press () (at ./Library/PackageCache/com.unity.ugui@4f9b15fd1386/Runtime/UGUI/UI/Core/Button.cs:71)
UnityEngine.UI.Button:OnPointerClick (UnityEngine.EventSystems.PointerEventData) (at ./Library/PackageCache/com.unity.ugui@4f9b15fd1386/Runtime/UGUI/UI/Core/Button.cs:115)
UnityEngine.EventSystems.ExecuteEvents:Execute (UnityEngine.EventSystems.IPointerClickHandler,UnityEngine.EventSystems.BaseEventData) (at ./Library/PackageCache/com.unity.ugui@4f9b15fd1386/Runtime/UGUI/EventSystem/ExecuteEvents.cs:57)
UnityEngine.EventSystems.ExecuteEvents:Execute<UnityEngine.EventSystems.IPointerClickHandler> (UnityEngine.GameObject,UnityEngine.EventSystems.BaseEventData,UnityEngine.EventSystems.ExecuteEvents/EventFunction`1<UnityEngine.EventSystems.IPointerClickHandler>) (at ./Library/PackageCache/com.unity.ugui@4f9b15fd1386/Runtime/UGUI/EventSystem/ExecuteEvents.cs:272)
UnityEngine.InputSystem.UI.InputSystemUIInputModule:ProcessPointerButton (UnityEngine.InputSystem.UI.PointerModel/ButtonState&,UnityEngine.EventSystems.PointerEventData) (at ./Library/PackageCache/com.unity.inputsystem@21a28c3a6c83/InputSystem/Plugins/UI/InputSystemUIInputModule.cs:731)
UnityEngine.InputSystem.UI.InputSystemUIInputModule:ProcessPointer (UnityEngine.InputSystem.UI.PointerModel&) (at ./Library/PackageCache/com.unity.inputsystem@21a28c3a6c83/InputSystem/Plugins/UI/InputSystemUIInputModule.cs:490)
UnityEngine.InputSystem.UI.InputSystemUIInputModule:Process () (at ./Library/PackageCache/com.unity.inputsystem@21a28c3a6c83/InputSystem/Plugins/UI/InputSystemUIInputModule.cs:2404)
UnityEngine.EventSystems.EventSystem:Update () (at ./Library/PackageCache/com.unity.ugui@4f9b15fd1386/Runtime/UGUI/EventSystem/EventSystem.cs:516)

(Filename: Assets/Script/Skittle.cs Line: 43)

ピン 5 番を再配置します。
UnityEngine.Debug:ExtractStackTraceNoAlloc (byte*,int,string)
UnityEngine.StackTraceUtility:ExtractStackTrace ()
UnityEngine.DebugLogHandler:Internal_Log (UnityEngine.LogType,UnityEngine.LogOption,string,UnityEngine.Object)
UnityEngine.DebugLogHandler:LogFormat (UnityEngine.LogType,UnityEngine.Object,string,object[])
UnityEngine.Logger:Log (UnityEngine.LogType,object)
UnityEngine.Debug:Log (object)
Skittle:StandUp () (at Assets/Script/Skittle.cs:43)
GameManager:OnNextTurnButtonPressed () (at Assets/Script/GameManager.cs:201)
UnityEngine.Events.InvokableCall:Invoke ()
UnityEngine.Events.UnityEvent:Invoke ()
UnityEngine.UI.Button:Press () (at ./Library/PackageCache/com.unity.ugui@4f9b15fd1386/Runtime/UGUI/UI/Core/Button.cs:71)
UnityEngine.UI.Button:OnPointerClick (UnityEngine.EventSystems.PointerEventData) (at ./Library/PackageCache/com.unity.ugui@4f9b15fd1386/Runtime/UGUI/UI/Core/Button.cs:115)
UnityEngine.EventSystems.ExecuteEvents:Execute (UnityEngine.EventSystems.IPointerClickHandler,UnityEngine.EventSystems.BaseEventData) (at ./Library/PackageCache/com.unity.ugui@4f9b15fd1386/Runtime/UGUI/EventSystem/ExecuteEvents.cs:57)
UnityEngine.EventSystems.ExecuteEvents:Execute<UnityEngine.EventSystems.IPointerClickHandler> (UnityEngine.GameObject,UnityEngine.EventSystems.BaseEventData,UnityEngine.EventSystems.ExecuteEvents/EventFunction`1<UnityEngine.EventSystems.IPointerClickHandler>) (at ./Library/PackageCache/com.unity.ugui@4f9b15fd1386/Runtime/UGUI/EventSystem/ExecuteEvents.cs:272)
UnityEngine.InputSystem.UI.InputSystemUIInputModule:ProcessPointerButton (UnityEngine.InputSystem.UI.PointerModel/ButtonState&,UnityEngine.EventSystems.PointerEventData) (at ./Library/PackageCache/com.unity.inputsystem@21a28c3a6c83/InputSystem/Plugins/UI/InputSystemUIInputModule.cs:731)
UnityEngine.InputSystem.UI.InputSystemUIInputModule:ProcessPointer (UnityEngine.InputSystem.UI.PointerModel&) (at ./Library/PackageCache/com.unity.inputsystem@21a28c3a6c83/InputSystem/Plugins/UI/InputSystemUIInputModule.cs:490)
UnityEngine.InputSystem.UI.InputSystemUIInputModule:Process () (at ./Library/PackageCache/com.unity.inputsystem@21a28c3a6c83/InputSystem/Plugins/UI/InputSystemUIInputModule.cs:2404)
UnityEngine.EventSystems.EventSystem:Update () (at ./Library/PackageCache/com.unity.ugui@4f9b15fd1386/Runtime/UGUI/EventSystem/EventSystem.cs:516)

(Filename: Assets/Script/Skittle.cs Line: 43)

ピン 6 番を再配置します。
UnityEngine.Debug:ExtractStackTraceNoAlloc (byte*,int,string)
UnityEngine.StackTraceUtility:ExtractStackTrace ()
UnityEngine.DebugLogHandler:Internal_Log (UnityEngine.LogType,UnityEngine.LogOption,string,UnityEngine.Object)
UnityEngine.DebugLogHandler:LogFormat (UnityEngine.LogType,UnityEngine.Object,string,object[])
UnityEngine.Logger:Log (UnityEngine.LogType,object)
UnityEngine.Debug:Log (object)
Skittle:StandUp () (at Assets/Script/Skittle.cs:43)
GameManager:OnNextTurnButtonPressed () (at Assets/Script/GameManager.cs:201)
UnityEngine.Events.InvokableCall:Invoke ()
UnityEngine.Events.UnityEvent:Invoke ()
UnityEngine.UI.Button:Press () (at ./Library/PackageCache/com.unity.ugui@4f9b15fd1386/Runtime/UGUI/UI/Core/Button.cs:71)
UnityEngine.UI.Button:OnPointerClick (UnityEngine.EventSystems.PointerEventData) (at ./Library/PackageCache/com.unity.ugui@4f9b15fd1386/Runtime/UGUI/UI/Core/Button.cs:115)
UnityEngine.EventSystems.ExecuteEvents:Execute (UnityEngine.EventSystems.IPointerClickHandler,UnityEngine.EventSystems.BaseEventData) (at ./Library/PackageCache/com.unity.ugui@4f9b15fd1386/Runtime/UGUI/EventSystem/ExecuteEvents.cs:57)
UnityEngine.EventSystems.ExecuteEvents:Execute<UnityEngine.EventSystems.IPointerClickHandler> (UnityEngine.GameObject,UnityEngine.EventSystems.BaseEventData,UnityEngine.EventSystems.ExecuteEvents/EventFunction`1<UnityEngine.EventSystems.IPointerClickHandler>) (at ./Library/PackageCache/com.unity.ugui@4f9b15fd1386/Runtime/UGUI/EventSystem/ExecuteEvents.cs:272)
UnityEngine.InputSystem.UI.InputSystemUIInputModule:ProcessPointerButton (UnityEngine.InputSystem.UI.PointerModel/ButtonState&,UnityEngine.EventSystems.PointerEventData) (at ./Library/PackageCache/com.unity.inputsystem@21a28c3a6c83/InputSystem/Plugins/UI/InputSystemUIInputModule.cs:731)
UnityEngine.InputSystem.UI.InputSystemUIInputModule:ProcessPointer (UnityEngine.InputSystem.UI.PointerModel&) (at ./Library/PackageCache/com.unity.inputsystem@21a28c3a6c83/InputSystem/Plugins/UI/InputSystemUIInputModule.cs:490)
UnityEngine.InputSystem.UI.InputSystemUIInputModule:Process () (at ./Library/PackageCache/com.unity.inputsystem@21a28c3a6c83/InputSystem/Plugins/UI/InputSystemUIInputModule.cs:2404)
UnityEngine.EventSystems.EventSystem:Update () (at ./Library/PackageCache/com.unity.ugui@4f9b15fd1386/Runtime/UGUI/EventSystem/EventSystem.cs:516)

(Filename: Assets/Script/Skittle.cs Line: 43)

ピン 7 番を再配置します。
UnityEngine.Debug:ExtractStackTraceNoAlloc (byte*,int,string)
UnityEngine.StackTraceUtility:ExtractStackTrace ()
UnityEngine.DebugLogHandler:Internal_Log (UnityEngine.LogType,UnityEngine.LogOption,string,UnityEngine.Object)
UnityEngine.DebugLogHandler:LogFormat (UnityEngine.LogType,UnityEngine.Object,string,object[])
UnityEngine.Logger:Log (UnityEngine.LogType,object)
UnityEngine.Debug:Log (object)
Skittle:StandUp () (at Assets/Script/Skittle.cs:43)
GameManager:OnNextTurnButtonPressed () (at Assets/Script/GameManager.cs:201)
UnityEngine.Events.InvokableCall:Invoke ()
UnityEngine.Events.UnityEvent:Invoke ()
UnityEngine.UI.Button:Press () (at ./Library/PackageCache/com.unity.ugui@4f9b15fd1386/Runtime/UGUI/UI/Core/Button.cs:71)
UnityEngine.UI.Button:OnPointerClick (UnityEngine.EventSystems.PointerEventData) (at ./Library/PackageCache/com.unity.ugui@4f9b15fd1386/Runtime/UGUI/UI/Core/Button.cs:115)
UnityEngine.EventSystems.ExecuteEvents:Execute (UnityEngine.EventSystems.IPointerClickHandler,UnityEngine.EventSystems.BaseEventData) (at ./Library/PackageCache/com.unity.ugui@4f9b15fd1386/Runtime/UGUI/EventSystem/ExecuteEvents.cs:57)
UnityEngine.EventSystems.ExecuteEvents:Execute<UnityEngine.EventSystems.IPointerClickHandler> (UnityEngine.GameObject,UnityEngine.EventSystems.BaseEventData,UnityEngine.EventSystems.ExecuteEvents/EventFunction`1<UnityEngine.EventSystems.IPointerClickHandler>) (at ./Library/PackageCache/com.unity.ugui@4f9b15fd1386/Runtime/UGUI/EventSystem/ExecuteEvents.cs:272)
UnityEngine.InputSystem.UI.InputSystemUIInputModule:ProcessPointerButton (UnityEngine.InputSystem.UI.PointerModel/ButtonState&,UnityEngine.EventSystems.PointerEventData) (at ./Library/PackageCache/com.unity.inputsystem@21a28c3a6c83/InputSystem/Plugins/UI/InputSystemUIInputModule.cs:731)
UnityEngine.InputSystem.UI.InputSystemUIInputModule:ProcessPointer (UnityEngine.InputSystem.UI.PointerModel&) (at ./Library/PackageCache/com.unity.inputsystem@21a28c3a6c83/InputSystem/Plugins/UI/InputSystemUIInputModule.cs:490)
UnityEngine.InputSystem.UI.InputSystemUIInputModule:Process () (at ./Library/PackageCache/com.unity.inputsystem@21a28c3a6c83/InputSystem/Plugins/UI/InputSystemUIInputModule.cs:2404)
UnityEngine.EventSystems.EventSystem:Update () (at ./Library/PackageCache/com.unity.ugui@4f9b15fd1386/Runtime/UGUI/EventSystem/EventSystem.cs:516)

(Filename: Assets/Script/Skittle.cs Line: 43)

ピン 8 番を再配置します。
UnityEngine.Debug:ExtractStackTraceNoAlloc (byte*,int,string)
UnityEngine.StackTraceUtility:ExtractStackTrace ()
UnityEngine.DebugLogHandler:Internal_Log (UnityEngine.LogType,UnityEngine.LogOption,string,UnityEngine.Object)
UnityEngine.DebugLogHandler:LogFormat (UnityEngine.LogType,UnityEngine.Object,string,object[])
UnityEngine.Logger:Log (UnityEngine.LogType,object)
UnityEngine.Debug:Log (object)
Skittle:StandUp () (at Assets/Script/Skittle.cs:43)
GameManager:OnNextTurnButtonPressed () (at Assets/Script/GameManager.cs:201)
UnityEngine.Events.InvokableCall:Invoke ()
UnityEngine.Events.UnityEvent:Invoke ()
UnityEngine.UI.Button:Press () (at ./Library/PackageCache/com.unity.ugui@4f9b15fd1386/Runtime/UGUI/UI/Core/Button.cs:71)
UnityEngine.UI.Button:OnPointerClick (UnityEngine.EventSystems.PointerEventData) (at ./Library/PackageCache/com.unity.ugui@4f9b15fd1386/Runtime/UGUI/UI/Core/Button.cs:115)
UnityEngine.EventSystems.ExecuteEvents:Execute (UnityEngine.EventSystems.IPointerClickHandler,UnityEngine.EventSystems.BaseEventData) (at ./Library/PackageCache/com.unity.ugui@4f9b15fd1386/Runtime/UGUI/EventSystem/ExecuteEvents.cs:57)
UnityEngine.EventSystems.ExecuteEvents:Execute<UnityEngine.EventSystems.IPointerClickHandler> (UnityEngine.GameObject,UnityEngine.EventSystems.BaseEventData,UnityEngine.EventSystems.ExecuteEvents/EventFunction`1<UnityEngine.EventSystems.IPointerClickHandler>) (at ./Library/PackageCache/com.unity.ugui@4f9b15fd1386/Runtime/UGUI/EventSystem/ExecuteEvents.cs:272)
UnityEngine.InputSystem.UI.InputSystemUIInputModule:ProcessPointerButton (UnityEngine.InputSystem.UI.PointerModel/ButtonState&,UnityEngine.EventSystems.PointerEventData) (at ./Library/PackageCache/com.unity.inputsystem@21a28c3a6c83/InputSystem/Plugins/UI/InputSystemUIInputModule.cs:731)
UnityEngine.InputSystem.UI.InputSystemUIInputModule:ProcessPointer (UnityEngine.InputSystem.UI.PointerModel&) (at ./Library/PackageCache/com.unity.inputsystem@21a28c3a6c83/InputSystem/Plugins/UI/InputSystemUIInputModule.cs:490)
UnityEngine.InputSystem.UI.InputSystemUIInputModule:Process () (at ./Library/PackageCache/com.unity.inputsystem@21a28c3a6c83/InputSystem/Plugins/UI/InputSystemUIInputModule.cs:2404)
UnityEngine.EventSystems.EventSystem:Update () (at ./Library/PackageCache/com.unity.ugui@4f9b15fd1386/Runtime/UGUI/EventSystem/EventSystem.cs:516)

(Filename: Assets/Script/Skittle.cs Line: 43)

ピン 9 番を再配置します。
UnityEngine.Debug:ExtractStackTraceNoAlloc (byte*,int,string)
UnityEngine.StackTraceUtility:ExtractStackTrace ()
UnityEngine.DebugLogHandler:Internal_Log (UnityEngine.LogType,UnityEngine.LogOption,string,UnityEngine.Object)
UnityEngine.DebugLogHandler:LogFormat (UnityEngine.LogType,UnityEngine.Object,string,object[])
UnityEngine.Logger:Log (UnityEngine.LogType,object)
UnityEngine.Debug:Log (object)
Skittle:StandUp () (at Assets/Script/Skittle.cs:43)
GameManager:OnNextTurnButtonPressed () (at Assets/Script/GameManager.cs:201)
UnityEngine.Events.InvokableCall:Invoke ()
UnityEngine.Events.UnityEvent:Invoke ()
UnityEngine.UI.Button:Press () (at ./Library/PackageCache/com.unity.ugui@4f9b15fd1386/Runtime/UGUI/UI/Core/Button.cs:71)
UnityEngine.UI.Button:OnPointerClick (UnityEngine.EventSystems.PointerEventData) (at ./Library/PackageCache/com.unity.ugui@4f9b15fd1386/Runtime/UGUI/UI/Core/Button.cs:115)
UnityEngine.EventSystems.ExecuteEvents:Execute (UnityEngine.EventSystems.IPointerClickHandler,UnityEngine.EventSystems.BaseEventData) (at ./Library/PackageCache/com.unity.ugui@4f9b15fd1386/Runtime/UGUI/EventSystem/ExecuteEvents.cs:57)
UnityEngine.EventSystems.ExecuteEvents:Execute<UnityEngine.EventSystems.IPointerClickHandler> (UnityEngine.GameObject,UnityEngine.EventSystems.BaseEventData,UnityEngine.EventSystems.ExecuteEvents/EventFunction`1<UnityEngine.EventSystems.IPointerClickHandler>) (at ./Library/PackageCache/com.unity.ugui@4f9b15fd1386/Runtime/UGUI/EventSystem/ExecuteEvents.cs:272)
UnityEngine.InputSystem.UI.InputSystemUIInputModule:ProcessPointerButton (UnityEngine.InputSystem.UI.PointerModel/ButtonState&,UnityEngine.EventSystems.PointerEventData) (at ./Library/PackageCache/com.unity.inputsystem@21a28c3a6c83/InputSystem/Plugins/UI/InputSystemUIInputModule.cs:731)
UnityEngine.InputSystem.UI.InputSystemUIInputModule:ProcessPointer (UnityEngine.InputSystem.UI.PointerModel&) (at ./Library/PackageCache/com.unity.inputsystem@21a28c3a6c83/InputSystem/Plugins/UI/InputSystemUIInputModule.cs:490)
UnityEngine.InputSystem.UI.InputSystemUIInputModule:Process () (at ./Library/PackageCache/com.unity.inputsystem@21a28c3a6c83/InputSystem/Plugins/UI/InputSystemUIInputModule.cs:2404)
UnityEngine.EventSystems.EventSystem:Update () (at ./Library/PackageCache/com.unity.ugui@4f9b15fd1386/Runtime/UGUI/EventSystem/EventSystem.cs:516)

(Filename: Assets/Script/Skittle.cs Line: 43)

ピン 10 番を再配置します。
UnityEngine.Debug:ExtractStackTraceNoAlloc (byte*,int,string)
UnityEngine.StackTraceUtility:ExtractStackTrace ()
UnityEngine.DebugLogHandler:Internal_Log (UnityEngine.LogType,UnityEngine.LogOption,string,UnityEngine.Object)
UnityEngine.DebugLogHandler:LogFormat (UnityEngine.LogType,UnityEngine.Object,string,object[])
UnityEngine.Logger:Log (UnityEngine.LogType,object)
UnityEngine.Debug:Log (object)
Skittle:StandUp () (at Assets/Script/Skittle.cs:43)
GameManager:OnNextTurnButtonPressed () (at Assets/Script/GameManager.cs:201)
UnityEngine.Events.InvokableCall:Invoke ()
UnityEngine.Events.UnityEvent:Invoke ()
UnityEngine.UI.Button:Press () (at ./Library/PackageCache/com.unity.ugui@4f9b15fd1386/Runtime/UGUI/UI/Core/Button.cs:71)
UnityEngine.UI.Button:OnPointerClick (UnityEngine.EventSystems.PointerEventData) (at ./Library/PackageCache/com.unity.ugui@4f9b15fd1386/Runtime/UGUI/UI/Core/Button.cs:115)
UnityEngine.EventSystems.ExecuteEvents:Execute (UnityEngine.EventSystems.IPointerClickHandler,UnityEngine.EventSystems.BaseEventData) (at ./Library/PackageCache/com.unity.ugui@4f9b15fd1386/Runtime/UGUI/EventSystem/ExecuteEvents.cs:57)
UnityEngine.EventSystems.ExecuteEvents:Execute<UnityEngine.EventSystems.IPointerClickHandler> (UnityEngine.GameObject,UnityEngine.EventSystems.BaseEventData,UnityEngine.EventSystems.ExecuteEvents/EventFunction`1<UnityEngine.EventSystems.IPointerClickHandler>) (at ./Library/PackageCache/com.unity.ugui@4f9b15fd1386/Runtime/UGUI/EventSystem/ExecuteEvents.cs:272)
UnityEngine.InputSystem.UI.InputSystemUIInputModule:ProcessPointerButton (UnityEngine.InputSystem.UI.PointerModel/ButtonState&,UnityEngine.EventSystems.PointerEventData) (at ./Library/PackageCache/com.unity.inputsystem@21a28c3a6c83/InputSystem/Plugins/UI/InputSystemUIInputModule.cs:731)
UnityEngine.InputSystem.UI.InputSystemUIInputModule:ProcessPointer (UnityEngine.InputSystem.UI.PointerModel&) (at ./Library/PackageCache/com.unity.inputsystem@21a28c3a6c83/InputSystem/Plugins/UI/InputSystemUIInputModule.cs:490)
UnityEngine.InputSystem.UI.InputSystemUIInputModule:Process () (at ./Library/PackageCache/com.unity.inputsystem@21a28c3a6c83/InputSystem/Plugins/UI/InputSystemUIInputModule.cs:2404)
UnityEngine.EventSystems.EventSystem:Update () (at ./Library/PackageCache/com.unity.ugui@4f9b15fd1386/Runtime/UGUI/EventSystem/EventSystem.cs:516)

(Filename: Assets/Script/Skittle.cs Line: 43)

ピン 11 番を再配置します。
UnityEngine.Debug:ExtractStackTraceNoAlloc (byte*,int,string)
UnityEngine.StackTraceUtility:ExtractStackTrace ()
UnityEngine.DebugLogHandler:Internal_Log (UnityEngine.LogType,UnityEngine.LogOption,string,UnityEngine.Object)
UnityEngine.DebugLogHandler:LogFormat (UnityEngine.LogType,UnityEngine.Object,string,object[])
UnityEngine.Logger:Log (UnityEngine.LogType,object)
UnityEngine.Debug:Log (object)
Skittle:StandUp () (at Assets/Script/Skittle.cs:43)
GameManager:OnNextTurnButtonPressed () (at Assets/Script/GameManager.cs:201)
UnityEngine.Events.InvokableCall:Invoke ()
UnityEngine.Events.UnityEvent:Invoke ()
UnityEngine.UI.Button:Press () (at ./Library/PackageCache/com.unity.ugui@4f9b15fd1386/Runtime/UGUI/UI/Core/Button.cs:71)
UnityEngine.UI.Button:OnPointerClick (UnityEngine.EventSystems.PointerEventData) (at ./Library/PackageCache/com.unity.ugui@4f9b15fd1386/Runtime/UGUI/UI/Core/Button.cs:115)
UnityEngine.EventSystems.ExecuteEvents:Execute (UnityEngine.EventSystems.IPointerClickHandler,UnityEngine.EventSystems.BaseEventData) (at ./Library/PackageCache/com.unity.ugui@4f9b15fd1386/Runtime/UGUI/EventSystem/ExecuteEvents.cs:57)
UnityEngine.EventSystems.ExecuteEvents:Execute<UnityEngine.EventSystems.IPointerClickHandler> (UnityEngine.GameObject,UnityEngine.EventSystems.BaseEventData,UnityEngine.EventSystems.ExecuteEvents/EventFunction`1<UnityEngine.EventSystems.IPointerClickHandler>) (at ./Library/PackageCache/com.unity.ugui@4f9b15fd1386/Runtime/UGUI/EventSystem/ExecuteEvents.cs:272)
UnityEngine.InputSystem.UI.InputSystemUIInputModule:ProcessPointerButton (UnityEngine.InputSystem.UI.PointerModel/ButtonState&,UnityEngine.EventSystems.PointerEventData) (at ./Library/PackageCache/com.unity.inputsystem@21a28c3a6c83/InputSystem/Plugins/UI/InputSystemUIInputModule.cs:731)
UnityEngine.InputSystem.UI.InputSystemUIInputModule:ProcessPointer (UnityEngine.InputSystem.UI.PointerModel&) (at ./Library/PackageCache/com.unity.inputsystem@21a28c3a6c83/InputSystem/Plugins/UI/InputSystemUIInputModule.cs:490)
UnityEngine.InputSystem.UI.InputSystemUIInputModule:Process () (at ./Library/PackageCache/com.unity.inputsystem@21a28c3a6c83/InputSystem/Plugins/UI/InputSystemUIInputModule.cs:2404)
UnityEngine.EventSystems.EventSystem:Update () (at ./Library/PackageCache/com.unity.ugui@4f9b15fd1386/Runtime/UGUI/EventSystem/EventSystem.cs:516)

(Filename: Assets/Script/Skittle.cs Line: 43)

ピン 12 番を再配置します。
UnityEngine.Debug:ExtractStackTraceNoAlloc (byte*,int,string)
UnityEngine.StackTraceUtility:ExtractStackTrace ()
UnityEngine.DebugLogHandler:Internal_Log (UnityEngine.LogType,UnityEngine.LogOption,string,UnityEngine.Object)
UnityEngine.DebugLogHandler:LogFormat (UnityEngine.LogType,UnityEngine.Object,string,object[])
UnityEngine.Logger:Log (UnityEngine.LogType,object)
UnityEngine.Debug:Log (object)
Skittle:StandUp () (at Assets/Script/Skittle.cs:43)
GameManager:OnNextTurnButtonPressed () (at Assets/Script/GameManager.cs:201)
UnityEngine.Events.InvokableCall:Invoke ()
UnityEngine.Events.UnityEvent:Invoke ()
UnityEngine.UI.Button:Press () (at ./Library/PackageCache/com.unity.ugui@4f9b15fd1386/Runtime/UGUI/UI/Core/Button.cs:71)
UnityEngine.UI.Button:OnPointerClick (UnityEngine.EventSystems.PointerEventData) (at ./Library/PackageCache/com.unity.ugui@4f9b15fd1386/Runtime/UGUI/UI/Core/Button.cs:115)
UnityEngine.EventSystems.ExecuteEvents:Execute (UnityEngine.EventSystems.IPointerClickHandler,UnityEngine.EventSystems.BaseEventData) (at ./Library/PackageCache/com.unity.ugui@4f9b15fd1386/Runtime/UGUI/EventSystem/ExecuteEvents.cs:57)
UnityEngine.EventSystems.ExecuteEvents:Execute<UnityEngine.EventSystems.IPointerClickHandler> (UnityEngine.GameObject,UnityEngine.EventSystems.BaseEventData,UnityEngine.EventSystems.ExecuteEvents/EventFunction`1<UnityEngine.EventSystems.IPointerClickHandler>) (at ./Library/PackageCache/com.unity.ugui@4f9b15fd1386/Runtime/UGUI/EventSystem/ExecuteEvents.cs:272)
UnityEngine.InputSystem.UI.InputSystemUIInputModule:ProcessPointerButton (UnityEngine.InputSystem.UI.PointerModel/ButtonState&,UnityEngine.EventSystems.PointerEventData) (at ./Library/PackageCache/com.unity.inputsystem@21a28c3a6c83/InputSystem/Plugins/UI/InputSystemUIInputModule.cs:731)
UnityEngine.InputSystem.UI.InputSystemUIInputModule:ProcessPointer (UnityEngine.InputSystem.UI.PointerModel&) (at ./Library/PackageCache/com.unity.inputsystem@21a28c3a6c83/InputSystem/Plugins/UI/InputSystemUIInputModule.cs:490)
UnityEngine.InputSystem.UI.InputSystemUIInputModule:Process () (at ./Library/PackageCache/com.unity.inputsystem@21a28c3a6c83/InputSystem/Plugins/UI/InputSystemUIInputModule.cs:2404)
UnityEngine.EventSystems.EventSystem:Update () (at ./Library/PackageCache/com.unity.ugui@4f9b15fd1386/Runtime/UGUI/EventSystem/EventSystem.cs:516)

(Filename: Assets/Script/Skittle.cs Line: 43)

ターン交代完了！次のプレイヤー: Player 1
UnityEngine.Debug:ExtractStackTraceNoAlloc (byte*,int,string)
UnityEngine.StackTraceUtility:ExtractStackTrace ()
UnityEngine.DebugLogHandler:Internal_Log (UnityEngine.LogType,UnityEngine.LogOption,string,UnityEngine.Object)
UnityEngine.DebugLogHandler:LogFormat (UnityEngine.LogType,UnityEngine.Object,string,object[])
UnityEngine.Logger:Log (UnityEngine.LogType,object)
UnityEngine.Debug:Log (object)
GameManager:OnNextTurnButtonPressed () (at Assets/Script/GameManager.cs:215)
UnityEngine.Events.InvokableCall:Invoke ()
UnityEngine.Events.UnityEvent:Invoke ()
UnityEngine.UI.Button:Press () (at ./Library/PackageCache/com.unity.ugui@4f9b15fd1386/Runtime/UGUI/UI/Core/Button.cs:71)
UnityEngine.UI.Button:OnPointerClick (UnityEngine.EventSystems.PointerEventData) (at ./Library/PackageCache/com.unity.ugui@4f9b15fd1386/Runtime/UGUI/UI/Core/Button.cs:115)
UnityEngine.EventSystems.ExecuteEvents:Execute (UnityEngine.EventSystems.IPointerClickHandler,UnityEngine.EventSystems.BaseEventData) (at ./Library/PackageCache/com.unity.ugui@4f9b15fd1386/Runtime/UGUI/EventSystem/ExecuteEvents.cs:57)
UnityEngine.EventSystems.ExecuteEvents:Execute<UnityEngine.EventSystems.IPointerClickHandler> (UnityEngine.GameObject,UnityEngine.EventSystems.BaseEventData,UnityEngine.EventSystems.ExecuteEvents/EventFunction`1<UnityEngine.EventSystems.IPointerClickHandler>) (at ./Library/PackageCache/com.unity.ugui@4f9b15fd1386/Runtime/UGUI/EventSystem/ExecuteEvents.cs:272)
UnityEngine.InputSystem.UI.InputSystemUIInputModule:ProcessPointerButton (UnityEngine.InputSystem.UI.PointerModel/ButtonState&,UnityEngine.EventSystems.PointerEventData) (at ./Library/PackageCache/com.unity.inputsystem@21a28c3a6c83/InputSystem/Plugins/UI/InputSystemUIInputModule.cs:731)
UnityEngine.InputSystem.UI.InputSystemUIInputModule:ProcessPointer (UnityEngine.InputSystem.UI.PointerModel&) (at ./Library/PackageCache/com.unity.inputsystem@21a28c3a6c83/InputSystem/Plugins/UI/InputSystemUIInputModule.cs:490)
UnityEngine.InputSystem.UI.InputSystemUIInputModule:Process () (at ./Library/PackageCache/com.unity.inputsystem@21a28c3a6c83/InputSystem/Plugins/UI/InputSystemUIInputModule.cs:2404)
UnityEngine.EventSystems.EventSystem:Update () (at ./Library/PackageCache/com.unity.ugui@4f9b15fd1386/Runtime/UGUI/EventSystem/EventSystem.cs:516)

(Filename: Assets/Script/GameManager.cs Line: 215)

--- Player 1 の投擲終了：得点計算開始 ---
UnityEngine.Debug:ExtractStackTraceNoAlloc (byte*,int,string)
UnityEngine.StackTraceUtility:ExtractStackTrace ()
UnityEngine.DebugLogHandler:Internal_Log (UnityEngine.LogType,UnityEngine.LogOption,string,UnityEngine.Object)
UnityEngine.DebugLogHandler:LogFormat (UnityEngine.LogType,UnityEngine.Object,string,object[])
UnityEngine.Logger:Log (UnityEngine.LogType,object)
UnityEngine.Debug:Log (object)
GameManager/<TurnEndRoutine>d__20:MoveNext () (at Assets/Script/GameManager.cs:106)
UnityEngine.SetupCoroutine:InvokeMoveNext (System.Collections.IEnumerator,intptr)

(Filename: Assets/Script/GameManager.cs Line: 106)

Player 1: 4 本倒して 4 点獲得！
UnityEngine.Debug:ExtractStackTraceNoAlloc (byte*,int,string)
UnityEngine.StackTraceUtility:ExtractStackTrace ()
UnityEngine.DebugLogHandler:Internal_Log (UnityEngine.LogType,UnityEngine.LogOption,string,UnityEngine.Object)
UnityEngine.DebugLogHandler:LogFormat (UnityEngine.LogType,UnityEngine.Object,string,object[])
UnityEngine.Logger:Log (UnityEngine.LogType,object)
UnityEngine.Debug:Log (object)
GameManager/<TurnEndRoutine>d__20:MoveNext () (at Assets/Script/GameManager.cs:133)
UnityEngine.SetupCoroutine:InvokeMoveNext (System.Collections.IEnumerator,intptr)

(Filename: Assets/Script/GameManager.cs Line: 133)

ピン 1 番を再配置します。
UnityEngine.Debug:ExtractStackTraceNoAlloc (byte*,int,string)
UnityEngine.StackTraceUtility:ExtractStackTrace ()
UnityEngine.DebugLogHandler:Internal_Log (UnityEngine.LogType,UnityEngine.LogOption,string,UnityEngine.Object)
UnityEngine.DebugLogHandler:LogFormat (UnityEngine.LogType,UnityEngine.Object,string,object[])
UnityEngine.Logger:Log (UnityEngine.LogType,object)
UnityEngine.Debug:Log (object)
Skittle:StandUp () (at Assets/Script/Skittle.cs:43)
GameManager:OnNextTurnButtonPressed () (at Assets/Script/GameManager.cs:201)
UnityEngine.Events.InvokableCall:Invoke ()
UnityEngine.Events.UnityEvent:Invoke ()
UnityEngine.UI.Button:Press () (at ./Library/PackageCache/com.unity.ugui@4f9b15fd1386/Runtime/UGUI/UI/Core/Button.cs:71)
UnityEngine.UI.Button:OnPointerClick (UnityEngine.EventSystems.PointerEventData) (at ./Library/PackageCache/com.unity.ugui@4f9b15fd1386/Runtime/UGUI/UI/Core/Button.cs:115)
UnityEngine.EventSystems.ExecuteEvents:Execute (UnityEngine.EventSystems.IPointerClickHandler,UnityEngine.EventSystems.BaseEventData) (at ./Library/PackageCache/com.unity.ugui@4f9b15fd1386/Runtime/UGUI/EventSystem/ExecuteEvents.cs:57)
UnityEngine.EventSystems.ExecuteEvents:Execute<UnityEngine.EventSystems.IPointerClickHandler> (UnityEngine.GameObject,UnityEngine.EventSystems.BaseEventData,UnityEngine.EventSystems.ExecuteEvents/EventFunction`1<UnityEngine.EventSystems.IPointerClickHandler>) (at ./Library/PackageCache/com.unity.ugui@4f9b15fd1386/Runtime/UGUI/EventSystem/ExecuteEvents.cs:272)
UnityEngine.InputSystem.UI.InputSystemUIInputModule:ProcessPointerButton (UnityEngine.InputSystem.UI.PointerModel/ButtonState&,UnityEngine.EventSystems.PointerEventData) (at ./Library/PackageCache/com.unity.inputsystem@21a28c3a6c83/InputSystem/Plugins/UI/InputSystemUIInputModule.cs:731)
UnityEngine.InputSystem.UI.InputSystemUIInputModule:ProcessPointer (UnityEngine.InputSystem.UI.PointerModel&) (at ./Library/PackageCache/com.unity.inputsystem@21a28c3a6c83/InputSystem/Plugins/UI/InputSystemUIInputModule.cs:490)
UnityEngine.InputSystem.UI.InputSystemUIInputModule:Process () (at ./Library/PackageCache/com.unity.inputsystem@21a28c3a6c83/InputSystem/Plugins/UI/InputSystemUIInputModule.cs:2404)
UnityEngine.EventSystems.EventSystem:Update () (at ./Library/PackageCache/com.unity.ugui@4f9b15fd1386/Runtime/UGUI/EventSystem/EventSystem.cs:516)

(Filename: Assets/Script/Skittle.cs Line: 43)

ピン 2 番を再配置します。
UnityEngine.Debug:ExtractStackTraceNoAlloc (byte*,int,string)
UnityEngine.StackTraceUtility:ExtractStackTrace ()
UnityEngine.DebugLogHandler:Internal_Log (UnityEngine.LogType,UnityEngine.LogOption,string,UnityEngine.Object)
UnityEngine.DebugLogHandler:LogFormat (UnityEngine.LogType,UnityEngine.Object,string,object[])
UnityEngine.Logger:Log (UnityEngine.LogType,object)
UnityEngine.Debug:Log (object)
Skittle:StandUp () (at Assets/Script/Skittle.cs:43)
GameManager:OnNextTurnButtonPressed () (at Assets/Script/GameManager.cs:201)
UnityEngine.Events.InvokableCall:Invoke ()
UnityEngine.Events.UnityEvent:Invoke ()
UnityEngine.UI.Button:Press () (at ./Library/PackageCache/com.unity.ugui@4f9b15fd1386/Runtime/UGUI/UI/Core/Button.cs:71)
UnityEngine.UI.Button:OnPointerClick (UnityEngine.EventSystems.PointerEventData) (at ./Library/PackageCache/com.unity.ugui@4f9b15fd1386/Runtime/UGUI/UI/Core/Button.cs:115)
UnityEngine.EventSystems.ExecuteEvents:Execute (UnityEngine.EventSystems.IPointerClickHandler,UnityEngine.EventSystems.BaseEventData) (at ./Library/PackageCache/com.unity.ugui@4f9b15fd1386/Runtime/UGUI/EventSystem/ExecuteEvents.cs:57)
UnityEngine.EventSystems.ExecuteEvents:Execute<UnityEngine.EventSystems.IPointerClickHandler> (UnityEngine.GameObject,UnityEngine.EventSystems.BaseEventData,UnityEngine.EventSystems.ExecuteEvents/EventFunction`1<UnityEngine.EventSystems.IPointerClickHandler>) (at ./Library/PackageCache/com.unity.ugui@4f9b15fd1386/Runtime/UGUI/EventSystem/ExecuteEvents.cs:272)
UnityEngine.InputSystem.UI.InputSystemUIInputModule:ProcessPointerButton (UnityEngine.InputSystem.UI.PointerModel/ButtonState&,UnityEngine.EventSystems.PointerEventData) (at ./Library/PackageCache/com.unity.inputsystem@21a28c3a6c83/InputSystem/Plugins/UI/InputSystemUIInputModule.cs:731)
UnityEngine.InputSystem.UI.InputSystemUIInputModule:ProcessPointer (UnityEngine.InputSystem.UI.PointerModel&) (at ./Library/PackageCache/com.unity.inputsystem@21a28c3a6c83/InputSystem/Plugins/UI/InputSystemUIInputModule.cs:490)
UnityEngine.InputSystem.UI.InputSystemUIInputModule:Process () (at ./Library/PackageCache/com.unity.inputsystem@21a28c3a6c83/InputSystem/Plugins/UI/InputSystemUIInputModule.cs:2404)
UnityEngine.EventSystems.EventSystem:Update () (at ./Library/PackageCache/com.unity.ugui@4f9b15fd1386/Runtime/UGUI/EventSystem/EventSystem.cs:516)

(Filename: Assets/Script/Skittle.cs Line: 43)

ピン 3 番を再配置します。
UnityEngine.Debug:ExtractStackTraceNoAlloc (byte*,int,string)
UnityEngine.StackTraceUtility:ExtractStackTrace ()
UnityEngine.DebugLogHandler:Internal_Log (UnityEngine.LogType,UnityEngine.LogOption,string,UnityEngine.Object)
UnityEngine.DebugLogHandler:LogFormat (UnityEngine.LogType,UnityEngine.Object,string,object[])
UnityEngine.Logger:Log (UnityEngine.LogType,object)
UnityEngine.Debug:Log (object)
Skittle:StandUp () (at Assets/Script/Skittle.cs:43)
GameManager:OnNextTurnButtonPressed () (at Assets/Script/GameManager.cs:201)
UnityEngine.Events.InvokableCall:Invoke ()
UnityEngine.Events.UnityEvent:Invoke ()
UnityEngine.UI.Button:Press () (at ./Library/PackageCache/com.unity.ugui@4f9b15fd1386/Runtime/UGUI/UI/Core/Button.cs:71)
UnityEngine.UI.Button:OnPointerClick (UnityEngine.EventSystems.PointerEventData) (at ./Library/PackageCache/com.unity.ugui@4f9b15fd1386/Runtime/UGUI/UI/Core/Button.cs:115)
UnityEngine.EventSystems.ExecuteEvents:Execute (UnityEngine.EventSystems.IPointerClickHandler,UnityEngine.EventSystems.BaseEventData) (at ./Library/PackageCache/com.unity.ugui@4f9b15fd1386/Runtime/UGUI/EventSystem/ExecuteEvents.cs:57)
UnityEngine.EventSystems.ExecuteEvents:Execute<UnityEngine.EventSystems.IPointerClickHandler> (UnityEngine.GameObject,UnityEngine.EventSystems.BaseEventData,UnityEngine.EventSystems.ExecuteEvents/EventFunction`1<UnityEngine.EventSystems.IPointerClickHandler>) (at ./Library/PackageCache/com.unity.ugui@4f9b15fd1386/Runtime/UGUI/EventSystem/ExecuteEvents.cs:272)
UnityEngine.InputSystem.UI.InputSystemUIInputModule:ProcessPointerButton (UnityEngine.InputSystem.UI.PointerModel/ButtonState&,UnityEngine.EventSystems.PointerEventData) (at ./Library/PackageCache/com.unity.inputsystem@21a28c3a6c83/InputSystem/Plugins/UI/InputSystemUIInputModule.cs:731)
UnityEngine.InputSystem.UI.InputSystemUIInputModule:ProcessPointer (UnityEngine.InputSystem.UI.PointerModel&) (at ./Library/PackageCache/com.unity.inputsystem@21a28c3a6c83/InputSystem/Plugins/UI/InputSystemUIInputModule.cs:490)
UnityEngine.InputSystem.UI.InputSystemUIInputModule:Process () (at ./Library/PackageCache/com.unity.inputsystem@21a28c3a6c83/InputSystem/Plugins/UI/InputSystemUIInputModule.cs:2404)
UnityEngine.EventSystems.EventSystem:Update () (at ./Library/PackageCache/com.unity.ugui@4f9b15fd1386/Runtime/UGUI/EventSystem/EventSystem.cs:516)

(Filename: Assets/Script/Skittle.cs Line: 43)

ピン 4 番を再配置します。
UnityEngine.Debug:ExtractStackTraceNoAlloc (byte*,int,string)
UnityEngine.StackTraceUtility:ExtractStackTrace ()
UnityEngine.DebugLogHandler:Internal_Log (UnityEngine.LogType,UnityEngine.LogOption,string,UnityEngine.Object)
UnityEngine.DebugLogHandler:LogFormat (UnityEngine.LogType,UnityEngine.Object,string,object[])
UnityEngine.Logger:Log (UnityEngine.LogType,object)
UnityEngine.Debug:Log (object)
Skittle:StandUp () (at Assets/Script/Skittle.cs:43)
GameManager:OnNextTurnButtonPressed () (at Assets/Script/GameManager.cs:201)
UnityEngine.Events.InvokableCall:Invoke ()
UnityEngine.Events.UnityEvent:Invoke ()
UnityEngine.UI.Button:Press () (at ./Library/PackageCache/com.unity.ugui@4f9b15fd1386/Runtime/UGUI/UI/Core/Button.cs:71)
UnityEngine.UI.Button:OnPointerClick (UnityEngine.EventSystems.PointerEventData) (at ./Library/PackageCache/com.unity.ugui@4f9b15fd1386/Runtime/UGUI/UI/Core/Button.cs:115)
UnityEngine.EventSystems.ExecuteEvents:Execute (UnityEngine.EventSystems.IPointerClickHandler,UnityEngine.EventSystems.BaseEventData) (at ./Library/PackageCache/com.unity.ugui@4f9b15fd1386/Runtime/UGUI/EventSystem/ExecuteEvents.cs:57)
UnityEngine.EventSystems.ExecuteEvents:Execute<UnityEngine.EventSystems.IPointerClickHandler> (UnityEngine.GameObject,UnityEngine.EventSystems.BaseEventData,UnityEngine.EventSystems.ExecuteEvents/EventFunction`1<UnityEngine.EventSystems.IPointerClickHandler>) (at ./Library/PackageCache/com.unity.ugui@4f9b15fd1386/Runtime/UGUI/EventSystem/ExecuteEvents.cs:272)
UnityEngine.InputSystem.UI.InputSystemUIInputModule:ProcessPointerButton (UnityEngine.InputSystem.UI.PointerModel/ButtonState&,UnityEngine.EventSystems.PointerEventData) (at ./Library/PackageCache/com.unity.inputsystem@21a28c3a6c83/InputSystem/Plugins/UI/InputSystemUIInputModule.cs:731)
UnityEngine.InputSystem.UI.InputSystemUIInputModule:ProcessPointer (UnityEngine.InputSystem.UI.PointerModel&) (at ./Library/PackageCache/com.unity.inputsystem@21a28c3a6c83/InputSystem/Plugins/UI/InputSystemUIInputModule.cs:490)
UnityEngine.InputSystem.UI.InputSystemUIInputModule:Process () (at ./Library/PackageCache/com.unity.inputsystem@21a28c3a6c83/InputSystem/Plugins/UI/InputSystemUIInputModule.cs:2404)
UnityEngine.EventSystems.EventSystem:Update () (at ./Library/PackageCache/com.unity.ugui@4f9b15fd1386/Runtime/UGUI/EventSystem/EventSystem.cs:516)

(Filename: Assets/Script/Skittle.cs Line: 43)

ピン 5 番を再配置します。
UnityEngine.Debug:ExtractStackTraceNoAlloc (byte*,int,string)
UnityEngine.StackTraceUtility:ExtractStackTrace ()
UnityEngine.DebugLogHandler:Internal_Log (UnityEngine.LogType,UnityEngine.LogOption,string,UnityEngine.Object)
UnityEngine.DebugLogHandler:LogFormat (UnityEngine.LogType,UnityEngine.Object,string,object[])
UnityEngine.Logger:Log (UnityEngine.LogType,object)
UnityEngine.Debug:Log (object)
Skittle:StandUp () (at Assets/Script/Skittle.cs:43)
GameManager:OnNextTurnButtonPressed () (at Assets/Script/GameManager.cs:201)
UnityEngine.Events.InvokableCall:Invoke ()
UnityEngine.Events.UnityEvent:Invoke ()
UnityEngine.UI.Button:Press () (at ./Library/PackageCache/com.unity.ugui@4f9b15fd1386/Runtime/UGUI/UI/Core/Button.cs:71)
UnityEngine.UI.Button:OnPointerClick (UnityEngine.EventSystems.PointerEventData) (at ./Library/PackageCache/com.unity.ugui@4f9b15fd1386/Runtime/UGUI/UI/Core/Button.cs:115)
UnityEngine.EventSystems.ExecuteEvents:Execute (UnityEngine.EventSystems.IPointerClickHandler,UnityEngine.EventSystems.BaseEventData) (at ./Library/PackageCache/com.unity.ugui@4f9b15fd1386/Runtime/UGUI/EventSystem/ExecuteEvents.cs:57)
UnityEngine.EventSystems.ExecuteEvents:Execute<UnityEngine.EventSystems.IPointerClickHandler> (UnityEngine.GameObject,UnityEngine.EventSystems.BaseEventData,UnityEngine.EventSystems.ExecuteEvents/EventFunction`1<UnityEngine.EventSystems.IPointerClickHandler>) (at ./Library/PackageCache/com.unity.ugui@4f9b15fd1386/Runtime/UGUI/EventSystem/ExecuteEvents.cs:272)
UnityEngine.InputSystem.UI.InputSystemUIInputModule:ProcessPointerButton (UnityEngine.InputSystem.UI.PointerModel/ButtonState&,UnityEngine.EventSystems.PointerEventData) (at ./Library/PackageCache/com.unity.inputsystem@21a28c3a6c83/InputSystem/Plugins/UI/InputSystemUIInputModule.cs:731)
UnityEngine.InputSystem.UI.InputSystemUIInputModule:ProcessPointer (UnityEngine.InputSystem.UI.PointerModel&) (at ./Library/PackageCache/com.unity.inputsystem@21a28c3a6c83/InputSystem/Plugins/UI/InputSystemUIInputModule.cs:490)
UnityEngine.InputSystem.UI.InputSystemUIInputModule:Process () (at ./Library/PackageCache/com.unity.inputsystem@21a28c3a6c83/InputSystem/Plugins/UI/InputSystemUIInputModule.cs:2404)
UnityEngine.EventSystems.EventSystem:Update () (at ./Library/PackageCache/com.unity.ugui@4f9b15fd1386/Runtime/UGUI/EventSystem/EventSystem.cs:516)

(Filename: Assets/Script/Skittle.cs Line: 43)

ピン 6 番を再配置します。
UnityEngine.Debug:ExtractStackTraceNoAlloc (byte*,int,string)
UnityEngine.StackTraceUtility:ExtractStackTrace ()
UnityEngine.DebugLogHandler:Internal_Log (UnityEngine.LogType,UnityEngine.LogOption,string,UnityEngine.Object)
UnityEngine.DebugLogHandler:LogFormat (UnityEngine.LogType,UnityEngine.Object,string,object[])
UnityEngine.Logger:Log (UnityEngine.LogType,object)
UnityEngine.Debug:Log (object)
Skittle:StandUp () (at Assets/Script/Skittle.cs:43)
GameManager:OnNextTurnButtonPressed () (at Assets/Script/GameManager.cs:201)
UnityEngine.Events.InvokableCall:Invoke ()
UnityEngine.Events.UnityEvent:Invoke ()
UnityEngine.UI.Button:Press () (at ./Library/PackageCache/com.unity.ugui@4f9b15fd1386/Runtime/UGUI/UI/Core/Button.cs:71)
UnityEngine.UI.Button:OnPointerClick (UnityEngine.EventSystems.PointerEventData) (at ./Library/PackageCache/com.unity.ugui@4f9b15fd1386/Runtime/UGUI/UI/Core/Button.cs:115)
UnityEngine.EventSystems.ExecuteEvents:Execute (UnityEngine.EventSystems.IPointerClickHandler,UnityEngine.EventSystems.BaseEventData) (at ./Library/PackageCache/com.unity.ugui@4f9b15fd1386/Runtime/UGUI/EventSystem/ExecuteEvents.cs:57)
UnityEngine.EventSystems.ExecuteEvents:Execute<UnityEngine.EventSystems.IPointerClickHandler> (UnityEngine.GameObject,UnityEngine.EventSystems.BaseEventData,UnityEngine.EventSystems.ExecuteEvents/EventFunction`1<UnityEngine.EventSystems.IPointerClickHandler>) (at ./Library/PackageCache/com.unity.ugui@4f9b15fd1386/Runtime/UGUI/EventSystem/ExecuteEvents.cs:272)
UnityEngine.InputSystem.UI.InputSystemUIInputModule:ProcessPointerButton (UnityEngine.InputSystem.UI.PointerModel/ButtonState&,UnityEngine.EventSystems.PointerEventData) (at ./Library/PackageCache/com.unity.inputsystem@21a28c3a6c83/InputSystem/Plugins/UI/InputSystemUIInputModule.cs:731)
UnityEngine.InputSystem.UI.InputSystemUIInputModule:ProcessPointer (UnityEngine.InputSystem.UI.PointerModel&) (at ./Library/PackageCache/com.unity.inputsystem@21a28c3a6c83/InputSystem/Plugins/UI/InputSystemUIInputModule.cs:490)
UnityEngine.InputSystem.UI.InputSystemUIInputModule:Process () (at ./Library/PackageCache/com.unity.inputsystem@21a28c3a6c83/InputSystem/Plugins/UI/InputSystemUIInputModule.cs:2404)
UnityEngine.EventSystems.EventSystem:Update () (at ./Library/PackageCache/com.unity.ugui@4f9b15fd1386/Runtime/UGUI/EventSystem/EventSystem.cs:516)

(Filename: Assets/Script/Skittle.cs Line: 43)

ピン 7 番を再配置します。
UnityEngine.Debug:ExtractStackTraceNoAlloc (byte*,int,string)
UnityEngine.StackTraceUtility:ExtractStackTrace ()
UnityEngine.DebugLogHandler:Internal_Log (UnityEngine.LogType,UnityEngine.LogOption,string,UnityEngine.Object)
UnityEngine.DebugLogHandler:LogFormat (UnityEngine.LogType,UnityEngine.Object,string,object[])
UnityEngine.Logger:Log (UnityEngine.LogType,object)
UnityEngine.Debug:Log (object)
Skittle:StandUp () (at Assets/Script/Skittle.cs:43)
GameManager:OnNextTurnButtonPressed () (at Assets/Script/GameManager.cs:201)
UnityEngine.Events.InvokableCall:Invoke ()
UnityEngine.Events.UnityEvent:Invoke ()
UnityEngine.UI.Button:Press () (at ./Library/PackageCache/com.unity.ugui@4f9b15fd1386/Runtime/UGUI/UI/Core/Button.cs:71)
UnityEngine.UI.Button:OnPointerClick (UnityEngine.EventSystems.PointerEventData) (at ./Library/PackageCache/com.unity.ugui@4f9b15fd1386/Runtime/UGUI/UI/Core/Button.cs:115)
UnityEngine.EventSystems.ExecuteEvents:Execute (UnityEngine.EventSystems.IPointerClickHandler,UnityEngine.EventSystems.BaseEventData) (at ./Library/PackageCache/com.unity.ugui@4f9b15fd1386/Runtime/UGUI/EventSystem/ExecuteEvents.cs:57)
UnityEngine.EventSystems.ExecuteEvents:Execute<UnityEngine.EventSystems.IPointerClickHandler> (UnityEngine.GameObject,UnityEngine.EventSystems.BaseEventData,UnityEngine.EventSystems.ExecuteEvents/EventFunction`1<UnityEngine.EventSystems.IPointerClickHandler>) (at ./Library/PackageCache/com.unity.ugui@4f9b15fd1386/Runtime/UGUI/EventSystem/ExecuteEvents.cs:272)
UnityEngine.InputSystem.UI.InputSystemUIInputModule:ProcessPointerButton (UnityEngine.InputSystem.UI.PointerModel/ButtonState&,UnityEngine.EventSystems.PointerEventData) (at ./Library/PackageCache/com.unity.inputsystem@21a28c3a6c83/InputSystem/Plugins/UI/InputSystemUIInputModule.cs:731)
UnityEngine.InputSystem.UI.InputSystemUIInputModule:ProcessPointer (UnityEngine.InputSystem.UI.PointerModel&) (at ./Library/PackageCache/com.unity.inputsystem@21a28c3a6c83/InputSystem/Plugins/UI/InputSystemUIInputModule.cs:490)
UnityEngine.InputSystem.UI.InputSystemUIInputModule:Process () (at ./Library/PackageCache/com.unity.inputsystem@21a28c3a6c83/InputSystem/Plugins/UI/InputSystemUIInputModule.cs:2404)
UnityEngine.EventSystems.EventSystem:Update () (at ./Library/PackageCache/com.unity.ugui@4f9b15fd1386/Runtime/UGUI/EventSystem/EventSystem.cs:516)

(Filename: Assets/Script/Skittle.cs Line: 43)

ピン 8 番を再配置します。
UnityEngine.Debug:ExtractStackTraceNoAlloc (byte*,int,string)
UnityEngine.StackTraceUtility:ExtractStackTrace ()
UnityEngine.DebugLogHandler:Internal_Log (UnityEngine.LogType,UnityEngine.LogOption,string,UnityEngine.Object)
UnityEngine.DebugLogHandler:LogFormat (UnityEngine.LogType,UnityEngine.Object,string,object[])
UnityEngine.Logger:Log (UnityEngine.LogType,object)
UnityEngine.Debug:Log (object)
Skittle:StandUp () (at Assets/Script/Skittle.cs:43)
GameManager:OnNextTurnButtonPressed () (at Assets/Script/GameManager.cs:201)
UnityEngine.Events.InvokableCall:Invoke ()
UnityEngine.Events.UnityEvent:Invoke ()
UnityEngine.UI.Button:Press () (at ./Library/PackageCache/com.unity.ugui@4f9b15fd1386/Runtime/UGUI/UI/Core/Button.cs:71)
UnityEngine.UI.Button:OnPointerClick (UnityEngine.EventSystems.PointerEventData) (at ./Library/PackageCache/com.unity.ugui@4f9b15fd1386/Runtime/UGUI/UI/Core/Button.cs:115)
UnityEngine.EventSystems.ExecuteEvents:Execute (UnityEngine.EventSystems.IPointerClickHandler,UnityEngine.EventSystems.BaseEventData) (at ./Library/PackageCache/com.unity.ugui@4f9b15fd1386/Runtime/UGUI/EventSystem/ExecuteEvents.cs:57)
UnityEngine.EventSystems.ExecuteEvents:Execute<UnityEngine.EventSystems.IPointerClickHandler> (UnityEngine.GameObject,UnityEngine.EventSystems.BaseEventData,UnityEngine.EventSystems.ExecuteEvents/EventFunction`1<UnityEngine.EventSystems.IPointerClickHandler>) (at ./Library/PackageCache/com.unity.ugui@4f9b15fd1386/Runtime/UGUI/EventSystem/ExecuteEvents.cs:272)
UnityEngine.InputSystem.UI.InputSystemUIInputModule:ProcessPointerButton (UnityEngine.InputSystem.UI.PointerModel/ButtonState&,UnityEngine.EventSystems.PointerEventData) (at ./Library/PackageCache/com.unity.inputsystem@21a28c3a6c83/InputSystem/Plugins/UI/InputSystemUIInputModule.cs:731)
UnityEngine.InputSystem.UI.InputSystemUIInputModule:ProcessPointer (UnityEngine.InputSystem.UI.PointerModel&) (at ./Library/PackageCache/com.unity.inputsystem@21a28c3a6c83/InputSystem/Plugins/UI/InputSystemUIInputModule.cs:490)
UnityEngine.InputSystem.UI.InputSystemUIInputModule:Process () (at ./Library/PackageCache/com.unity.inputsystem@21a28c3a6c83/InputSystem/Plugins/UI/InputSystemUIInputModule.cs:2404)
UnityEngine.EventSystems.EventSystem:Update () (at ./Library/PackageCache/com.unity.ugui@4f9b15fd1386/Runtime/UGUI/EventSystem/EventSystem.cs:516)

(Filename: Assets/Script/Skittle.cs Line: 43)

ピン 9 番を再配置します。
UnityEngine.Debug:ExtractStackTraceNoAlloc (byte*,int,string)
UnityEngine.StackTraceUtility:ExtractStackTrace ()
UnityEngine.DebugLogHandler:Internal_Log (UnityEngine.LogType,UnityEngine.LogOption,string,UnityEngine.Object)
UnityEngine.DebugLogHandler:LogFormat (UnityEngine.LogType,UnityEngine.Object,string,object[])
UnityEngine.Logger:Log (UnityEngine.LogType,object)
UnityEngine.Debug:Log (object)
Skittle:StandUp () (at Assets/Script/Skittle.cs:43)
GameManager:OnNextTurnButtonPressed () (at Assets/Script/GameManager.cs:201)
UnityEngine.Events.InvokableCall:Invoke ()
UnityEngine.Events.UnityEvent:Invoke ()
UnityEngine.UI.Button:Press () (at ./Library/PackageCache/com.unity.ugui@4f9b15fd1386/Runtime/UGUI/UI/Core/Button.cs:71)
UnityEngine.UI.Button:OnPointerClick (UnityEngine.EventSystems.PointerEventData) (at ./Library/PackageCache/com.unity.ugui@4f9b15fd1386/Runtime/UGUI/UI/Core/Button.cs:115)
UnityEngine.EventSystems.ExecuteEvents:Execute (UnityEngine.EventSystems.IPointerClickHandler,UnityEngine.EventSystems.BaseEventData) (at ./Library/PackageCache/com.unity.ugui@4f9b15fd1386/Runtime/UGUI/EventSystem/ExecuteEvents.cs:57)
UnityEngine.EventSystems.ExecuteEvents:Execute<UnityEngine.EventSystems.IPointerClickHandler> (UnityEngine.GameObject,UnityEngine.EventSystems.BaseEventData,UnityEngine.EventSystems.ExecuteEvents/EventFunction`1<UnityEngine.EventSystems.IPointerClickHandler>) (at ./Library/PackageCache/com.unity.ugui@4f9b15fd1386/Runtime/UGUI/EventSystem/ExecuteEvents.cs:272)
UnityEngine.InputSystem.UI.InputSystemUIInputModule:ProcessPointerButton (UnityEngine.InputSystem.UI.PointerModel/ButtonState&,UnityEngine.EventSystems.PointerEventData) (at ./Library/PackageCache/com.unity.inputsystem@21a28c3a6c83/InputSystem/Plugins/UI/InputSystemUIInputModule.cs:731)
UnityEngine.InputSystem.UI.InputSystemUIInputModule:ProcessPointer (UnityEngine.InputSystem.UI.PointerModel&) (at ./Library/PackageCache/com.unity.inputsystem@21a28c3a6c83/InputSystem/Plugins/UI/InputSystemUIInputModule.cs:490)
UnityEngine.InputSystem.UI.InputSystemUIInputModule:Process () (at ./Library/PackageCache/com.unity.inputsystem@21a28c3a6c83/InputSystem/Plugins/UI/InputSystemUIInputModule.cs:2404)
UnityEngine.EventSystems.EventSystem:Update () (at ./Library/PackageCache/com.unity.ugui@4f9b15fd1386/Runtime/UGUI/EventSystem/EventSystem.cs:516)

(Filename: Assets/Script/Skittle.cs Line: 43)

ピン 10 番を再配置します。
UnityEngine.Debug:ExtractStackTraceNoAlloc (byte*,int,string)
UnityEngine.StackTraceUtility:ExtractStackTrace ()
UnityEngine.DebugLogHandler:Internal_Log (UnityEngine.LogType,UnityEngine.LogOption,string,UnityEngine.Object)
UnityEngine.DebugLogHandler:LogFormat (UnityEngine.LogType,UnityEngine.Object,string,object[])
UnityEngine.Logger:Log (UnityEngine.LogType,object)
UnityEngine.Debug:Log (object)
Skittle:StandUp () (at Assets/Script/Skittle.cs:43)
GameManager:OnNextTurnButtonPressed () (at Assets/Script/GameManager.cs:201)
UnityEngine.Events.InvokableCall:Invoke ()
UnityEngine.Events.UnityEvent:Invoke ()
UnityEngine.UI.Button:Press () (at ./Library/PackageCache/com.unity.ugui@4f9b15fd1386/Runtime/UGUI/UI/Core/Button.cs:71)
UnityEngine.UI.Button:OnPointerClick (UnityEngine.EventSystems.PointerEventData) (at ./Library/PackageCache/com.unity.ugui@4f9b15fd1386/Runtime/UGUI/UI/Core/Button.cs:115)
UnityEngine.EventSystems.ExecuteEvents:Execute (UnityEngine.EventSystems.IPointerClickHandler,UnityEngine.EventSystems.BaseEventData) (at ./Library/PackageCache/com.unity.ugui@4f9b15fd1386/Runtime/UGUI/EventSystem/ExecuteEvents.cs:57)
UnityEngine.EventSystems.ExecuteEvents:Execute<UnityEngine.EventSystems.IPointerClickHandler> (UnityEngine.GameObject,UnityEngine.EventSystems.BaseEventData,UnityEngine.EventSystems.ExecuteEvents/EventFunction`1<UnityEngine.EventSystems.IPointerClickHandler>) (at ./Library/PackageCache/com.unity.ugui@4f9b15fd1386/Runtime/UGUI/EventSystem/ExecuteEvents.cs:272)
UnityEngine.InputSystem.UI.InputSystemUIInputModule:ProcessPointerButton (UnityEngine.InputSystem.UI.PointerModel/ButtonState&,UnityEngine.EventSystems.PointerEventData) (at ./Library/PackageCache/com.unity.inputsystem@21a28c3a6c83/InputSystem/Plugins/UI/InputSystemUIInputModule.cs:731)
UnityEngine.InputSystem.UI.InputSystemUIInputModule:ProcessPointer (UnityEngine.InputSystem.UI.PointerModel&) (at ./Library/PackageCache/com.unity.inputsystem@21a28c3a6c83/InputSystem/Plugins/UI/InputSystemUIInputModule.cs:490)
UnityEngine.InputSystem.UI.InputSystemUIInputModule:Process () (at ./Library/PackageCache/com.unity.inputsystem@21a28c3a6c83/InputSystem/Plugins/UI/InputSystemUIInputModule.cs:2404)
UnityEngine.EventSystems.EventSystem:Update () (at ./Library/PackageCache/com.unity.ugui@4f9b15fd1386/Runtime/UGUI/EventSystem/EventSystem.cs:516)

(Filename: Assets/Script/Skittle.cs Line: 43)

ピン 11 番を再配置します。
UnityEngine.Debug:ExtractStackTraceNoAlloc (byte*,int,string)
UnityEngine.StackTraceUtility:ExtractStackTrace ()
UnityEngine.DebugLogHandler:Internal_Log (UnityEngine.LogType,UnityEngine.LogOption,string,UnityEngine.Object)
UnityEngine.DebugLogHandler:LogFormat (UnityEngine.LogType,UnityEngine.Object,string,object[])
UnityEngine.Logger:Log (UnityEngine.LogType,object)
UnityEngine.Debug:Log (object)
Skittle:StandUp () (at Assets/Script/Skittle.cs:43)
GameManager:OnNextTurnButtonPressed () (at Assets/Script/GameManager.cs:201)
UnityEngine.Events.InvokableCall:Invoke ()
UnityEngine.Events.UnityEvent:Invoke ()
UnityEngine.UI.Button:Press () (at ./Library/PackageCache/com.unity.ugui@4f9b15fd1386/Runtime/UGUI/UI/Core/Button.cs:71)
UnityEngine.UI.Button:OnPointerClick (UnityEngine.EventSystems.PointerEventData) (at ./Library/PackageCache/com.unity.ugui@4f9b15fd1386/Runtime/UGUI/UI/Core/Button.cs:115)
UnityEngine.EventSystems.ExecuteEvents:Execute (UnityEngine.EventSystems.IPointerClickHandler,UnityEngine.EventSystems.BaseEventData) (at ./Library/PackageCache/com.unity.ugui@4f9b15fd1386/Runtime/UGUI/EventSystem/ExecuteEvents.cs:57)
UnityEngine.EventSystems.ExecuteEvents:Execute<UnityEngine.EventSystems.IPointerClickHandler> (UnityEngine.GameObject,UnityEngine.EventSystems.BaseEventData,UnityEngine.EventSystems.ExecuteEvents/EventFunction`1<UnityEngine.EventSystems.IPointerClickHandler>) (at ./Library/PackageCache/com.unity.ugui@4f9b15fd1386/Runtime/UGUI/EventSystem/ExecuteEvents.cs:272)
UnityEngine.InputSystem.UI.InputSystemUIInputModule:ProcessPointerButton (UnityEngine.InputSystem.UI.PointerModel/ButtonState&,UnityEngine.EventSystems.PointerEventData) (at ./Library/PackageCache/com.unity.inputsystem@21a28c3a6c83/InputSystem/Plugins/UI/InputSystemUIInputModule.cs:731)
UnityEngine.InputSystem.UI.InputSystemUIInputModule:ProcessPointer (UnityEngine.InputSystem.UI.PointerModel&) (at ./Library/PackageCache/com.unity.inputsystem@21a28c3a6c83/InputSystem/Plugins/UI/InputSystemUIInputModule.cs:490)
UnityEngine.InputSystem.UI.InputSystemUIInputModule:Process () (at ./Library/PackageCache/com.unity.inputsystem@21a28c3a6c83/InputSystem/Plugins/UI/InputSystemUIInputModule.cs:2404)
UnityEngine.EventSystems.EventSystem:Update () (at ./Library/PackageCache/com.unity.ugui@4f9b15fd1386/Runtime/UGUI/EventSystem/EventSystem.cs:516)

(Filename: Assets/Script/Skittle.cs Line: 43)

ピン 12 番を再配置します。
UnityEngine.Debug:ExtractStackTraceNoAlloc (byte*,int,string)
UnityEngine.StackTraceUtility:ExtractStackTrace ()
UnityEngine.DebugLogHandler:Internal_Log (UnityEngine.LogType,UnityEngine.LogOption,string,UnityEngine.Object)
UnityEngine.DebugLogHandler:LogFormat (UnityEngine.LogType,UnityEngine.Object,string,object[])
UnityEngine.Logger:Log (UnityEngine.LogType,object)
UnityEngine.Debug:Log (object)
Skittle:StandUp () (at Assets/Script/Skittle.cs:43)
GameManager:OnNextTurnButtonPressed () (at Assets/Script/GameManager.cs:201)
UnityEngine.Events.InvokableCall:Invoke ()
UnityEngine.Events.UnityEvent:Invoke ()
UnityEngine.UI.Button:Press () (at ./Library/PackageCache/com.unity.ugui@4f9b15fd1386/Runtime/UGUI/UI/Core/Button.cs:71)
UnityEngine.UI.Button:OnPointerClick (UnityEngine.EventSystems.PointerEventData) (at ./Library/PackageCache/com.unity.ugui@4f9b15fd1386/Runtime/UGUI/UI/Core/Button.cs:115)
UnityEngine.EventSystems.ExecuteEvents:Execute (UnityEngine.EventSystems.IPointerClickHandler,UnityEngine.EventSystems.BaseEventData) (at ./Library/PackageCache/com.unity.ugui@4f9b15fd1386/Runtime/UGUI/EventSystem/ExecuteEvents.cs:57)
UnityEngine.EventSystems.ExecuteEvents:Execute<UnityEngine.EventSystems.IPointerClickHandler> (UnityEngine.GameObject,UnityEngine.EventSystems.BaseEventData,UnityEngine.EventSystems.ExecuteEvents/EventFunction`1<UnityEngine.EventSystems.IPointerClickHandler>) (at ./Library/PackageCache/com.unity.ugui@4f9b15fd1386/Runtime/UGUI/EventSystem/ExecuteEvents.cs:272)
UnityEngine.InputSystem.UI.InputSystemUIInputModule:ProcessPointerButton (UnityEngine.InputSystem.UI.PointerModel/ButtonState&,UnityEngine.EventSystems.PointerEventData) (at ./Library/PackageCache/com.unity.inputsystem@21a28c3a6c83/InputSystem/Plugins/UI/InputSystemUIInputModule.cs:731)
UnityEngine.InputSystem.UI.InputSystemUIInputModule:ProcessPointer (UnityEngine.InputSystem.UI.PointerModel&) (at ./Library/PackageCache/com.unity.inputsystem@21a28c3a6c83/InputSystem/Plugins/UI/InputSystemUIInputModule.cs:490)
UnityEngine.InputSystem.UI.InputSystemUIInputModule:Process () (at ./Library/PackageCache/com.unity.inputsystem@21a28c3a6c83/InputSystem/Plugins/UI/InputSystemUIInputModule.cs:2404)
UnityEngine.EventSystems.EventSystem:Update () (at ./Library/PackageCache/com.unity.ugui@4f9b15fd1386/Runtime/UGUI/EventSystem/EventSystem.cs:516)

(Filename: Assets/Script/Skittle.cs Line: 43)

ターン交代完了！次のプレイヤー: Player 2
UnityEngine.Debug:ExtractStackTraceNoAlloc (byte*,int,string)
UnityEngine.StackTraceUtility:ExtractStackTrace ()
UnityEngine.DebugLogHandler:Internal_Log (UnityEngine.LogType,UnityEngine.LogOption,string,UnityEngine.Object)
UnityEngine.DebugLogHandler:LogFormat (UnityEngine.LogType,UnityEngine.Object,string,object[])
UnityEngine.Logger:Log (UnityEngine.LogType,object)
UnityEngine.Debug:Log (object)
GameManager:OnNextTurnButtonPressed () (at Assets/Script/GameManager.cs:215)
UnityEngine.Events.InvokableCall:Invoke ()
UnityEngine.Events.UnityEvent:Invoke ()
UnityEngine.UI.Button:Press () (at ./Library/PackageCache/com.unity.ugui@4f9b15fd1386/Runtime/UGUI/UI/Core/Button.cs:71)
UnityEngine.UI.Button:OnPointerClick (UnityEngine.EventSystems.PointerEventData) (at ./Library/PackageCache/com.unity.ugui@4f9b15fd1386/Runtime/UGUI/UI/Core/Button.cs:115)
UnityEngine.EventSystems.ExecuteEvents:Execute (UnityEngine.EventSystems.IPointerClickHandler,UnityEngine.EventSystems.BaseEventData) (at ./Library/PackageCache/com.unity.ugui@4f9b15fd1386/Runtime/UGUI/EventSystem/ExecuteEvents.cs:57)
UnityEngine.EventSystems.ExecuteEvents:Execute<UnityEngine.EventSystems.IPointerClickHandler> (UnityEngine.GameObject,UnityEngine.EventSystems.BaseEventData,UnityEngine.EventSystems.ExecuteEvents/EventFunction`1<UnityEngine.EventSystems.IPointerClickHandler>) (at ./Library/PackageCache/com.unity.ugui@4f9b15fd1386/Runtime/UGUI/EventSystem/ExecuteEvents.cs:272)
UnityEngine.InputSystem.UI.InputSystemUIInputModule:ProcessPointerButton (UnityEngine.InputSystem.UI.PointerModel/ButtonState&,UnityEngine.EventSystems.PointerEventData) (at ./Library/PackageCache/com.unity.inputsystem@21a28c3a6c83/InputSystem/Plugins/UI/InputSystemUIInputModule.cs:731)
UnityEngine.InputSystem.UI.InputSystemUIInputModule:ProcessPointer (UnityEngine.InputSystem.UI.PointerModel&) (at ./Library/PackageCache/com.unity.inputsystem@21a28c3a6c83/InputSystem/Plugins/UI/InputSystemUIInputModule.cs:490)
UnityEngine.InputSystem.UI.InputSystemUIInputModule:Process () (at ./Library/PackageCache/com.unity.inputsystem@21a28c3a6c83/InputSystem/Plugins/UI/InputSystemUIInputModule.cs:2404)
UnityEngine.EventSystems.EventSystem:Update () (at ./Library/PackageCache/com.unity.ugui@4f9b15fd1386/Runtime/UGUI/EventSystem/EventSystem.cs:516)

(Filename: Assets/Script/GameManager.cs Line: 215)

--- Player 2 の投擲終了：得点計算開始 ---
UnityEngine.Debug:ExtractStackTraceNoAlloc (byte*,int,string)
UnityEngine.StackTraceUtility:ExtractStackTrace ()
UnityEngine.DebugLogHandler:Internal_Log (UnityEngine.LogType,UnityEngine.LogOption,string,UnityEngine.Object)
UnityEngine.DebugLogHandler:LogFormat (UnityEngine.LogType,UnityEngine.Object,string,object[])
UnityEngine.Logger:Log (UnityEngine.LogType,object)
UnityEngine.Debug:Log (object)
GameManager/<TurnEndRoutine>d__20:MoveNext () (at Assets/Script/GameManager.cs:106)
UnityEngine.SetupCoroutine:InvokeMoveNext (System.Collections.IEnumerator,intptr)

(Filename: Assets/Script/GameManager.cs Line: 106)

Player 2: ピン 11 番を倒して 11 点獲得！
UnityEngine.Debug:ExtractStackTraceNoAlloc (byte*,int,string)
UnityEngine.StackTraceUtility:ExtractStackTrace ()
UnityEngine.DebugLogHandler:Internal_Log (UnityEngine.LogType,UnityEngine.LogOption,string,UnityEngine.Object)
UnityEngine.DebugLogHandler:LogFormat (UnityEngine.LogType,UnityEngine.Object,string,object[])
UnityEngine.Logger:Log (UnityEngine.LogType,object)
UnityEngine.Debug:Log (object)
GameManager/<TurnEndRoutine>d__20:MoveNext () (at Assets/Script/GameManager.cs:128)
UnityEngine.SetupCoroutine:InvokeMoveNext (System.Collections.IEnumerator,intptr)

(Filename: Assets/Script/GameManager.cs Line: 128)

ピン 1 番を再配置します。
UnityEngine.Debug:ExtractStackTraceNoAlloc (byte*,int,string)
UnityEngine.StackTraceUtility:ExtractStackTrace ()
UnityEngine.DebugLogHandler:Internal_Log (UnityEngine.LogType,UnityEngine.LogOption,string,UnityEngine.Object)
UnityEngine.DebugLogHandler:LogFormat (UnityEngine.LogType,UnityEngine.Object,string,object[])
UnityEngine.Logger:Log (UnityEngine.LogType,object)
UnityEngine.Debug:Log (object)
Skittle:StandUp () (at Assets/Script/Skittle.cs:43)
GameManager:OnNextTurnButtonPressed () (at Assets/Script/GameManager.cs:201)
UnityEngine.Events.InvokableCall:Invoke ()
UnityEngine.Events.UnityEvent:Invoke ()
UnityEngine.UI.Button:Press () (at ./Library/PackageCache/com.unity.ugui@4f9b15fd1386/Runtime/UGUI/UI/Core/Button.cs:71)
UnityEngine.UI.Button:OnPointerClick (UnityEngine.EventSystems.PointerEventData) (at ./Library/PackageCache/com.unity.ugui@4f9b15fd1386/Runtime/UGUI/UI/Core/Button.cs:115)
UnityEngine.EventSystems.ExecuteEvents:Execute (UnityEngine.EventSystems.IPointerClickHandler,UnityEngine.EventSystems.BaseEventData) (at ./Library/PackageCache/com.unity.ugui@4f9b15fd1386/Runtime/UGUI/EventSystem/ExecuteEvents.cs:57)
UnityEngine.EventSystems.ExecuteEvents:Execute<UnityEngine.EventSystems.IPointerClickHandler> (UnityEngine.GameObject,UnityEngine.EventSystems.BaseEventData,UnityEngine.EventSystems.ExecuteEvents/EventFunction`1<UnityEngine.EventSystems.IPointerClickHandler>) (at ./Library/PackageCache/com.unity.ugui@4f9b15fd1386/Runtime/UGUI/EventSystem/ExecuteEvents.cs:272)
UnityEngine.InputSystem.UI.InputSystemUIInputModule:ProcessPointerButton (UnityEngine.InputSystem.UI.PointerModel/ButtonState&,UnityEngine.EventSystems.PointerEventData) (at ./Library/PackageCache/com.unity.inputsystem@21a28c3a6c83/InputSystem/Plugins/UI/InputSystemUIInputModule.cs:731)
UnityEngine.InputSystem.UI.InputSystemUIInputModule:ProcessPointer (UnityEngine.InputSystem.UI.PointerModel&) (at ./Library/PackageCache/com.unity.inputsystem@21a28c3a6c83/InputSystem/Plugins/UI/InputSystemUIInputModule.cs:490)
UnityEngine.InputSystem.UI.InputSystemUIInputModule:Process () (at ./Library/PackageCache/com.unity.inputsystem@21a28c3a6c83/InputSystem/Plugins/UI/InputSystemUIInputModule.cs:2404)
UnityEngine.EventSystems.EventSystem:Update () (at ./Library/PackageCache/com.unity.ugui@4f9b15fd1386/Runtime/UGUI/EventSystem/EventSystem.cs:516)

(Filename: Assets/Script/Skittle.cs Line: 43)

ピン 2 番を再配置します。
UnityEngine.Debug:ExtractStackTraceNoAlloc (byte*,int,string)
UnityEngine.StackTraceUtility:ExtractStackTrace ()
UnityEngine.DebugLogHandler:Internal_Log (UnityEngine.LogType,UnityEngine.LogOption,string,UnityEngine.Object)
UnityEngine.DebugLogHandler:LogFormat (UnityEngine.LogType,UnityEngine.Object,string,object[])
UnityEngine.Logger:Log (UnityEngine.LogType,object)
UnityEngine.Debug:Log (object)
Skittle:StandUp () (at Assets/Script/Skittle.cs:43)
GameManager:OnNextTurnButtonPressed () (at Assets/Script/GameManager.cs:201)
UnityEngine.Events.InvokableCall:Invoke ()
UnityEngine.Events.UnityEvent:Invoke ()
UnityEngine.UI.Button:Press () (at ./Library/PackageCache/com.unity.ugui@4f9b15fd1386/Runtime/UGUI/UI/Core/Button.cs:71)
UnityEngine.UI.Button:OnPointerClick (UnityEngine.EventSystems.PointerEventData) (at ./Library/PackageCache/com.unity.ugui@4f9b15fd1386/Runtime/UGUI/UI/Core/Button.cs:115)
UnityEngine.EventSystems.ExecuteEvents:Execute (UnityEngine.EventSystems.IPointerClickHandler,UnityEngine.EventSystems.BaseEventData) (at ./Library/PackageCache/com.unity.ugui@4f9b15fd1386/Runtime/UGUI/EventSystem/ExecuteEvents.cs:57)
UnityEngine.EventSystems.ExecuteEvents:Execute<UnityEngine.EventSystems.IPointerClickHandler> (UnityEngine.GameObject,UnityEngine.EventSystems.BaseEventData,UnityEngine.EventSystems.ExecuteEvents/EventFunction`1<UnityEngine.EventSystems.IPointerClickHandler>) (at ./Library/PackageCache/com.unity.ugui@4f9b15fd1386/Runtime/UGUI/EventSystem/ExecuteEvents.cs:272)
UnityEngine.InputSystem.UI.InputSystemUIInputModule:ProcessPointerButton (UnityEngine.InputSystem.UI.PointerModel/ButtonState&,UnityEngine.EventSystems.PointerEventData) (at ./Library/PackageCache/com.unity.inputsystem@21a28c3a6c83/InputSystem/Plugins/UI/InputSystemUIInputModule.cs:731)
UnityEngine.InputSystem.UI.InputSystemUIInputModule:ProcessPointer (UnityEngine.InputSystem.UI.PointerModel&) (at ./Library/PackageCache/com.unity.inputsystem@21a28c3a6c83/InputSystem/Plugins/UI/InputSystemUIInputModule.cs:490)
UnityEngine.InputSystem.UI.InputSystemUIInputModule:Process () (at ./Library/PackageCache/com.unity.inputsystem@21a28c3a6c83/InputSystem/Plugins/UI/InputSystemUIInputModule.cs:2404)
UnityEngine.EventSystems.EventSystem:Update () (at ./Library/PackageCache/com.unity.ugui@4f9b15fd1386/Runtime/UGUI/EventSystem/EventSystem.cs:516)

(Filename: Assets/Script/Skittle.cs Line: 43)

ピン 3 番を再配置します。
UnityEngine.Debug:ExtractStackTraceNoAlloc (byte*,int,string)
UnityEngine.StackTraceUtility:ExtractStackTrace ()
UnityEngine.DebugLogHandler:Internal_Log (UnityEngine.LogType,UnityEngine.LogOption,string,UnityEngine.Object)
UnityEngine.DebugLogHandler:LogFormat (UnityEngine.LogType,UnityEngine.Object,string,object[])
UnityEngine.Logger:Log (UnityEngine.LogType,object)
UnityEngine.Debug:Log (object)
Skittle:StandUp () (at Assets/Script/Skittle.cs:43)
GameManager:OnNextTurnButtonPressed () (at Assets/Script/GameManager.cs:201)
UnityEngine.Events.InvokableCall:Invoke ()
UnityEngine.Events.UnityEvent:Invoke ()
UnityEngine.UI.Button:Press () (at ./Library/PackageCache/com.unity.ugui@4f9b15fd1386/Runtime/UGUI/UI/Core/Button.cs:71)
UnityEngine.UI.Button:OnPointerClick (UnityEngine.EventSystems.PointerEventData) (at ./Library/PackageCache/com.unity.ugui@4f9b15fd1386/Runtime/UGUI/UI/Core/Button.cs:115)
UnityEngine.EventSystems.ExecuteEvents:Execute (UnityEngine.EventSystems.IPointerClickHandler,UnityEngine.EventSystems.BaseEventData) (at ./Library/PackageCache/com.unity.ugui@4f9b15fd1386/Runtime/UGUI/EventSystem/ExecuteEvents.cs:57)
UnityEngine.EventSystems.ExecuteEvents:Execute<UnityEngine.EventSystems.IPointerClickHandler> (UnityEngine.GameObject,UnityEngine.EventSystems.BaseEventData,UnityEngine.EventSystems.ExecuteEvents/EventFunction`1<UnityEngine.EventSystems.IPointerClickHandler>) (at ./Library/PackageCache/com.unity.ugui@4f9b15fd1386/Runtime/UGUI/EventSystem/ExecuteEvents.cs:272)
UnityEngine.InputSystem.UI.InputSystemUIInputModule:ProcessPointerButton (UnityEngine.InputSystem.UI.PointerModel/ButtonState&,UnityEngine.EventSystems.PointerEventData) (at ./Library/PackageCache/com.unity.inputsystem@21a28c3a6c83/InputSystem/Plugins/UI/InputSystemUIInputModule.cs:731)
UnityEngine.InputSystem.UI.InputSystemUIInputModule:ProcessPointer (UnityEngine.InputSystem.UI.PointerModel&) (at ./Library/PackageCache/com.unity.inputsystem@21a28c3a6c83/InputSystem/Plugins/UI/InputSystemUIInputModule.cs:490)
UnityEngine.InputSystem.UI.InputSystemUIInputModule:Process () (at ./Library/PackageCache/com.unity.inputsystem@21a28c3a6c83/InputSystem/Plugins/UI/InputSystemUIInputModule.cs:2404)
UnityEngine.EventSystems.EventSystem:Update () (at ./Library/PackageCache/com.unity.ugui@4f9b15fd1386/Runtime/UGUI/EventSystem/EventSystem.cs:516)

(Filename: Assets/Script/Skittle.cs Line: 43)

ピン 4 番を再配置します。
UnityEngine.Debug:ExtractStackTraceNoAlloc (byte*,int,string)
UnityEngine.StackTraceUtility:ExtractStackTrace ()
UnityEngine.DebugLogHandler:Internal_Log (UnityEngine.LogType,UnityEngine.LogOption,string,UnityEngine.Object)
UnityEngine.DebugLogHandler:LogFormat (UnityEngine.LogType,UnityEngine.Object,string,object[])
UnityEngine.Logger:Log (UnityEngine.LogType,object)
UnityEngine.Debug:Log (object)
Skittle:StandUp () (at Assets/Script/Skittle.cs:43)
GameManager:OnNextTurnButtonPressed () (at Assets/Script/GameManager.cs:201)
UnityEngine.Events.InvokableCall:Invoke ()
UnityEngine.Events.UnityEvent:Invoke ()
UnityEngine.UI.Button:Press () (at ./Library/PackageCache/com.unity.ugui@4f9b15fd1386/Runtime/UGUI/UI/Core/Button.cs:71)
UnityEngine.UI.Button:OnPointerClick (UnityEngine.EventSystems.PointerEventData) (at ./Library/PackageCache/com.unity.ugui@4f9b15fd1386/Runtime/UGUI/UI/Core/Button.cs:115)
UnityEngine.EventSystems.ExecuteEvents:Execute (UnityEngine.EventSystems.IPointerClickHandler,UnityEngine.EventSystems.BaseEventData) (at ./Library/PackageCache/com.unity.ugui@4f9b15fd1386/Runtime/UGUI/EventSystem/ExecuteEvents.cs:57)
UnityEngine.EventSystems.ExecuteEvents:Execute<UnityEngine.EventSystems.IPointerClickHandler> (UnityEngine.GameObject,UnityEngine.EventSystems.BaseEventData,UnityEngine.EventSystems.ExecuteEvents/EventFunction`1<UnityEngine.EventSystems.IPointerClickHandler>) (at ./Library/PackageCache/com.unity.ugui@4f9b15fd1386/Runtime/UGUI/EventSystem/ExecuteEvents.cs:272)
UnityEngine.InputSystem.UI.InputSystemUIInputModule:ProcessPointerButton (UnityEngine.InputSystem.UI.PointerModel/ButtonState&,UnityEngine.EventSystems.PointerEventData) (at ./Library/PackageCache/com.unity.inputsystem@21a28c3a6c83/InputSystem/Plugins/UI/InputSystemUIInputModule.cs:731)
UnityEngine.InputSystem.UI.InputSystemUIInputModule:ProcessPointer (UnityEngine.InputSystem.UI.PointerModel&) (at ./Library/PackageCache/com.unity.inputsystem@21a28c3a6c83/InputSystem/Plugins/UI/InputSystemUIInputModule.cs:490)
UnityEngine.InputSystem.UI.InputSystemUIInputModule:Process () (at ./Library/PackageCache/com.unity.inputsystem@21a28c3a6c83/InputSystem/Plugins/UI/InputSystemUIInputModule.cs:2404)
UnityEngine.EventSystems.EventSystem:Update () (at ./Library/PackageCache/com.unity.ugui@4f9b15fd1386/Runtime/UGUI/EventSystem/EventSystem.cs:516)

(Filename: Assets/Script/Skittle.cs Line: 43)

ピン 5 番を再配置します。
UnityEngine.Debug:ExtractStackTraceNoAlloc (byte*,int,string)
UnityEngine.StackTraceUtility:ExtractStackTrace ()
UnityEngine.DebugLogHandler:Internal_Log (UnityEngine.LogType,UnityEngine.LogOption,string,UnityEngine.Object)
UnityEngine.DebugLogHandler:LogFormat (UnityEngine.LogType,UnityEngine.Object,string,object[])
UnityEngine.Logger:Log (UnityEngine.LogType,object)
UnityEngine.Debug:Log (object)
Skittle:StandUp () (at Assets/Script/Skittle.cs:43)
GameManager:OnNextTurnButtonPressed () (at Assets/Script/GameManager.cs:201)
UnityEngine.Events.InvokableCall:Invoke ()
UnityEngine.Events.UnityEvent:Invoke ()
UnityEngine.UI.Button:Press () (at ./Library/PackageCache/com.unity.ugui@4f9b15fd1386/Runtime/UGUI/UI/Core/Button.cs:71)
UnityEngine.UI.Button:OnPointerClick (UnityEngine.EventSystems.PointerEventData) (at ./Library/PackageCache/com.unity.ugui@4f9b15fd1386/Runtime/UGUI/UI/Core/Button.cs:115)
UnityEngine.EventSystems.ExecuteEvents:Execute (UnityEngine.EventSystems.IPointerClickHandler,UnityEngine.EventSystems.BaseEventData) (at ./Library/PackageCache/com.unity.ugui@4f9b15fd1386/Runtime/UGUI/EventSystem/ExecuteEvents.cs:57)
UnityEngine.EventSystems.ExecuteEvents:Execute<UnityEngine.EventSystems.IPointerClickHandler> (UnityEngine.GameObject,UnityEngine.EventSystems.BaseEventData,UnityEngine.EventSystems.ExecuteEvents/EventFunction`1<UnityEngine.EventSystems.IPointerClickHandler>) (at ./Library/PackageCache/com.unity.ugui@4f9b15fd1386/Runtime/UGUI/EventSystem/ExecuteEvents.cs:272)
UnityEngine.InputSystem.UI.InputSystemUIInputModule:ProcessPointerButton (UnityEngine.InputSystem.UI.PointerModel/ButtonState&,UnityEngine.EventSystems.PointerEventData) (at ./Library/PackageCache/com.unity.inputsystem@21a28c3a6c83/InputSystem/Plugins/UI/InputSystemUIInputModule.cs:731)
UnityEngine.InputSystem.UI.InputSystemUIInputModule:ProcessPointer (UnityEngine.InputSystem.UI.PointerModel&) (at ./Library/PackageCache/com.unity.inputsystem@21a28c3a6c83/InputSystem/Plugins/UI/InputSystemUIInputModule.cs:490)
UnityEngine.InputSystem.UI.InputSystemUIInputModule:Process () (at ./Library/PackageCache/com.unity.inputsystem@21a28c3a6c83/InputSystem/Plugins/UI/InputSystemUIInputModule.cs:2404)
UnityEngine.EventSystems.EventSystem:Update () (at ./Library/PackageCache/com.unity.ugui@4f9b15fd1386/Runtime/UGUI/EventSystem/EventSystem.cs:516)

(Filename: Assets/Script/Skittle.cs Line: 43)

ピン 6 番を再配置します。
UnityEngine.Debug:ExtractStackTraceNoAlloc (byte*,int,string)
UnityEngine.StackTraceUtility:ExtractStackTrace ()
UnityEngine.DebugLogHandler:Internal_Log (UnityEngine.LogType,UnityEngine.LogOption,string,UnityEngine.Object)
UnityEngine.DebugLogHandler:LogFormat (UnityEngine.LogType,UnityEngine.Object,string,object[])
UnityEngine.Logger:Log (UnityEngine.LogType,object)
UnityEngine.Debug:Log (object)
Skittle:StandUp () (at Assets/Script/Skittle.cs:43)
GameManager:OnNextTurnButtonPressed () (at Assets/Script/GameManager.cs:201)
UnityEngine.Events.InvokableCall:Invoke ()
UnityEngine.Events.UnityEvent:Invoke ()
UnityEngine.UI.Button:Press () (at ./Library/PackageCache/com.unity.ugui@4f9b15fd1386/Runtime/UGUI/UI/Core/Button.cs:71)
UnityEngine.UI.Button:OnPointerClick (UnityEngine.EventSystems.PointerEventData) (at ./Library/PackageCache/com.unity.ugui@4f9b15fd1386/Runtime/UGUI/UI/Core/Button.cs:115)
UnityEngine.EventSystems.ExecuteEvents:Execute (UnityEngine.EventSystems.IPointerClickHandler,UnityEngine.EventSystems.BaseEventData) (at ./Library/PackageCache/com.unity.ugui@4f9b15fd1386/Runtime/UGUI/EventSystem/ExecuteEvents.cs:57)
UnityEngine.EventSystems.ExecuteEvents:Execute<UnityEngine.EventSystems.IPointerClickHandler> (UnityEngine.GameObject,UnityEngine.EventSystems.BaseEventData,UnityEngine.EventSystems.ExecuteEvents/EventFunction`1<UnityEngine.EventSystems.IPointerClickHandler>) (at ./Library/PackageCache/com.unity.ugui@4f9b15fd1386/Runtime/UGUI/EventSystem/ExecuteEvents.cs:272)
UnityEngine.InputSystem.UI.InputSystemUIInputModule:ProcessPointerButton (UnityEngine.InputSystem.UI.PointerModel/ButtonState&,UnityEngine.EventSystems.PointerEventData) (at ./Library/PackageCache/com.unity.inputsystem@21a28c3a6c83/InputSystem/Plugins/UI/InputSystemUIInputModule.cs:731)
UnityEngine.InputSystem.UI.InputSystemUIInputModule:ProcessPointer (UnityEngine.InputSystem.UI.PointerModel&) (at ./Library/PackageCache/com.unity.inputsystem@21a28c3a6c83/InputSystem/Plugins/UI/InputSystemUIInputModule.cs:490)
UnityEngine.InputSystem.UI.InputSystemUIInputModule:Process () (at ./Library/PackageCache/com.unity.inputsystem@21a28c3a6c83/InputSystem/Plugins/UI/InputSystemUIInputModule.cs:2404)
UnityEngine.EventSystems.EventSystem:Update () (at ./Library/PackageCache/com.unity.ugui@4f9b15fd1386/Runtime/UGUI/EventSystem/EventSystem.cs:516)

(Filename: Assets/Script/Skittle.cs Line: 43)

ピン 7 番を再配置します。
UnityEngine.Debug:ExtractStackTraceNoAlloc (byte*,int,string)
UnityEngine.StackTraceUtility:ExtractStackTrace ()
UnityEngine.DebugLogHandler:Internal_Log (UnityEngine.LogType,UnityEngine.LogOption,string,UnityEngine.Object)
UnityEngine.DebugLogHandler:LogFormat (UnityEngine.LogType,UnityEngine.Object,string,object[])
UnityEngine.Logger:Log (UnityEngine.LogType,object)
UnityEngine.Debug:Log (object)
Skittle:StandUp () (at Assets/Script/Skittle.cs:43)
GameManager:OnNextTurnButtonPressed () (at Assets/Script/GameManager.cs:201)
UnityEngine.Events.InvokableCall:Invoke ()
UnityEngine.Events.UnityEvent:Invoke ()
UnityEngine.UI.Button:Press () (at ./Library/PackageCache/com.unity.ugui@4f9b15fd1386/Runtime/UGUI/UI/Core/Button.cs:71)
UnityEngine.UI.Button:OnPointerClick (UnityEngine.EventSystems.PointerEventData) (at ./Library/PackageCache/com.unity.ugui@4f9b15fd1386/Runtime/UGUI/UI/Core/Button.cs:115)
UnityEngine.EventSystems.ExecuteEvents:Execute (UnityEngine.EventSystems.IPointerClickHandler,UnityEngine.EventSystems.BaseEventData) (at ./Library/PackageCache/com.unity.ugui@4f9b15fd1386/Runtime/UGUI/EventSystem/ExecuteEvents.cs:57)
UnityEngine.EventSystems.ExecuteEvents:Execute<UnityEngine.EventSystems.IPointerClickHandler> (UnityEngine.GameObject,UnityEngine.EventSystems.BaseEventData,UnityEngine.EventSystems.ExecuteEvents/EventFunction`1<UnityEngine.EventSystems.IPointerClickHandler>) (at ./Library/PackageCache/com.unity.ugui@4f9b15fd1386/Runtime/UGUI/EventSystem/ExecuteEvents.cs:272)
UnityEngine.InputSystem.UI.InputSystemUIInputModule:ProcessPointerButton (UnityEngine.InputSystem.UI.PointerModel/ButtonState&,UnityEngine.EventSystems.PointerEventData) (at ./Library/PackageCache/com.unity.inputsystem@21a28c3a6c83/InputSystem/Plugins/UI/InputSystemUIInputModule.cs:731)
UnityEngine.InputSystem.UI.InputSystemUIInputModule:ProcessPointer (UnityEngine.InputSystem.UI.PointerModel&) (at ./Library/PackageCache/com.unity.inputsystem@21a28c3a6c83/InputSystem/Plugins/UI/InputSystemUIInputModule.cs:490)
UnityEngine.InputSystem.UI.InputSystemUIInputModule:Process () (at ./Library/PackageCache/com.unity.inputsystem@21a28c3a6c83/InputSystem/Plugins/UI/InputSystemUIInputModule.cs:2404)
UnityEngine.EventSystems.EventSystem:Update () (at ./Library/PackageCache/com.unity.ugui@4f9b15fd1386/Runtime/UGUI/EventSystem/EventSystem.cs:516)

(Filename: Assets/Script/Skittle.cs Line: 43)

ピン 8 番を再配置します。
UnityEngine.Debug:ExtractStackTraceNoAlloc (byte*,int,string)
UnityEngine.StackTraceUtility:ExtractStackTrace ()
UnityEngine.DebugLogHandler:Internal_Log (UnityEngine.LogType,UnityEngine.LogOption,string,UnityEngine.Object)
UnityEngine.DebugLogHandler:LogFormat (UnityEngine.LogType,UnityEngine.Object,string,object[])
UnityEngine.Logger:Log (UnityEngine.LogType,object)
UnityEngine.Debug:Log (object)
Skittle:StandUp () (at Assets/Script/Skittle.cs:43)
GameManager:OnNextTurnButtonPressed () (at Assets/Script/GameManager.cs:201)
UnityEngine.Events.InvokableCall:Invoke ()
UnityEngine.Events.UnityEvent:Invoke ()
UnityEngine.UI.Button:Press () (at ./Library/PackageCache/com.unity.ugui@4f9b15fd1386/Runtime/UGUI/UI/Core/Button.cs:71)
UnityEngine.UI.Button:OnPointerClick (UnityEngine.EventSystems.PointerEventData) (at ./Library/PackageCache/com.unity.ugui@4f9b15fd1386/Runtime/UGUI/UI/Core/Button.cs:115)
UnityEngine.EventSystems.ExecuteEvents:Execute (UnityEngine.EventSystems.IPointerClickHandler,UnityEngine.EventSystems.BaseEventData) (at ./Library/PackageCache/com.unity.ugui@4f9b15fd1386/Runtime/UGUI/EventSystem/ExecuteEvents.cs:57)
UnityEngine.EventSystems.ExecuteEvents:Execute<UnityEngine.EventSystems.IPointerClickHandler> (UnityEngine.GameObject,UnityEngine.EventSystems.BaseEventData,UnityEngine.EventSystems.ExecuteEvents/EventFunction`1<UnityEngine.EventSystems.IPointerClickHandler>) (at ./Library/PackageCache/com.unity.ugui@4f9b15fd1386/Runtime/UGUI/EventSystem/ExecuteEvents.cs:272)
UnityEngine.InputSystem.UI.InputSystemUIInputModule:ProcessPointerButton (UnityEngine.InputSystem.UI.PointerModel/ButtonState&,UnityEngine.EventSystems.PointerEventData) (at ./Library/PackageCache/com.unity.inputsystem@21a28c3a6c83/InputSystem/Plugins/UI/InputSystemUIInputModule.cs:731)
UnityEngine.InputSystem.UI.InputSystemUIInputModule:ProcessPointer (UnityEngine.InputSystem.UI.PointerModel&) (at ./Library/PackageCache/com.unity.inputsystem@21a28c3a6c83/InputSystem/Plugins/UI/InputSystemUIInputModule.cs:490)
UnityEngine.InputSystem.UI.InputSystemUIInputModule:Process () (at ./Library/PackageCache/com.unity.inputsystem@21a28c3a6c83/InputSystem/Plugins/UI/InputSystemUIInputModule.cs:2404)
UnityEngine.EventSystems.EventSystem:Update () (at ./Library/PackageCache/com.unity.ugui@4f9b15fd1386/Runtime/UGUI/EventSystem/EventSystem.cs:516)

(Filename: Assets/Script/Skittle.cs Line: 43)

ピン 9 番を再配置します。
UnityEngine.Debug:ExtractStackTraceNoAlloc (byte*,int,string)
UnityEngine.StackTraceUtility:ExtractStackTrace ()
UnityEngine.DebugLogHandler:Internal_Log (UnityEngine.LogType,UnityEngine.LogOption,string,UnityEngine.Object)
UnityEngine.DebugLogHandler:LogFormat (UnityEngine.LogType,UnityEngine.Object,string,object[])
UnityEngine.Logger:Log (UnityEngine.LogType,object)
UnityEngine.Debug:Log (object)
Skittle:StandUp () (at Assets/Script/Skittle.cs:43)
GameManager:OnNextTurnButtonPressed () (at Assets/Script/GameManager.cs:201)
UnityEngine.Events.InvokableCall:Invoke ()
UnityEngine.Events.UnityEvent:Invoke ()
UnityEngine.UI.Button:Press () (at ./Library/PackageCache/com.unity.ugui@4f9b15fd1386/Runtime/UGUI/UI/Core/Button.cs:71)
UnityEngine.UI.Button:OnPointerClick (UnityEngine.EventSystems.PointerEventData) (at ./Library/PackageCache/com.unity.ugui@4f9b15fd1386/Runtime/UGUI/UI/Core/Button.cs:115)
UnityEngine.EventSystems.ExecuteEvents:Execute (UnityEngine.EventSystems.IPointerClickHandler,UnityEngine.EventSystems.BaseEventData) (at ./Library/PackageCache/com.unity.ugui@4f9b15fd1386/Runtime/UGUI/EventSystem/ExecuteEvents.cs:57)
UnityEngine.EventSystems.ExecuteEvents:Execute<UnityEngine.EventSystems.IPointerClickHandler> (UnityEngine.GameObject,UnityEngine.EventSystems.BaseEventData,UnityEngine.EventSystems.ExecuteEvents/EventFunction`1<UnityEngine.EventSystems.IPointerClickHandler>) (at ./Library/PackageCache/com.unity.ugui@4f9b15fd1386/Runtime/UGUI/EventSystem/ExecuteEvents.cs:272)
UnityEngine.InputSystem.UI.InputSystemUIInputModule:ProcessPointerButton (UnityEngine.InputSystem.UI.PointerModel/ButtonState&,UnityEngine.EventSystems.PointerEventData) (at ./Library/PackageCache/com.unity.inputsystem@21a28c3a6c83/InputSystem/Plugins/UI/InputSystemUIInputModule.cs:731)
UnityEngine.InputSystem.UI.InputSystemUIInputModule:ProcessPointer (UnityEngine.InputSystem.UI.PointerModel&) (at ./Library/PackageCache/com.unity.inputsystem@21a28c3a6c83/InputSystem/Plugins/UI/InputSystemUIInputModule.cs:490)
UnityEngine.InputSystem.UI.InputSystemUIInputModule:Process () (at ./Library/PackageCache/com.unity.inputsystem@21a28c3a6c83/InputSystem/Plugins/UI/InputSystemUIInputModule.cs:2404)
UnityEngine.EventSystems.EventSystem:Update () (at ./Library/PackageCache/com.unity.ugui@4f9b15fd1386/Runtime/UGUI/EventSystem/EventSystem.cs:516)

(Filename: Assets/Script/Skittle.cs Line: 43)

ピン 10 番を再配置します。
UnityEngine.Debug:ExtractStackTraceNoAlloc (byte*,int,string)
UnityEngine.StackTraceUtility:ExtractStackTrace ()
UnityEngine.DebugLogHandler:Internal_Log (UnityEngine.LogType,UnityEngine.LogOption,string,UnityEngine.Object)
UnityEngine.DebugLogHandler:LogFormat (UnityEngine.LogType,UnityEngine.Object,string,object[])
UnityEngine.Logger:Log (UnityEngine.LogType,object)
UnityEngine.Debug:Log (object)
Skittle:StandUp () (at Assets/Script/Skittle.cs:43)
GameManager:OnNextTurnButtonPressed () (at Assets/Script/GameManager.cs:201)
UnityEngine.Events.InvokableCall:Invoke ()
UnityEngine.Events.UnityEvent:Invoke ()
UnityEngine.UI.Button:Press () (at ./Library/PackageCache/com.unity.ugui@4f9b15fd1386/Runtime/UGUI/UI/Core/Button.cs:71)
UnityEngine.UI.Button:OnPointerClick (UnityEngine.EventSystems.PointerEventData) (at ./Library/PackageCache/com.unity.ugui@4f9b15fd1386/Runtime/UGUI/UI/Core/Button.cs:115)
UnityEngine.EventSystems.ExecuteEvents:Execute (UnityEngine.EventSystems.IPointerClickHandler,UnityEngine.EventSystems.BaseEventData) (at ./Library/PackageCache/com.unity.ugui@4f9b15fd1386/Runtime/UGUI/EventSystem/ExecuteEvents.cs:57)
UnityEngine.EventSystems.ExecuteEvents:Execute<UnityEngine.EventSystems.IPointerClickHandler> (UnityEngine.GameObject,UnityEngine.EventSystems.BaseEventData,UnityEngine.EventSystems.ExecuteEvents/EventFunction`1<UnityEngine.EventSystems.IPointerClickHandler>) (at ./Library/PackageCache/com.unity.ugui@4f9b15fd1386/Runtime/UGUI/EventSystem/ExecuteEvents.cs:272)
UnityEngine.InputSystem.UI.InputSystemUIInputModule:ProcessPointerButton (UnityEngine.InputSystem.UI.PointerModel/ButtonState&,UnityEngine.EventSystems.PointerEventData) (at ./Library/PackageCache/com.unity.inputsystem@21a28c3a6c83/InputSystem/Plugins/UI/InputSystemUIInputModule.cs:731)
UnityEngine.InputSystem.UI.InputSystemUIInputModule:ProcessPointer (UnityEngine.InputSystem.UI.PointerModel&) (at ./Library/PackageCache/com.unity.inputsystem@21a28c3a6c83/InputSystem/Plugins/UI/InputSystemUIInputModule.cs:490)
UnityEngine.InputSystem.UI.InputSystemUIInputModule:Process () (at ./Library/PackageCache/com.unity.inputsystem@21a28c3a6c83/InputSystem/Plugins/UI/InputSystemUIInputModule.cs:2404)
UnityEngine.EventSystems.EventSystem:Update () (at ./Library/PackageCache/com.unity.ugui@4f9b15fd1386/Runtime/UGUI/EventSystem/EventSystem.cs:516)

(Filename: Assets/Script/Skittle.cs Line: 43)

ピン 11 番を再配置します。
UnityEngine.Debug:ExtractStackTraceNoAlloc (byte*,int,string)
UnityEngine.StackTraceUtility:ExtractStackTrace ()
UnityEngine.DebugLogHandler:Internal_Log (UnityEngine.LogType,UnityEngine.LogOption,string,UnityEngine.Object)
UnityEngine.DebugLogHandler:LogFormat (UnityEngine.LogType,UnityEngine.Object,string,object[])
UnityEngine.Logger:Log (UnityEngine.LogType,object)
UnityEngine.Debug:Log (object)
Skittle:StandUp () (at Assets/Script/Skittle.cs:43)
GameManager:OnNextTurnButtonPressed () (at Assets/Script/GameManager.cs:201)
UnityEngine.Events.InvokableCall:Invoke ()
UnityEngine.Events.UnityEvent:Invoke ()
UnityEngine.UI.Button:Press () (at ./Library/PackageCache/com.unity.ugui@4f9b15fd1386/Runtime/UGUI/UI/Core/Button.cs:71)
UnityEngine.UI.Button:OnPointerClick (UnityEngine.EventSystems.PointerEventData) (at ./Library/PackageCache/com.unity.ugui@4f9b15fd1386/Runtime/UGUI/UI/Core/Button.cs:115)
UnityEngine.EventSystems.ExecuteEvents:Execute (UnityEngine.EventSystems.IPointerClickHandler,UnityEngine.EventSystems.BaseEventData) (at ./Library/PackageCache/com.unity.ugui@4f9b15fd1386/Runtime/UGUI/EventSystem/ExecuteEvents.cs:57)
UnityEngine.EventSystems.ExecuteEvents:Execute<UnityEngine.EventSystems.IPointerClickHandler> (UnityEngine.GameObject,UnityEngine.EventSystems.BaseEventData,UnityEngine.EventSystems.ExecuteEvents/EventFunction`1<UnityEngine.EventSystems.IPointerClickHandler>) (at ./Library/PackageCache/com.unity.ugui@4f9b15fd1386/Runtime/UGUI/EventSystem/ExecuteEvents.cs:272)
UnityEngine.InputSystem.UI.InputSystemUIInputModule:ProcessPointerButton (UnityEngine.InputSystem.UI.PointerModel/ButtonState&,UnityEngine.EventSystems.PointerEventData) (at ./Library/PackageCache/com.unity.inputsystem@21a28c3a6c83/InputSystem/Plugins/UI/InputSystemUIInputModule.cs:731)
UnityEngine.InputSystem.UI.InputSystemUIInputModule:ProcessPointer (UnityEngine.InputSystem.UI.PointerModel&) (at ./Library/PackageCache/com.unity.inputsystem@21a28c3a6c83/InputSystem/Plugins/UI/InputSystemUIInputModule.cs:490)
UnityEngine.InputSystem.UI.InputSystemUIInputModule:Process () (at ./Library/PackageCache/com.unity.inputsystem@21a28c3a6c83/InputSystem/Plugins/UI/InputSystemUIInputModule.cs:2404)
UnityEngine.EventSystems.EventSystem:Update () (at ./Library/PackageCache/com.unity.ugui@4f9b15fd1386/Runtime/UGUI/EventSystem/EventSystem.cs:516)

(Filename: Assets/Script/Skittle.cs Line: 43)

ピン 12 番を再配置します。
UnityEngine.Debug:ExtractStackTraceNoAlloc (byte*,int,string)
UnityEngine.StackTraceUtility:ExtractStackTrace ()
UnityEngine.DebugLogHandler:Internal_Log (UnityEngine.LogType,UnityEngine.LogOption,string,UnityEngine.Object)
UnityEngine.DebugLogHandler:LogFormat (UnityEngine.LogType,UnityEngine.Object,string,object[])
UnityEngine.Logger:Log (UnityEngine.LogType,object)
UnityEngine.Debug:Log (object)
Skittle:StandUp () (at Assets/Script/Skittle.cs:43)
GameManager:OnNextTurnButtonPressed () (at Assets/Script/GameManager.cs:201)
UnityEngine.Events.InvokableCall:Invoke ()
UnityEngine.Events.UnityEvent:Invoke ()
UnityEngine.UI.Button:Press () (at ./Library/PackageCache/com.unity.ugui@4f9b15fd1386/Runtime/UGUI/UI/Core/Button.cs:71)
UnityEngine.UI.Button:OnPointerClick (UnityEngine.EventSystems.PointerEventData) (at ./Library/PackageCache/com.unity.ugui@4f9b15fd1386/Runtime/UGUI/UI/Core/Button.cs:115)
UnityEngine.EventSystems.ExecuteEvents:Execute (UnityEngine.EventSystems.IPointerClickHandler,UnityEngine.EventSystems.BaseEventData) (at ./Library/PackageCache/com.unity.ugui@4f9b15fd1386/Runtime/UGUI/EventSystem/ExecuteEvents.cs:57)
UnityEngine.EventSystems.ExecuteEvents:Execute<UnityEngine.EventSystems.IPointerClickHandler> (UnityEngine.GameObject,UnityEngine.EventSystems.BaseEventData,UnityEngine.EventSystems.ExecuteEvents/EventFunction`1<UnityEngine.EventSystems.IPointerClickHandler>) (at ./Library/PackageCache/com.unity.ugui@4f9b15fd1386/Runtime/UGUI/EventSystem/ExecuteEvents.cs:272)
UnityEngine.InputSystem.UI.InputSystemUIInputModule:ProcessPointerButton (UnityEngine.InputSystem.UI.PointerModel/ButtonState&,UnityEngine.EventSystems.PointerEventData) (at ./Library/PackageCache/com.unity.inputsystem@21a28c3a6c83/InputSystem/Plugins/UI/InputSystemUIInputModule.cs:731)
UnityEngine.InputSystem.UI.InputSystemUIInputModule:ProcessPointer (UnityEngine.InputSystem.UI.PointerModel&) (at ./Library/PackageCache/com.unity.inputsystem@21a28c3a6c83/InputSystem/Plugins/UI/InputSystemUIInputModule.cs:490)
UnityEngine.InputSystem.UI.InputSystemUIInputModule:Process () (at ./Library/PackageCache/com.unity.inputsystem@21a28c3a6c83/InputSystem/Plugins/UI/InputSystemUIInputModule.cs:2404)
UnityEngine.EventSystems.EventSystem:Update () (at ./Library/PackageCache/com.unity.ugui@4f9b15fd1386/Runtime/UGUI/EventSystem/EventSystem.cs:516)

(Filename: Assets/Script/Skittle.cs Line: 43)

ターン交代完了！次のプレイヤー: Player 1
UnityEngine.Debug:ExtractStackTraceNoAlloc (byte*,int,string)
UnityEngine.StackTraceUtility:ExtractStackTrace ()
UnityEngine.DebugLogHandler:Internal_Log (UnityEngine.LogType,UnityEngine.LogOption,string,UnityEngine.Object)
UnityEngine.DebugLogHandler:LogFormat (UnityEngine.LogType,UnityEngine.Object,string,object[])
UnityEngine.Logger:Log (UnityEngine.LogType,object)
UnityEngine.Debug:Log (object)
GameManager:OnNextTurnButtonPressed () (at Assets/Script/GameManager.cs:215)
UnityEngine.Events.InvokableCall:Invoke ()
UnityEngine.Events.UnityEvent:Invoke ()
UnityEngine.UI.Button:Press () (at ./Library/PackageCache/com.unity.ugui@4f9b15fd1386/Runtime/UGUI/UI/Core/Button.cs:71)
UnityEngine.UI.Button:OnPointerClick (UnityEngine.EventSystems.PointerEventData) (at ./Library/PackageCache/com.unity.ugui@4f9b15fd1386/Runtime/UGUI/UI/Core/Button.cs:115)
UnityEngine.EventSystems.ExecuteEvents:Execute (UnityEngine.EventSystems.IPointerClickHandler,UnityEngine.EventSystems.BaseEventData) (at ./Library/PackageCache/com.unity.ugui@4f9b15fd1386/Runtime/UGUI/EventSystem/ExecuteEvents.cs:57)
UnityEngine.EventSystems.ExecuteEvents:Execute<UnityEngine.EventSystems.IPointerClickHandler> (UnityEngine.GameObject,UnityEngine.EventSystems.BaseEventData,UnityEngine.EventSystems.ExecuteEvents/EventFunction`1<UnityEngine.EventSystems.IPointerClickHandler>) (at ./Library/PackageCache/com.unity.ugui@4f9b15fd1386/Runtime/UGUI/EventSystem/ExecuteEvents.cs:272)
UnityEngine.InputSystem.UI.InputSystemUIInputModule:ProcessPointerButton (UnityEngine.InputSystem.UI.PointerModel/ButtonState&,UnityEngine.EventSystems.PointerEventData) (at ./Library/PackageCache/com.unity.inputsystem@21a28c3a6c83/InputSystem/Plugins/UI/InputSystemUIInputModule.cs:731)
UnityEngine.InputSystem.UI.InputSystemUIInputModule:ProcessPointer (UnityEngine.InputSystem.UI.PointerModel&) (at ./Library/PackageCache/com.unity.inputsystem@21a28c3a6c83/InputSystem/Plugins/UI/InputSystemUIInputModule.cs:490)
UnityEngine.InputSystem.UI.InputSystemUIInputModule:Process () (at ./Library/PackageCache/com.unity.inputsystem@21a28c3a6c83/InputSystem/Plugins/UI/InputSystemUIInputModule.cs:2404)
UnityEngine.EventSystems.EventSystem:Update () (at ./Library/PackageCache/com.unity.ugui@4f9b15fd1386/Runtime/UGUI/EventSystem/EventSystem.cs:516)

(Filename: Assets/Script/GameManager.cs Line: 215)

--- Player 1 の投擲終了：得点計算開始 ---
UnityEngine.Debug:ExtractStackTraceNoAlloc (byte*,int,string)
UnityEngine.StackTraceUtility:ExtractStackTrace ()
UnityEngine.DebugLogHandler:Internal_Log (UnityEngine.LogType,UnityEngine.LogOption,string,UnityEngine.Object)
UnityEngine.DebugLogHandler:LogFormat (UnityEngine.LogType,UnityEngine.Object,string,object[])
UnityEngine.Logger:Log (UnityEngine.LogType,object)
UnityEngine.Debug:Log (object)
GameManager/<TurnEndRoutine>d__20:MoveNext () (at Assets/Script/GameManager.cs:106)
UnityEngine.SetupCoroutine:InvokeMoveNext (System.Collections.IEnumerator,intptr)

(Filename: Assets/Script/GameManager.cs Line: 106)

Player 1: ミス！1本も倒せませんでした。
UnityEngine.Debug:ExtractStackTraceNoAlloc (byte*,int,string)
UnityEngine.StackTraceUtility:ExtractStackTrace ()
UnityEngine.DebugLogHandler:Internal_Log (UnityEngine.LogType,UnityEngine.LogOption,string,UnityEngine.Object)
UnityEngine.DebugLogHandler:LogFormat (UnityEngine.LogType,UnityEngine.Object,string,object[])
UnityEngine.Logger:Log (UnityEngine.LogType,object)
UnityEngine.Debug:Log (object)
GameManager/<TurnEndRoutine>d__20:MoveNext () (at Assets/Script/GameManager.cs:138)
UnityEngine.SetupCoroutine:InvokeMoveNext (System.Collections.IEnumerator,intptr)

(Filename: Assets/Script/GameManager.cs Line: 138)

ピン 1 番を再配置します。
UnityEngine.Debug:ExtractStackTraceNoAlloc (byte*,int,string)
UnityEngine.StackTraceUtility:ExtractStackTrace ()
UnityEngine.DebugLogHandler:Internal_Log (UnityEngine.LogType,UnityEngine.LogOption,string,UnityEngine.Object)
UnityEngine.DebugLogHandler:LogFormat (UnityEngine.LogType,UnityEngine.Object,string,object[])
UnityEngine.Logger:Log (UnityEngine.LogType,object)
UnityEngine.Debug:Log (object)
Skittle:StandUp () (at Assets/Script/Skittle.cs:43)
GameManager:OnNextTurnButtonPressed () (at Assets/Script/GameManager.cs:201)
UnityEngine.Events.InvokableCall:Invoke ()
UnityEngine.Events.UnityEvent:Invoke ()
UnityEngine.UI.Button:Press () (at ./Library/PackageCache/com.unity.ugui@4f9b15fd1386/Runtime/UGUI/UI/Core/Button.cs:71)
UnityEngine.UI.Button:OnPointerClick (UnityEngine.EventSystems.PointerEventData) (at ./Library/PackageCache/com.unity.ugui@4f9b15fd1386/Runtime/UGUI/UI/Core/Button.cs:115)
UnityEngine.EventSystems.ExecuteEvents:Execute (UnityEngine.EventSystems.IPointerClickHandler,UnityEngine.EventSystems.BaseEventData) (at ./Library/PackageCache/com.unity.ugui@4f9b15fd1386/Runtime/UGUI/EventSystem/ExecuteEvents.cs:57)
UnityEngine.EventSystems.ExecuteEvents:Execute<UnityEngine.EventSystems.IPointerClickHandler> (UnityEngine.GameObject,UnityEngine.EventSystems.BaseEventData,UnityEngine.EventSystems.ExecuteEvents/EventFunction`1<UnityEngine.EventSystems.IPointerClickHandler>) (at ./Library/PackageCache/com.unity.ugui@4f9b15fd1386/Runtime/UGUI/EventSystem/ExecuteEvents.cs:272)
UnityEngine.InputSystem.UI.InputSystemUIInputModule:ProcessPointerButton (UnityEngine.InputSystem.UI.PointerModel/ButtonState&,UnityEngine.EventSystems.PointerEventData) (at ./Library/PackageCache/com.unity.inputsystem@21a28c3a6c83/InputSystem/Plugins/UI/InputSystemUIInputModule.cs:731)
UnityEngine.InputSystem.UI.InputSystemUIInputModule:ProcessPointer (UnityEngine.InputSystem.UI.PointerModel&) (at ./Library/PackageCache/com.unity.inputsystem@21a28c3a6c83/InputSystem/Plugins/UI/InputSystemUIInputModule.cs:490)
UnityEngine.InputSystem.UI.InputSystemUIInputModule:Process () (at ./Library/PackageCache/com.unity.inputsystem@21a28c3a6c83/InputSystem/Plugins/UI/InputSystemUIInputModule.cs:2404)
UnityEngine.EventSystems.EventSystem:Update () (at ./Library/PackageCache/com.unity.ugui@4f9b15fd1386/Runtime/UGUI/EventSystem/EventSystem.cs:516)

(Filename: Assets/Script/Skittle.cs Line: 43)

ピン 2 番を再配置します。
UnityEngine.Debug:ExtractStackTraceNoAlloc (byte*,int,string)
UnityEngine.StackTraceUtility:ExtractStackTrace ()
UnityEngine.DebugLogHandler:Internal_Log (UnityEngine.LogType,UnityEngine.LogOption,string,UnityEngine.Object)
UnityEngine.DebugLogHandler:LogFormat (UnityEngine.LogType,UnityEngine.Object,string,object[])
UnityEngine.Logger:Log (UnityEngine.LogType,object)
UnityEngine.Debug:Log (object)
Skittle:StandUp () (at Assets/Script/Skittle.cs:43)
GameManager:OnNextTurnButtonPressed () (at Assets/Script/GameManager.cs:201)
UnityEngine.Events.InvokableCall:Invoke ()
UnityEngine.Events.UnityEvent:Invoke ()
UnityEngine.UI.Button:Press () (at ./Library/PackageCache/com.unity.ugui@4f9b15fd1386/Runtime/UGUI/UI/Core/Button.cs:71)
UnityEngine.UI.Button:OnPointerClick (UnityEngine.EventSystems.PointerEventData) (at ./Library/PackageCache/com.unity.ugui@4f9b15fd1386/Runtime/UGUI/UI/Core/Button.cs:115)
UnityEngine.EventSystems.ExecuteEvents:Execute (UnityEngine.EventSystems.IPointerClickHandler,UnityEngine.EventSystems.BaseEventData) (at ./Library/PackageCache/com.unity.ugui@4f9b15fd1386/Runtime/UGUI/EventSystem/ExecuteEvents.cs:57)
UnityEngine.EventSystems.ExecuteEvents:Execute<UnityEngine.EventSystems.IPointerClickHandler> (UnityEngine.GameObject,UnityEngine.EventSystems.BaseEventData,UnityEngine.EventSystems.ExecuteEvents/EventFunction`1<UnityEngine.EventSystems.IPointerClickHandler>) (at ./Library/PackageCache/com.unity.ugui@4f9b15fd1386/Runtime/UGUI/EventSystem/ExecuteEvents.cs:272)
UnityEngine.InputSystem.UI.InputSystemUIInputModule:ProcessPointerButton (UnityEngine.InputSystem.UI.PointerModel/ButtonState&,UnityEngine.EventSystems.PointerEventData) (at ./Library/PackageCache/com.unity.inputsystem@21a28c3a6c83/InputSystem/Plugins/UI/InputSystemUIInputModule.cs:731)
UnityEngine.InputSystem.UI.InputSystemUIInputModule:ProcessPointer (UnityEngine.InputSystem.UI.PointerModel&) (at ./Library/PackageCache/com.unity.inputsystem@21a28c3a6c83/InputSystem/Plugins/UI/InputSystemUIInputModule.cs:490)
UnityEngine.InputSystem.UI.InputSystemUIInputModule:Process () (at ./Library/PackageCache/com.unity.inputsystem@21a28c3a6c83/InputSystem/Plugins/UI/InputSystemUIInputModule.cs:2404)
UnityEngine.EventSystems.EventSystem:Update () (at ./Library/PackageCache/com.unity.ugui@4f9b15fd1386/Runtime/UGUI/EventSystem/EventSystem.cs:516)

(Filename: Assets/Script/Skittle.cs Line: 43)

ピン 3 番を再配置します。
UnityEngine.Debug:ExtractStackTraceNoAlloc (byte*,int,string)
UnityEngine.StackTraceUtility:ExtractStackTrace ()
UnityEngine.DebugLogHandler:Internal_Log (UnityEngine.LogType,UnityEngine.LogOption,string,UnityEngine.Object)
UnityEngine.DebugLogHandler:LogFormat (UnityEngine.LogType,UnityEngine.Object,string,object[])
UnityEngine.Logger:Log (UnityEngine.LogType,object)
UnityEngine.Debug:Log (object)
Skittle:StandUp () (at Assets/Script/Skittle.cs:43)
GameManager:OnNextTurnButtonPressed () (at Assets/Script/GameManager.cs:201)
UnityEngine.Events.InvokableCall:Invoke ()
UnityEngine.Events.UnityEvent:Invoke ()
UnityEngine.UI.Button:Press () (at ./Library/PackageCache/com.unity.ugui@4f9b15fd1386/Runtime/UGUI/UI/Core/Button.cs:71)
UnityEngine.UI.Button:OnPointerClick (UnityEngine.EventSystems.PointerEventData) (at ./Library/PackageCache/com.unity.ugui@4f9b15fd1386/Runtime/UGUI/UI/Core/Button.cs:115)
UnityEngine.EventSystems.ExecuteEvents:Execute (UnityEngine.EventSystems.IPointerClickHandler,UnityEngine.EventSystems.BaseEventData) (at ./Library/PackageCache/com.unity.ugui@4f9b15fd1386/Runtime/UGUI/EventSystem/ExecuteEvents.cs:57)
UnityEngine.EventSystems.ExecuteEvents:Execute<UnityEngine.EventSystems.IPointerClickHandler> (UnityEngine.GameObject,UnityEngine.EventSystems.BaseEventData,UnityEngine.EventSystems.ExecuteEvents/EventFunction`1<UnityEngine.EventSystems.IPointerClickHandler>) (at ./Library/PackageCache/com.unity.ugui@4f9b15fd1386/Runtime/UGUI/EventSystem/ExecuteEvents.cs:272)
UnityEngine.InputSystem.UI.InputSystemUIInputModule:ProcessPointerButton (UnityEngine.InputSystem.UI.PointerModel/ButtonState&,UnityEngine.EventSystems.PointerEventData) (at ./Library/PackageCache/com.unity.inputsystem@21a28c3a6c83/InputSystem/Plugins/UI/InputSystemUIInputModule.cs:731)
UnityEngine.InputSystem.UI.InputSystemUIInputModule:ProcessPointer (UnityEngine.InputSystem.UI.PointerModel&) (at ./Library/PackageCache/com.unity.inputsystem@21a28c3a6c83/InputSystem/Plugins/UI/InputSystemUIInputModule.cs:490)
UnityEngine.InputSystem.UI.InputSystemUIInputModule:Process () (at ./Library/PackageCache/com.unity.inputsystem@21a28c3a6c83/InputSystem/Plugins/UI/InputSystemUIInputModule.cs:2404)
UnityEngine.EventSystems.EventSystem:Update () (at ./Library/PackageCache/com.unity.ugui@4f9b15fd1386/Runtime/UGUI/EventSystem/EventSystem.cs:516)

(Filename: Assets/Script/Skittle.cs Line: 43)

ピン 4 番を再配置します。
UnityEngine.Debug:ExtractStackTraceNoAlloc (byte*,int,string)
UnityEngine.StackTraceUtility:ExtractStackTrace ()
UnityEngine.DebugLogHandler:Internal_Log (UnityEngine.LogType,UnityEngine.LogOption,string,UnityEngine.Object)
UnityEngine.DebugLogHandler:LogFormat (UnityEngine.LogType,UnityEngine.Object,string,object[])
UnityEngine.Logger:Log (UnityEngine.LogType,object)
UnityEngine.Debug:Log (object)
Skittle:StandUp () (at Assets/Script/Skittle.cs:43)
GameManager:OnNextTurnButtonPressed () (at Assets/Script/GameManager.cs:201)
UnityEngine.Events.InvokableCall:Invoke ()
UnityEngine.Events.UnityEvent:Invoke ()
UnityEngine.UI.Button:Press () (at ./Library/PackageCache/com.unity.ugui@4f9b15fd1386/Runtime/UGUI/UI/Core/Button.cs:71)
UnityEngine.UI.Button:OnPointerClick (UnityEngine.EventSystems.PointerEventData) (at ./Library/PackageCache/com.unity.ugui@4f9b15fd1386/Runtime/UGUI/UI/Core/Button.cs:115)
UnityEngine.EventSystems.ExecuteEvents:Execute (UnityEngine.EventSystems.IPointerClickHandler,UnityEngine.EventSystems.BaseEventData) (at ./Library/PackageCache/com.unity.ugui@4f9b15fd1386/Runtime/UGUI/EventSystem/ExecuteEvents.cs:57)
UnityEngine.EventSystems.ExecuteEvents:Execute<UnityEngine.EventSystems.IPointerClickHandler> (UnityEngine.GameObject,UnityEngine.EventSystems.BaseEventData,UnityEngine.EventSystems.ExecuteEvents/EventFunction`1<UnityEngine.EventSystems.IPointerClickHandler>) (at ./Library/PackageCache/com.unity.ugui@4f9b15fd1386/Runtime/UGUI/EventSystem/ExecuteEvents.cs:272)
UnityEngine.InputSystem.UI.InputSystemUIInputModule:ProcessPointerButton (UnityEngine.InputSystem.UI.PointerModel/ButtonState&,UnityEngine.EventSystems.PointerEventData) (at ./Library/PackageCache/com.unity.inputsystem@21a28c3a6c83/InputSystem/Plugins/UI/InputSystemUIInputModule.cs:731)
UnityEngine.InputSystem.UI.InputSystemUIInputModule:ProcessPointer (UnityEngine.InputSystem.UI.PointerModel&) (at ./Library/PackageCache/com.unity.inputsystem@21a28c3a6c83/InputSystem/Plugins/UI/InputSystemUIInputModule.cs:490)
UnityEngine.InputSystem.UI.InputSystemUIInputModule:Process () (at ./Library/PackageCache/com.unity.inputsystem@21a28c3a6c83/InputSystem/Plugins/UI/InputSystemUIInputModule.cs:2404)
UnityEngine.EventSystems.EventSystem:Update () (at ./Library/PackageCache/com.unity.ugui@4f9b15fd1386/Runtime/UGUI/EventSystem/EventSystem.cs:516)

(Filename: Assets/Script/Skittle.cs Line: 43)

ピン 5 番を再配置します。
UnityEngine.Debug:ExtractStackTraceNoAlloc (byte*,int,string)
UnityEngine.StackTraceUtility:ExtractStackTrace ()
UnityEngine.DebugLogHandler:Internal_Log (UnityEngine.LogType,UnityEngine.LogOption,string,UnityEngine.Object)
UnityEngine.DebugLogHandler:LogFormat (UnityEngine.LogType,UnityEngine.Object,string,object[])
UnityEngine.Logger:Log (UnityEngine.LogType,object)
UnityEngine.Debug:Log (object)
Skittle:StandUp () (at Assets/Script/Skittle.cs:43)
GameManager:OnNextTurnButtonPressed () (at Assets/Script/GameManager.cs:201)
UnityEngine.Events.InvokableCall:Invoke ()
UnityEngine.Events.UnityEvent:Invoke ()
UnityEngine.UI.Button:Press () (at ./Library/PackageCache/com.unity.ugui@4f9b15fd1386/Runtime/UGUI/UI/Core/Button.cs:71)
UnityEngine.UI.Button:OnPointerClick (UnityEngine.EventSystems.PointerEventData) (at ./Library/PackageCache/com.unity.ugui@4f9b15fd1386/Runtime/UGUI/UI/Core/Button.cs:115)
UnityEngine.EventSystems.ExecuteEvents:Execute (UnityEngine.EventSystems.IPointerClickHandler,UnityEngine.EventSystems.BaseEventData) (at ./Library/PackageCache/com.unity.ugui@4f9b15fd1386/Runtime/UGUI/EventSystem/ExecuteEvents.cs:57)
UnityEngine.EventSystems.ExecuteEvents:Execute<UnityEngine.EventSystems.IPointerClickHandler> (UnityEngine.GameObject,UnityEngine.EventSystems.BaseEventData,UnityEngine.EventSystems.ExecuteEvents/EventFunction`1<UnityEngine.EventSystems.IPointerClickHandler>) (at ./Library/PackageCache/com.unity.ugui@4f9b15fd1386/Runtime/UGUI/EventSystem/ExecuteEvents.cs:272)
UnityEngine.InputSystem.UI.InputSystemUIInputModule:ProcessPointerButton (UnityEngine.InputSystem.UI.PointerModel/ButtonState&,UnityEngine.EventSystems.PointerEventData) (at ./Library/PackageCache/com.unity.inputsystem@21a28c3a6c83/InputSystem/Plugins/UI/InputSystemUIInputModule.cs:731)
UnityEngine.InputSystem.UI.InputSystemUIInputModule:ProcessPointer (UnityEngine.InputSystem.UI.PointerModel&) (at ./Library/PackageCache/com.unity.inputsystem@21a28c3a6c83/InputSystem/Plugins/UI/InputSystemUIInputModule.cs:490)
UnityEngine.InputSystem.UI.InputSystemUIInputModule:Process () (at ./Library/PackageCache/com.unity.inputsystem@21a28c3a6c83/InputSystem/Plugins/UI/InputSystemUIInputModule.cs:2404)
UnityEngine.EventSystems.EventSystem:Update () (at ./Library/PackageCache/com.unity.ugui@4f9b15fd1386/Runtime/UGUI/EventSystem/EventSystem.cs:516)

(Filename: Assets/Script/Skittle.cs Line: 43)

ピン 6 番を再配置します。
UnityEngine.Debug:ExtractStackTraceNoAlloc (byte*,int,string)
UnityEngine.StackTraceUtility:ExtractStackTrace ()
UnityEngine.DebugLogHandler:Internal_Log (UnityEngine.LogType,UnityEngine.LogOption,string,UnityEngine.Object)
UnityEngine.DebugLogHandler:LogFormat (UnityEngine.LogType,UnityEngine.Object,string,object[])
UnityEngine.Logger:Log (UnityEngine.LogType,object)
UnityEngine.Debug:Log (object)
Skittle:StandUp () (at Assets/Script/Skittle.cs:43)
GameManager:OnNextTurnButtonPressed () (at Assets/Script/GameManager.cs:201)
UnityEngine.Events.InvokableCall:Invoke ()
UnityEngine.Events.UnityEvent:Invoke ()
UnityEngine.UI.Button:Press () (at ./Library/PackageCache/com.unity.ugui@4f9b15fd1386/Runtime/UGUI/UI/Core/Button.cs:71)
UnityEngine.UI.Button:OnPointerClick (UnityEngine.EventSystems.PointerEventData) (at ./Library/PackageCache/com.unity.ugui@4f9b15fd1386/Runtime/UGUI/UI/Core/Button.cs:115)
UnityEngine.EventSystems.ExecuteEvents:Execute (UnityEngine.EventSystems.IPointerClickHandler,UnityEngine.EventSystems.BaseEventData) (at ./Library/PackageCache/com.unity.ugui@4f9b15fd1386/Runtime/UGUI/EventSystem/ExecuteEvents.cs:57)
UnityEngine.EventSystems.ExecuteEvents:Execute<UnityEngine.EventSystems.IPointerClickHandler> (UnityEngine.GameObject,UnityEngine.EventSystems.BaseEventData,UnityEngine.EventSystems.ExecuteEvents/EventFunction`1<UnityEngine.EventSystems.IPointerClickHandler>) (at ./Library/PackageCache/com.unity.ugui@4f9b15fd1386/Runtime/UGUI/EventSystem/ExecuteEvents.cs:272)
UnityEngine.InputSystem.UI.InputSystemUIInputModule:ProcessPointerButton (UnityEngine.InputSystem.UI.PointerModel/ButtonState&,UnityEngine.EventSystems.PointerEventData) (at ./Library/PackageCache/com.unity.inputsystem@21a28c3a6c83/InputSystem/Plugins/UI/InputSystemUIInputModule.cs:731)
UnityEngine.InputSystem.UI.InputSystemUIInputModule:ProcessPointer (UnityEngine.InputSystem.UI.PointerModel&) (at ./Library/PackageCache/com.unity.inputsystem@21a28c3a6c83/InputSystem/Plugins/UI/InputSystemUIInputModule.cs:490)
UnityEngine.InputSystem.UI.InputSystemUIInputModule:Process () (at ./Library/PackageCache/com.unity.inputsystem@21a28c3a6c83/InputSystem/Plugins/UI/InputSystemUIInputModule.cs:2404)
UnityEngine.EventSystems.EventSystem:Update () (at ./Library/PackageCache/com.unity.ugui@4f9b15fd1386/Runtime/UGUI/EventSystem/EventSystem.cs:516)

(Filename: Assets/Script/Skittle.cs Line: 43)

ピン 7 番を再配置します。
UnityEngine.Debug:ExtractStackTraceNoAlloc (byte*,int,string)
UnityEngine.StackTraceUtility:ExtractStackTrace ()
UnityEngine.DebugLogHandler:Internal_Log (UnityEngine.LogType,UnityEngine.LogOption,string,UnityEngine.Object)
UnityEngine.DebugLogHandler:LogFormat (UnityEngine.LogType,UnityEngine.Object,string,object[])
UnityEngine.Logger:Log (UnityEngine.LogType,object)
UnityEngine.Debug:Log (object)
Skittle:StandUp () (at Assets/Script/Skittle.cs:43)
GameManager:OnNextTurnButtonPressed () (at Assets/Script/GameManager.cs:201)
UnityEngine.Events.InvokableCall:Invoke ()
UnityEngine.Events.UnityEvent:Invoke ()
UnityEngine.UI.Button:Press () (at ./Library/PackageCache/com.unity.ugui@4f9b15fd1386/Runtime/UGUI/UI/Core/Button.cs:71)
UnityEngine.UI.Button:OnPointerClick (UnityEngine.EventSystems.PointerEventData) (at ./Library/PackageCache/com.unity.ugui@4f9b15fd1386/Runtime/UGUI/UI/Core/Button.cs:115)
UnityEngine.EventSystems.ExecuteEvents:Execute (UnityEngine.EventSystems.IPointerClickHandler,UnityEngine.EventSystems.BaseEventData) (at ./Library/PackageCache/com.unity.ugui@4f9b15fd1386/Runtime/UGUI/EventSystem/ExecuteEvents.cs:57)
UnityEngine.EventSystems.ExecuteEvents:Execute<UnityEngine.EventSystems.IPointerClickHandler> (UnityEngine.GameObject,UnityEngine.EventSystems.BaseEventData,UnityEngine.EventSystems.ExecuteEvents/EventFunction`1<UnityEngine.EventSystems.IPointerClickHandler>) (at ./Library/PackageCache/com.unity.ugui@4f9b15fd1386/Runtime/UGUI/EventSystem/ExecuteEvents.cs:272)
UnityEngine.InputSystem.UI.InputSystemUIInputModule:ProcessPointerButton (UnityEngine.InputSystem.UI.PointerModel/ButtonState&,UnityEngine.EventSystems.PointerEventData) (at ./Library/PackageCache/com.unity.inputsystem@21a28c3a6c83/InputSystem/Plugins/UI/InputSystemUIInputModule.cs:731)
UnityEngine.InputSystem.UI.InputSystemUIInputModule:ProcessPointer (UnityEngine.InputSystem.UI.PointerModel&) (at ./Library/PackageCache/com.unity.inputsystem@21a28c3a6c83/InputSystem/Plugins/UI/InputSystemUIInputModule.cs:490)
UnityEngine.InputSystem.UI.InputSystemUIInputModule:Process () (at ./Library/PackageCache/com.unity.inputsystem@21a28c3a6c83/InputSystem/Plugins/UI/InputSystemUIInputModule.cs:2404)
UnityEngine.EventSystems.EventSystem:Update () (at ./Library/PackageCache/com.unity.ugui@4f9b15fd1386/Runtime/UGUI/EventSystem/EventSystem.cs:516)

(Filename: Assets/Script/Skittle.cs Line: 43)

ピン 8 番を再配置します。
UnityEngine.Debug:ExtractStackTraceNoAlloc (byte*,int,string)
UnityEngine.StackTraceUtility:ExtractStackTrace ()
UnityEngine.DebugLogHandler:Internal_Log (UnityEngine.LogType,UnityEngine.LogOption,string,UnityEngine.Object)
UnityEngine.DebugLogHandler:LogFormat (UnityEngine.LogType,UnityEngine.Object,string,object[])
UnityEngine.Logger:Log (UnityEngine.LogType,object)
UnityEngine.Debug:Log (object)
Skittle:StandUp () (at Assets/Script/Skittle.cs:43)
GameManager:OnNextTurnButtonPressed () (at Assets/Script/GameManager.cs:201)
UnityEngine.Events.InvokableCall:Invoke ()
UnityEngine.Events.UnityEvent:Invoke ()
UnityEngine.UI.Button:Press () (at ./Library/PackageCache/com.unity.ugui@4f9b15fd1386/Runtime/UGUI/UI/Core/Button.cs:71)
UnityEngine.UI.Button:OnPointerClick (UnityEngine.EventSystems.PointerEventData) (at ./Library/PackageCache/com.unity.ugui@4f9b15fd1386/Runtime/UGUI/UI/Core/Button.cs:115)
UnityEngine.EventSystems.ExecuteEvents:Execute (UnityEngine.EventSystems.IPointerClickHandler,UnityEngine.EventSystems.BaseEventData) (at ./Library/PackageCache/com.unity.ugui@4f9b15fd1386/Runtime/UGUI/EventSystem/ExecuteEvents.cs:57)
UnityEngine.EventSystems.ExecuteEvents:Execute<UnityEngine.EventSystems.IPointerClickHandler> (UnityEngine.GameObject,UnityEngine.EventSystems.BaseEventData,UnityEngine.EventSystems.ExecuteEvents/EventFunction`1<UnityEngine.EventSystems.IPointerClickHandler>) (at ./Library/PackageCache/com.unity.ugui@4f9b15fd1386/Runtime/UGUI/EventSystem/ExecuteEvents.cs:272)
UnityEngine.InputSystem.UI.InputSystemUIInputModule:ProcessPointerButton (UnityEngine.InputSystem.UI.PointerModel/ButtonState&,UnityEngine.EventSystems.PointerEventData) (at ./Library/PackageCache/com.unity.inputsystem@21a28c3a6c83/InputSystem/Plugins/UI/InputSystemUIInputModule.cs:731)
UnityEngine.InputSystem.UI.InputSystemUIInputModule:ProcessPointer (UnityEngine.InputSystem.UI.PointerModel&) (at ./Library/PackageCache/com.unity.inputsystem@21a28c3a6c83/InputSystem/Plugins/UI/InputSystemUIInputModule.cs:490)
UnityEngine.InputSystem.UI.InputSystemUIInputModule:Process () (at ./Library/PackageCache/com.unity.inputsystem@21a28c3a6c83/InputSystem/Plugins/UI/InputSystemUIInputModule.cs:2404)
UnityEngine.EventSystems.EventSystem:Update () (at ./Library/PackageCache/com.unity.ugui@4f9b15fd1386/Runtime/UGUI/EventSystem/EventSystem.cs:516)

(Filename: Assets/Script/Skittle.cs Line: 43)

ピン 9 番を再配置します。
UnityEngine.Debug:ExtractStackTraceNoAlloc (byte*,int,string)
UnityEngine.StackTraceUtility:ExtractStackTrace ()
UnityEngine.DebugLogHandler:Internal_Log (UnityEngine.LogType,UnityEngine.LogOption,string,UnityEngine.Object)
UnityEngine.DebugLogHandler:LogFormat (UnityEngine.LogType,UnityEngine.Object,string,object[])
UnityEngine.Logger:Log (UnityEngine.LogType,object)
UnityEngine.Debug:Log (object)
Skittle:StandUp () (at Assets/Script/Skittle.cs:43)
GameManager:OnNextTurnButtonPressed () (at Assets/Script/GameManager.cs:201)
UnityEngine.Events.InvokableCall:Invoke ()
UnityEngine.Events.UnityEvent:Invoke ()
UnityEngine.UI.Button:Press () (at ./Library/PackageCache/com.unity.ugui@4f9b15fd1386/Runtime/UGUI/UI/Core/Button.cs:71)
UnityEngine.UI.Button:OnPointerClick (UnityEngine.EventSystems.PointerEventData) (at ./Library/PackageCache/com.unity.ugui@4f9b15fd1386/Runtime/UGUI/UI/Core/Button.cs:115)
UnityEngine.EventSystems.ExecuteEvents:Execute (UnityEngine.EventSystems.IPointerClickHandler,UnityEngine.EventSystems.BaseEventData) (at ./Library/PackageCache/com.unity.ugui@4f9b15fd1386/Runtime/UGUI/EventSystem/ExecuteEvents.cs:57)
UnityEngine.EventSystems.ExecuteEvents:Execute<UnityEngine.EventSystems.IPointerClickHandler> (UnityEngine.GameObject,UnityEngine.EventSystems.BaseEventData,UnityEngine.EventSystems.ExecuteEvents/EventFunction`1<UnityEngine.EventSystems.IPointerClickHandler>) (at ./Library/PackageCache/com.unity.ugui@4f9b15fd1386/Runtime/UGUI/EventSystem/ExecuteEvents.cs:272)
UnityEngine.InputSystem.UI.InputSystemUIInputModule:ProcessPointerButton (UnityEngine.InputSystem.UI.PointerModel/ButtonState&,UnityEngine.EventSystems.PointerEventData) (at ./Library/PackageCache/com.unity.inputsystem@21a28c3a6c83/InputSystem/Plugins/UI/InputSystemUIInputModule.cs:731)
UnityEngine.InputSystem.UI.InputSystemUIInputModule:ProcessPointer (UnityEngine.InputSystem.UI.PointerModel&) (at ./Library/PackageCache/com.unity.inputsystem@21a28c3a6c83/InputSystem/Plugins/UI/InputSystemUIInputModule.cs:490)
UnityEngine.InputSystem.UI.InputSystemUIInputModule:Process () (at ./Library/PackageCache/com.unity.inputsystem@21a28c3a6c83/InputSystem/Plugins/UI/InputSystemUIInputModule.cs:2404)
UnityEngine.EventSystems.EventSystem:Update () (at ./Library/PackageCache/com.unity.ugui@4f9b15fd1386/Runtime/UGUI/EventSystem/EventSystem.cs:516)

(Filename: Assets/Script/Skittle.cs Line: 43)

ピン 10 番を再配置します。
UnityEngine.Debug:ExtractStackTraceNoAlloc (byte*,int,string)
UnityEngine.StackTraceUtility:ExtractStackTrace ()
UnityEngine.DebugLogHandler:Internal_Log (UnityEngine.LogType,UnityEngine.LogOption,string,UnityEngine.Object)
UnityEngine.DebugLogHandler:LogFormat (UnityEngine.LogType,UnityEngine.Object,string,object[])
UnityEngine.Logger:Log (UnityEngine.LogType,object)
UnityEngine.Debug:Log (object)
Skittle:StandUp () (at Assets/Script/Skittle.cs:43)
GameManager:OnNextTurnButtonPressed () (at Assets/Script/GameManager.cs:201)
UnityEngine.Events.InvokableCall:Invoke ()
UnityEngine.Events.UnityEvent:Invoke ()
UnityEngine.UI.Button:Press () (at ./Library/PackageCache/com.unity.ugui@4f9b15fd1386/Runtime/UGUI/UI/Core/Button.cs:71)
UnityEngine.UI.Button:OnPointerClick (UnityEngine.EventSystems.PointerEventData) (at ./Library/PackageCache/com.unity.ugui@4f9b15fd1386/Runtime/UGUI/UI/Core/Button.cs:115)
UnityEngine.EventSystems.ExecuteEvents:Execute (UnityEngine.EventSystems.IPointerClickHandler,UnityEngine.EventSystems.BaseEventData) (at ./Library/PackageCache/com.unity.ugui@4f9b15fd1386/Runtime/UGUI/EventSystem/ExecuteEvents.cs:57)
UnityEngine.EventSystems.ExecuteEvents:Execute<UnityEngine.EventSystems.IPointerClickHandler> (UnityEngine.GameObject,UnityEngine.EventSystems.BaseEventData,UnityEngine.EventSystems.ExecuteEvents/EventFunction`1<UnityEngine.EventSystems.IPointerClickHandler>) (at ./Library/PackageCache/com.unity.ugui@4f9b15fd1386/Runtime/UGUI/EventSystem/ExecuteEvents.cs:272)
UnityEngine.InputSystem.UI.InputSystemUIInputModule:ProcessPointerButton (UnityEngine.InputSystem.UI.PointerModel/ButtonState&,UnityEngine.EventSystems.PointerEventData) (at ./Library/PackageCache/com.unity.inputsystem@21a28c3a6c83/InputSystem/Plugins/UI/InputSystemUIInputModule.cs:731)
UnityEngine.InputSystem.UI.InputSystemUIInputModule:ProcessPointer (UnityEngine.InputSystem.UI.PointerModel&) (at ./Library/PackageCache/com.unity.inputsystem@21a28c3a6c83/InputSystem/Plugins/UI/InputSystemUIInputModule.cs:490)
UnityEngine.InputSystem.UI.InputSystemUIInputModule:Process () (at ./Library/PackageCache/com.unity.inputsystem@21a28c3a6c83/InputSystem/Plugins/UI/InputSystemUIInputModule.cs:2404)
UnityEngine.EventSystems.EventSystem:Update () (at ./Library/PackageCache/com.unity.ugui@4f9b15fd1386/Runtime/UGUI/EventSystem/EventSystem.cs:516)

(Filename: Assets/Script/Skittle.cs Line: 43)

ピン 11 番を再配置します。
UnityEngine.Debug:ExtractStackTraceNoAlloc (byte*,int,string)
UnityEngine.StackTraceUtility:ExtractStackTrace ()
UnityEngine.DebugLogHandler:Internal_Log (UnityEngine.LogType,UnityEngine.LogOption,string,UnityEngine.Object)
UnityEngine.DebugLogHandler:LogFormat (UnityEngine.LogType,UnityEngine.Object,string,object[])
UnityEngine.Logger:Log (UnityEngine.LogType,object)
UnityEngine.Debug:Log (object)
Skittle:StandUp () (at Assets/Script/Skittle.cs:43)
GameManager:OnNextTurnButtonPressed () (at Assets/Script/GameManager.cs:201)
UnityEngine.Events.InvokableCall:Invoke ()
UnityEngine.Events.UnityEvent:Invoke ()
UnityEngine.UI.Button:Press () (at ./Library/PackageCache/com.unity.ugui@4f9b15fd1386/Runtime/UGUI/UI/Core/Button.cs:71)
UnityEngine.UI.Button:OnPointerClick (UnityEngine.EventSystems.PointerEventData) (at ./Library/PackageCache/com.unity.ugui@4f9b15fd1386/Runtime/UGUI/UI/Core/Button.cs:115)
UnityEngine.EventSystems.ExecuteEvents:Execute (UnityEngine.EventSystems.IPointerClickHandler,UnityEngine.EventSystems.BaseEventData) (at ./Library/PackageCache/com.unity.ugui@4f9b15fd1386/Runtime/UGUI/EventSystem/ExecuteEvents.cs:57)
UnityEngine.EventSystems.ExecuteEvents:Execute<UnityEngine.EventSystems.IPointerClickHandler> (UnityEngine.GameObject,UnityEngine.EventSystems.BaseEventData,UnityEngine.EventSystems.ExecuteEvents/EventFunction`1<UnityEngine.EventSystems.IPointerClickHandler>) (at ./Library/PackageCache/com.unity.ugui@4f9b15fd1386/Runtime/UGUI/EventSystem/ExecuteEvents.cs:272)
UnityEngine.InputSystem.UI.InputSystemUIInputModule:ProcessPointerButton (UnityEngine.InputSystem.UI.PointerModel/ButtonState&,UnityEngine.EventSystems.PointerEventData) (at ./Library/PackageCache/com.unity.inputsystem@21a28c3a6c83/InputSystem/Plugins/UI/InputSystemUIInputModule.cs:731)
UnityEngine.InputSystem.UI.InputSystemUIInputModule:ProcessPointer (UnityEngine.InputSystem.UI.PointerModel&) (at ./Library/PackageCache/com.unity.inputsystem@21a28c3a6c83/InputSystem/Plugins/UI/InputSystemUIInputModule.cs:490)
UnityEngine.InputSystem.UI.InputSystemUIInputModule:Process () (at ./Library/PackageCache/com.unity.inputsystem@21a28c3a6c83/InputSystem/Plugins/UI/InputSystemUIInputModule.cs:2404)
UnityEngine.EventSystems.EventSystem:Update () (at ./Library/PackageCache/com.unity.ugui@4f9b15fd1386/Runtime/UGUI/EventSystem/EventSystem.cs:516)

(Filename: Assets/Script/Skittle.cs Line: 43)

ピン 12 番を再配置します。
UnityEngine.Debug:ExtractStackTraceNoAlloc (byte*,int,string)
UnityEngine.StackTraceUtility:ExtractStackTrace ()
UnityEngine.DebugLogHandler:Internal_Log (UnityEngine.LogType,UnityEngine.LogOption,string,UnityEngine.Object)
UnityEngine.DebugLogHandler:LogFormat (UnityEngine.LogType,UnityEngine.Object,string,object[])
UnityEngine.Logger:Log (UnityEngine.LogType,object)
UnityEngine.Debug:Log (object)
Skittle:StandUp () (at Assets/Script/Skittle.cs:43)
GameManager:OnNextTurnButtonPressed () (at Assets/Script/GameManager.cs:201)
UnityEngine.Events.InvokableCall:Invoke ()
UnityEngine.Events.UnityEvent:Invoke ()
UnityEngine.UI.Button:Press () (at ./Library/PackageCache/com.unity.ugui@4f9b15fd1386/Runtime/UGUI/UI/Core/Button.cs:71)
UnityEngine.UI.Button:OnPointerClick (UnityEngine.EventSystems.PointerEventData) (at ./Library/PackageCache/com.unity.ugui@4f9b15fd1386/Runtime/UGUI/UI/Core/Button.cs:115)
UnityEngine.EventSystems.ExecuteEvents:Execute (UnityEngine.EventSystems.IPointerClickHandler,UnityEngine.EventSystems.BaseEventData) (at ./Library/PackageCache/com.unity.ugui@4f9b15fd1386/Runtime/UGUI/EventSystem/ExecuteEvents.cs:57)
UnityEngine.EventSystems.ExecuteEvents:Execute<UnityEngine.EventSystems.IPointerClickHandler> (UnityEngine.GameObject,UnityEngine.EventSystems.BaseEventData,UnityEngine.EventSystems.ExecuteEvents/EventFunction`1<UnityEngine.EventSystems.IPointerClickHandler>) (at ./Library/PackageCache/com.unity.ugui@4f9b15fd1386/Runtime/UGUI/EventSystem/ExecuteEvents.cs:272)
UnityEngine.InputSystem.UI.InputSystemUIInputModule:ProcessPointerButton (UnityEngine.InputSystem.UI.PointerModel/ButtonState&,UnityEngine.EventSystems.PointerEventData) (at ./Library/PackageCache/com.unity.inputsystem@21a28c3a6c83/InputSystem/Plugins/UI/InputSystemUIInputModule.cs:731)
UnityEngine.InputSystem.UI.InputSystemUIInputModule:ProcessPointer (UnityEngine.InputSystem.UI.PointerModel&) (at ./Library/PackageCache/com.unity.inputsystem@21a28c3a6c83/InputSystem/Plugins/UI/InputSystemUIInputModule.cs:490)
UnityEngine.InputSystem.UI.InputSystemUIInputModule:Process () (at ./Library/PackageCache/com.unity.inputsystem@21a28c3a6c83/InputSystem/Plugins/UI/InputSystemUIInputModule.cs:2404)
UnityEngine.EventSystems.EventSystem:Update () (at ./Library/PackageCache/com.unity.ugui@4f9b15fd1386/Runtime/UGUI/EventSystem/EventSystem.cs:516)

(Filename: Assets/Script/Skittle.cs Line: 43)

ターン交代完了！次のプレイヤー: Player 2
UnityEngine.Debug:ExtractStackTraceNoAlloc (byte*,int,string)
UnityEngine.StackTraceUtility:ExtractStackTrace ()
UnityEngine.DebugLogHandler:Internal_Log (UnityEngine.LogType,UnityEngine.LogOption,string,UnityEngine.Object)
UnityEngine.DebugLogHandler:LogFormat (UnityEngine.LogType,UnityEngine.Object,string,object[])
UnityEngine.Logger:Log (UnityEngine.LogType,object)
UnityEngine.Debug:Log (object)
GameManager:OnNextTurnButtonPressed () (at Assets/Script/GameManager.cs:215)
UnityEngine.Events.InvokableCall:Invoke ()
UnityEngine.Events.UnityEvent:Invoke ()
UnityEngine.UI.Button:Press () (at ./Library/PackageCache/com.unity.ugui@4f9b15fd1386/Runtime/UGUI/UI/Core/Button.cs:71)
UnityEngine.UI.Button:OnPointerClick (UnityEngine.EventSystems.PointerEventData) (at ./Library/PackageCache/com.unity.ugui@4f9b15fd1386/Runtime/UGUI/UI/Core/Button.cs:115)
UnityEngine.EventSystems.ExecuteEvents:Execute (UnityEngine.EventSystems.IPointerClickHandler,UnityEngine.EventSystems.BaseEventData) (at ./Library/PackageCache/com.unity.ugui@4f9b15fd1386/Runtime/UGUI/EventSystem/ExecuteEvents.cs:57)
UnityEngine.EventSystems.ExecuteEvents:Execute<UnityEngine.EventSystems.IPointerClickHandler> (UnityEngine.GameObject,UnityEngine.EventSystems.BaseEventData,UnityEngine.EventSystems.ExecuteEvents/EventFunction`1<UnityEngine.EventSystems.IPointerClickHandler>) (at ./Library/PackageCache/com.unity.ugui@4f9b15fd1386/Runtime/UGUI/EventSystem/ExecuteEvents.cs:272)
UnityEngine.InputSystem.UI.InputSystemUIInputModule:ProcessPointerButton (UnityEngine.InputSystem.UI.PointerModel/ButtonState&,UnityEngine.EventSystems.PointerEventData) (at ./Library/PackageCache/com.unity.inputsystem@21a28c3a6c83/InputSystem/Plugins/UI/InputSystemUIInputModule.cs:731)
UnityEngine.InputSystem.UI.InputSystemUIInputModule:ProcessPointer (UnityEngine.InputSystem.UI.PointerModel&) (at ./Library/PackageCache/com.unity.inputsystem@21a28c3a6c83/InputSystem/Plugins/UI/InputSystemUIInputModule.cs:490)
UnityEngine.InputSystem.UI.InputSystemUIInputModule:Process () (at ./Library/PackageCache/com.unity.inputsystem@21a28c3a6c83/InputSystem/Plugins/UI/InputSystemUIInputModule.cs:2404)
UnityEngine.EventSystems.EventSystem:Update () (at ./Library/PackageCache/com.unity.ugui@4f9b15fd1386/Runtime/UGUI/EventSystem/EventSystem.cs:516)

(Filename: Assets/Script/GameManager.cs Line: 215)

[INFO ] [relay] log Client disconnected - blocking and caching for recovery
[WARN ] [relay] connection.lost clientId=null
[WARN ] [relay] log Client disconnected - sessions will persist until auto-shutdown, reason: Client disconnected
[INFO ] [relay] log Auto-shutdown timer started due to client disconnection
--- Player 2 の投擲終了：得点計算開始 ---
UnityEngine.Debug:ExtractStackTraceNoAlloc (byte*,int,string)
UnityEngine.StackTraceUtility:ExtractStackTrace ()
UnityEngine.DebugLogHandler:Internal_Log (UnityEngine.LogType,UnityEngine.LogOption,string,UnityEngine.Object)
UnityEngine.DebugLogHandler:LogFormat (UnityEngine.LogType,UnityEngine.Object,string,object[])
UnityEngine.Logger:Log (UnityEngine.LogType,object)
UnityEngine.Debug:Log (object)
GameManager/<TurnEndRoutine>d__20:MoveNext () (at Assets/Script/GameManager.cs:106)
UnityEngine.SetupCoroutine:InvokeMoveNext (System.Collections.IEnumerator,intptr)

(Filename: Assets/Script/GameManager.cs Line: 106)

Player 2: ミス！1本も倒せませんでした。
UnityEngine.Debug:ExtractStackTraceNoAlloc (byte*,int,string)
UnityEngine.StackTraceUtility:ExtractStackTrace ()
UnityEngine.DebugLogHandler:Internal_Log (UnityEngine.LogType,UnityEngine.LogOption,string,UnityEngine.Object)
UnityEngine.DebugLogHandler:LogFormat (UnityEngine.LogType,UnityEngine.Object,string,object[])
UnityEngine.Logger:Log (UnityEngine.LogType,object)
UnityEngine.Debug:Log (object)
GameManager/<TurnEndRoutine>d__20:MoveNext () (at Assets/Script/GameManager.cs:138)
UnityEngine.SetupCoroutine:InvokeMoveNext (System.Collections.IEnumerator,intptr)

(Filename: Assets/Script/GameManager.cs Line: 138)

ピン 1 番を再配置します。
UnityEngine.Debug:ExtractStackTraceNoAlloc (byte*,int,string)
UnityEngine.StackTraceUtility:ExtractStackTrace ()
UnityEngine.DebugLogHandler:Internal_Log (UnityEngine.LogType,UnityEngine.LogOption,string,UnityEngine.Object)
UnityEngine.DebugLogHandler:LogFormat (UnityEngine.LogType,UnityEngine.Object,string,object[])
UnityEngine.Logger:Log (UnityEngine.LogType,object)
UnityEngine.Debug:Log (object)
Skittle:StandUp () (at Assets/Script/Skittle.cs:43)
GameManager:OnNextTurnButtonPressed () (at Assets/Script/GameManager.cs:201)
UnityEngine.Events.InvokableCall:Invoke ()
UnityEngine.Events.UnityEvent:Invoke ()
UnityEngine.UI.Button:Press () (at ./Library/PackageCache/com.unity.ugui@4f9b15fd1386/Runtime/UGUI/UI/Core/Button.cs:71)
UnityEngine.UI.Button:OnPointerClick (UnityEngine.EventSystems.PointerEventData) (at ./Library/PackageCache/com.unity.ugui@4f9b15fd1386/Runtime/UGUI/UI/Core/Button.cs:115)
UnityEngine.EventSystems.ExecuteEvents:Execute (UnityEngine.EventSystems.IPointerClickHandler,UnityEngine.EventSystems.BaseEventData) (at ./Library/PackageCache/com.unity.ugui@4f9b15fd1386/Runtime/UGUI/EventSystem/ExecuteEvents.cs:57)
UnityEngine.EventSystems.ExecuteEvents:Execute<UnityEngine.EventSystems.IPointerClickHandler> (UnityEngine.GameObject,UnityEngine.EventSystems.BaseEventData,UnityEngine.EventSystems.ExecuteEvents/EventFunction`1<UnityEngine.EventSystems.IPointerClickHandler>) (at ./Library/PackageCache/com.unity.ugui@4f9b15fd1386/Runtime/UGUI/EventSystem/ExecuteEvents.cs:272)
UnityEngine.InputSystem.UI.InputSystemUIInputModule:ProcessPointerButton (UnityEngine.InputSystem.UI.PointerModel/ButtonState&,UnityEngine.EventSystems.PointerEventData) (at ./Library/PackageCache/com.unity.inputsystem@21a28c3a6c83/InputSystem/Plugins/UI/InputSystemUIInputModule.cs:731)
UnityEngine.InputSystem.UI.InputSystemUIInputModule:ProcessPointer (UnityEngine.InputSystem.UI.PointerModel&) (at ./Library/PackageCache/com.unity.inputsystem@21a28c3a6c83/InputSystem/Plugins/UI/InputSystemUIInputModule.cs:490)
UnityEngine.InputSystem.UI.InputSystemUIInputModule:Process () (at ./Library/PackageCache/com.unity.inputsystem@21a28c3a6c83/InputSystem/Plugins/UI/InputSystemUIInputModule.cs:2404)
UnityEngine.EventSystems.EventSystem:Update () (at ./Library/PackageCache/com.unity.ugui@4f9b15fd1386/Runtime/UGUI/EventSystem/EventSystem.cs:516)

(Filename: Assets/Script/Skittle.cs Line: 43)

ピン 2 番を再配置します。
UnityEngine.Debug:ExtractStackTraceNoAlloc (byte*,int,string)
UnityEngine.StackTraceUtility:ExtractStackTrace ()
UnityEngine.DebugLogHandler:Internal_Log (UnityEngine.LogType,UnityEngine.LogOption,string,UnityEngine.Object)
UnityEngine.DebugLogHandler:LogFormat (UnityEngine.LogType,UnityEngine.Object,string,object[])
UnityEngine.Logger:Log (UnityEngine.LogType,object)
UnityEngine.Debug:Log (object)
Skittle:StandUp () (at Assets/Script/Skittle.cs:43)
GameManager:OnNextTurnButtonPressed () (at Assets/Script/GameManager.cs:201)
UnityEngine.Events.InvokableCall:Invoke ()
UnityEngine.Events.UnityEvent:Invoke ()
UnityEngine.UI.Button:Press () (at ./Library/PackageCache/com.unity.ugui@4f9b15fd1386/Runtime/UGUI/UI/Core/Button.cs:71)
UnityEngine.UI.Button:OnPointerClick (UnityEngine.EventSystems.PointerEventData) (at ./Library/PackageCache/com.unity.ugui@4f9b15fd1386/Runtime/UGUI/UI/Core/Button.cs:115)
UnityEngine.EventSystems.ExecuteEvents:Execute (UnityEngine.EventSystems.IPointerClickHandler,UnityEngine.EventSystems.BaseEventData) (at ./Library/PackageCache/com.unity.ugui@4f9b15fd1386/Runtime/UGUI/EventSystem/ExecuteEvents.cs:57)
UnityEngine.EventSystems.ExecuteEvents:Execute<UnityEngine.EventSystems.IPointerClickHandler> (UnityEngine.GameObject,UnityEngine.EventSystems.BaseEventData,UnityEngine.EventSystems.ExecuteEvents/EventFunction`1<UnityEngine.EventSystems.IPointerClickHandler>) (at ./Library/PackageCache/com.unity.ugui@4f9b15fd1386/Runtime/UGUI/EventSystem/ExecuteEvents.cs:272)
UnityEngine.InputSystem.UI.InputSystemUIInputModule:ProcessPointerButton (UnityEngine.InputSystem.UI.PointerModel/ButtonState&,UnityEngine.EventSystems.PointerEventData) (at ./Library/PackageCache/com.unity.inputsystem@21a28c3a6c83/InputSystem/Plugins/UI/InputSystemUIInputModule.cs:731)
UnityEngine.InputSystem.UI.InputSystemUIInputModule:ProcessPointer (UnityEngine.InputSystem.UI.PointerModel&) (at ./Library/PackageCache/com.unity.inputsystem@21a28c3a6c83/InputSystem/Plugins/UI/InputSystemUIInputModule.cs:490)
UnityEngine.InputSystem.UI.InputSystemUIInputModule:Process () (at ./Library/PackageCache/com.unity.inputsystem@21a28c3a6c83/InputSystem/Plugins/UI/InputSystemUIInputModule.cs:2404)
UnityEngine.EventSystems.EventSystem:Update () (at ./Library/PackageCache/com.unity.ugui@4f9b15fd1386/Runtime/UGUI/EventSystem/EventSystem.cs:516)

(Filename: Assets/Script/Skittle.cs Line: 43)

ピン 3 番を再配置します。
UnityEngine.Debug:ExtractStackTraceNoAlloc (byte*,int,string)
UnityEngine.StackTraceUtility:ExtractStackTrace ()
UnityEngine.DebugLogHandler:Internal_Log (UnityEngine.LogType,UnityEngine.LogOption,string,UnityEngine.Object)
UnityEngine.DebugLogHandler:LogFormat (UnityEngine.LogType,UnityEngine.Object,string,object[])
UnityEngine.Logger:Log (UnityEngine.LogType,object)
UnityEngine.Debug:Log (object)
Skittle:StandUp () (at Assets/Script/Skittle.cs:43)
GameManager:OnNextTurnButtonPressed () (at Assets/Script/GameManager.cs:201)
UnityEngine.Events.InvokableCall:Invoke ()
UnityEngine.Events.UnityEvent:Invoke ()
UnityEngine.UI.Button:Press () (at ./Library/PackageCache/com.unity.ugui@4f9b15fd1386/Runtime/UGUI/UI/Core/Button.cs:71)
UnityEngine.UI.Button:OnPointerClick (UnityEngine.EventSystems.PointerEventData) (at ./Library/PackageCache/com.unity.ugui@4f9b15fd1386/Runtime/UGUI/UI/Core/Button.cs:115)
UnityEngine.EventSystems.ExecuteEvents:Execute (UnityEngine.EventSystems.IPointerClickHandler,UnityEngine.EventSystems.BaseEventData) (at ./Library/PackageCache/com.unity.ugui@4f9b15fd1386/Runtime/UGUI/EventSystem/ExecuteEvents.cs:57)
UnityEngine.EventSystems.ExecuteEvents:Execute<UnityEngine.EventSystems.IPointerClickHandler> (UnityEngine.GameObject,UnityEngine.EventSystems.BaseEventData,UnityEngine.EventSystems.ExecuteEvents/EventFunction`1<UnityEngine.EventSystems.IPointerClickHandler>) (at ./Library/PackageCache/com.unity.ugui@4f9b15fd1386/Runtime/UGUI/EventSystem/ExecuteEvents.cs:272)
UnityEngine.InputSystem.UI.InputSystemUIInputModule:ProcessPointerButton (UnityEngine.InputSystem.UI.PointerModel/ButtonState&,UnityEngine.EventSystems.PointerEventData) (at ./Library/PackageCache/com.unity.inputsystem@21a28c3a6c83/InputSystem/Plugins/UI/InputSystemUIInputModule.cs:731)
UnityEngine.InputSystem.UI.InputSystemUIInputModule:ProcessPointer (UnityEngine.InputSystem.UI.PointerModel&) (at ./Library/PackageCache/com.unity.inputsystem@21a28c3a6c83/InputSystem/Plugins/UI/InputSystemUIInputModule.cs:490)
UnityEngine.InputSystem.UI.InputSystemUIInputModule:Process () (at ./Library/PackageCache/com.unity.inputsystem@21a28c3a6c83/InputSystem/Plugins/UI/InputSystemUIInputModule.cs:2404)
UnityEngine.EventSystems.EventSystem:Update () (at ./Library/PackageCache/com.unity.ugui@4f9b15fd1386/Runtime/UGUI/EventSystem/EventSystem.cs:516)

(Filename: Assets/Script/Skittle.cs Line: 43)

ピン 4 番を再配置します。
UnityEngine.Debug:ExtractStackTraceNoAlloc (byte*,int,string)
UnityEngine.StackTraceUtility:ExtractStackTrace ()
UnityEngine.DebugLogHandler:Internal_Log (UnityEngine.LogType,UnityEngine.LogOption,string,UnityEngine.Object)
UnityEngine.DebugLogHandler:LogFormat (UnityEngine.LogType,UnityEngine.Object,string,object[])
UnityEngine.Logger:Log (UnityEngine.LogType,object)
UnityEngine.Debug:Log (object)
Skittle:StandUp () (at Assets/Script/Skittle.cs:43)
GameManager:OnNextTurnButtonPressed () (at Assets/Script/GameManager.cs:201)
UnityEngine.Events.InvokableCall:Invoke ()
UnityEngine.Events.UnityEvent:Invoke ()
UnityEngine.UI.Button:Press () (at ./Library/PackageCache/com.unity.ugui@4f9b15fd1386/Runtime/UGUI/UI/Core/Button.cs:71)
UnityEngine.UI.Button:OnPointerClick (UnityEngine.EventSystems.PointerEventData) (at ./Library/PackageCache/com.unity.ugui@4f9b15fd1386/Runtime/UGUI/UI/Core/Button.cs:115)
UnityEngine.EventSystems.ExecuteEvents:Execute (UnityEngine.EventSystems.IPointerClickHandler,UnityEngine.EventSystems.BaseEventData) (at ./Library/PackageCache/com.unity.ugui@4f9b15fd1386/Runtime/UGUI/EventSystem/ExecuteEvents.cs:57)
UnityEngine.EventSystems.ExecuteEvents:Execute<UnityEngine.EventSystems.IPointerClickHandler> (UnityEngine.GameObject,UnityEngine.EventSystems.BaseEventData,UnityEngine.EventSystems.ExecuteEvents/EventFunction`1<UnityEngine.EventSystems.IPointerClickHandler>) (at ./Library/PackageCache/com.unity.ugui@4f9b15fd1386/Runtime/UGUI/EventSystem/ExecuteEvents.cs:272)
UnityEngine.InputSystem.UI.InputSystemUIInputModule:ProcessPointerButton (UnityEngine.InputSystem.UI.PointerModel/ButtonState&,UnityEngine.EventSystems.PointerEventData) (at ./Library/PackageCache/com.unity.inputsystem@21a28c3a6c83/InputSystem/Plugins/UI/InputSystemUIInputModule.cs:731)
UnityEngine.InputSystem.UI.InputSystemUIInputModule:ProcessPointer (UnityEngine.InputSystem.UI.PointerModel&) (at ./Library/PackageCache/com.unity.inputsystem@21a28c3a6c83/InputSystem/Plugins/UI/InputSystemUIInputModule.cs:490)
UnityEngine.InputSystem.UI.InputSystemUIInputModule:Process () (at ./Library/PackageCache/com.unity.inputsystem@21a28c3a6c83/InputSystem/Plugins/UI/InputSystemUIInputModule.cs:2404)
UnityEngine.EventSystems.EventSystem:Update () (at ./Library/PackageCache/com.unity.ugui@4f9b15fd1386/Runtime/UGUI/EventSystem/EventSystem.cs:516)

(Filename: Assets/Script/Skittle.cs Line: 43)

ピン 5 番を再配置します。
UnityEngine.Debug:ExtractStackTraceNoAlloc (byte*,int,string)
UnityEngine.StackTraceUtility:ExtractStackTrace ()
UnityEngine.DebugLogHandler:Internal_Log (UnityEngine.LogType,UnityEngine.LogOption,string,UnityEngine.Object)
UnityEngine.DebugLogHandler:LogFormat (UnityEngine.LogType,UnityEngine.Object,string,object[])
UnityEngine.Logger:Log (UnityEngine.LogType,object)
UnityEngine.Debug:Log (object)
Skittle:StandUp () (at Assets/Script/Skittle.cs:43)
GameManager:OnNextTurnButtonPressed () (at Assets/Script/GameManager.cs:201)
UnityEngine.Events.InvokableCall:Invoke ()
UnityEngine.Events.UnityEvent:Invoke ()
UnityEngine.UI.Button:Press () (at ./Library/PackageCache/com.unity.ugui@4f9b15fd1386/Runtime/UGUI/UI/Core/Button.cs:71)
UnityEngine.UI.Button:OnPointerClick (UnityEngine.EventSystems.PointerEventData) (at ./Library/PackageCache/com.unity.ugui@4f9b15fd1386/Runtime/UGUI/UI/Core/Button.cs:115)
UnityEngine.EventSystems.ExecuteEvents:Execute (UnityEngine.EventSystems.IPointerClickHandler,UnityEngine.EventSystems.BaseEventData) (at ./Library/PackageCache/com.unity.ugui@4f9b15fd1386/Runtime/UGUI/EventSystem/ExecuteEvents.cs:57)
UnityEngine.EventSystems.ExecuteEvents:Execute<UnityEngine.EventSystems.IPointerClickHandler> (UnityEngine.GameObject,UnityEngine.EventSystems.BaseEventData,UnityEngine.EventSystems.ExecuteEvents/EventFunction`1<UnityEngine.EventSystems.IPointerClickHandler>) (at ./Library/PackageCache/com.unity.ugui@4f9b15fd1386/Runtime/UGUI/EventSystem/ExecuteEvents.cs:272)
UnityEngine.InputSystem.UI.InputSystemUIInputModule:ProcessPointerButton (UnityEngine.InputSystem.UI.PointerModel/ButtonState&,UnityEngine.EventSystems.PointerEventData) (at ./Library/PackageCache/com.unity.inputsystem@21a28c3a6c83/InputSystem/Plugins/UI/InputSystemUIInputModule.cs:731)
UnityEngine.InputSystem.UI.InputSystemUIInputModule:ProcessPointer (UnityEngine.InputSystem.UI.PointerModel&) (at ./Library/PackageCache/com.unity.inputsystem@21a28c3a6c83/InputSystem/Plugins/UI/InputSystemUIInputModule.cs:490)
UnityEngine.InputSystem.UI.InputSystemUIInputModule:Process () (at ./Library/PackageCache/com.unity.inputsystem@21a28c3a6c83/InputSystem/Plugins/UI/InputSystemUIInputModule.cs:2404)
UnityEngine.EventSystems.EventSystem:Update () (at ./Library/PackageCache/com.unity.ugui@4f9b15fd1386/Runtime/UGUI/EventSystem/EventSystem.cs:516)

(Filename: Assets/Script/Skittle.cs Line: 43)

ピン 6 番を再配置します。
UnityEngine.Debug:ExtractStackTraceNoAlloc (byte*,int,string)
UnityEngine.StackTraceUtility:ExtractStackTrace ()
UnityEngine.DebugLogHandler:Internal_Log (UnityEngine.LogType,UnityEngine.LogOption,string,UnityEngine.Object)
UnityEngine.DebugLogHandler:LogFormat (UnityEngine.LogType,UnityEngine.Object,string,object[])
UnityEngine.Logger:Log (UnityEngine.LogType,object)
UnityEngine.Debug:Log (object)
Skittle:StandUp () (at Assets/Script/Skittle.cs:43)
GameManager:OnNextTurnButtonPressed () (at Assets/Script/GameManager.cs:201)
UnityEngine.Events.InvokableCall:Invoke ()
UnityEngine.Events.UnityEvent:Invoke ()
UnityEngine.UI.Button:Press () (at ./Library/PackageCache/com.unity.ugui@4f9b15fd1386/Runtime/UGUI/UI/Core/Button.cs:71)
UnityEngine.UI.Button:OnPointerClick (UnityEngine.EventSystems.PointerEventData) (at ./Library/PackageCache/com.unity.ugui@4f9b15fd1386/Runtime/UGUI/UI/Core/Button.cs:115)
UnityEngine.EventSystems.ExecuteEvents:Execute (UnityEngine.EventSystems.IPointerClickHandler,UnityEngine.EventSystems.BaseEventData) (at ./Library/PackageCache/com.unity.ugui@4f9b15fd1386/Runtime/UGUI/EventSystem/ExecuteEvents.cs:57)
UnityEngine.EventSystems.ExecuteEvents:Execute<UnityEngine.EventSystems.IPointerClickHandler> (UnityEngine.GameObject,UnityEngine.EventSystems.BaseEventData,UnityEngine.EventSystems.ExecuteEvents/EventFunction`1<UnityEngine.EventSystems.IPointerClickHandler>) (at ./Library/PackageCache/com.unity.ugui@4f9b15fd1386/Runtime/UGUI/EventSystem/ExecuteEvents.cs:272)
UnityEngine.InputSystem.UI.InputSystemUIInputModule:ProcessPointerButton (UnityEngine.InputSystem.UI.PointerModel/ButtonState&,UnityEngine.EventSystems.PointerEventData) (at ./Library/PackageCache/com.unity.inputsystem@21a28c3a6c83/InputSystem/Plugins/UI/InputSystemUIInputModule.cs:731)
UnityEngine.InputSystem.UI.InputSystemUIInputModule:ProcessPointer (UnityEngine.InputSystem.UI.PointerModel&) (at ./Library/PackageCache/com.unity.inputsystem@21a28c3a6c83/InputSystem/Plugins/UI/InputSystemUIInputModule.cs:490)
UnityEngine.InputSystem.UI.InputSystemUIInputModule:Process () (at ./Library/PackageCache/com.unity.inputsystem@21a28c3a6c83/InputSystem/Plugins/UI/InputSystemUIInputModule.cs:2404)
UnityEngine.EventSystems.EventSystem:Update () (at ./Library/PackageCache/com.unity.ugui@4f9b15fd1386/Runtime/UGUI/EventSystem/EventSystem.cs:516)

(Filename: Assets/Script/Skittle.cs Line: 43)

ピン 7 番を再配置します。
UnityEngine.Debug:ExtractStackTraceNoAlloc (byte*,int,string)
UnityEngine.StackTraceUtility:ExtractStackTrace ()
UnityEngine.DebugLogHandler:Internal_Log (UnityEngine.LogType,UnityEngine.LogOption,string,UnityEngine.Object)
UnityEngine.DebugLogHandler:LogFormat (UnityEngine.LogType,UnityEngine.Object,string,object[])
UnityEngine.Logger:Log (UnityEngine.LogType,object)
UnityEngine.Debug:Log (object)
Skittle:StandUp () (at Assets/Script/Skittle.cs:43)
GameManager:OnNextTurnButtonPressed () (at Assets/Script/GameManager.cs:201)
UnityEngine.Events.InvokableCall:Invoke ()
UnityEngine.Events.UnityEvent:Invoke ()
UnityEngine.UI.Button:Press () (at ./Library/PackageCache/com.unity.ugui@4f9b15fd1386/Runtime/UGUI/UI/Core/Button.cs:71)
UnityEngine.UI.Button:OnPointerClick (UnityEngine.EventSystems.PointerEventData) (at ./Library/PackageCache/com.unity.ugui@4f9b15fd1386/Runtime/UGUI/UI/Core/Button.cs:115)
UnityEngine.EventSystems.ExecuteEvents:Execute (UnityEngine.EventSystems.IPointerClickHandler,UnityEngine.EventSystems.BaseEventData) (at ./Library/PackageCache/com.unity.ugui@4f9b15fd1386/Runtime/UGUI/EventSystem/ExecuteEvents.cs:57)
UnityEngine.EventSystems.ExecuteEvents:Execute<UnityEngine.EventSystems.IPointerClickHandler> (UnityEngine.GameObject,UnityEngine.EventSystems.BaseEventData,UnityEngine.EventSystems.ExecuteEvents/EventFunction`1<UnityEngine.EventSystems.IPointerClickHandler>) (at ./Library/PackageCache/com.unity.ugui@4f9b15fd1386/Runtime/UGUI/EventSystem/ExecuteEvents.cs:272)
UnityEngine.InputSystem.UI.InputSystemUIInputModule:ProcessPointerButton (UnityEngine.InputSystem.UI.PointerModel/ButtonState&,UnityEngine.EventSystems.PointerEventData) (at ./Library/PackageCache/com.unity.inputsystem@21a28c3a6c83/InputSystem/Plugins/UI/InputSystemUIInputModule.cs:731)
UnityEngine.InputSystem.UI.InputSystemUIInputModule:ProcessPointer (UnityEngine.InputSystem.UI.PointerModel&) (at ./Library/PackageCache/com.unity.inputsystem@21a28c3a6c83/InputSystem/Plugins/UI/InputSystemUIInputModule.cs:490)
UnityEngine.InputSystem.UI.InputSystemUIInputModule:Process () (at ./Library/PackageCache/com.unity.inputsystem@21a28c3a6c83/InputSystem/Plugins/UI/InputSystemUIInputModule.cs:2404)
UnityEngine.EventSystems.EventSystem:Update () (at ./Library/PackageCache/com.unity.ugui@4f9b15fd1386/Runtime/UGUI/EventSystem/EventSystem.cs:516)

(Filename: Assets/Script/Skittle.cs Line: 43)

ピン 8 番を再配置します。
UnityEngine.Debug:ExtractStackTraceNoAlloc (byte*,int,string)
UnityEngine.StackTraceUtility:ExtractStackTrace ()
UnityEngine.DebugLogHandler:Internal_Log (UnityEngine.LogType,UnityEngine.LogOption,string,UnityEngine.Object)
UnityEngine.DebugLogHandler:LogFormat (UnityEngine.LogType,UnityEngine.Object,string,object[])
UnityEngine.Logger:Log (UnityEngine.LogType,object)
UnityEngine.Debug:Log (object)
Skittle:StandUp () (at Assets/Script/Skittle.cs:43)
GameManager:OnNextTurnButtonPressed () (at Assets/Script/GameManager.cs:201)
UnityEngine.Events.InvokableCall:Invoke ()
UnityEngine.Events.UnityEvent:Invoke ()
UnityEngine.UI.Button:Press () (at ./Library/PackageCache/com.unity.ugui@4f9b15fd1386/Runtime/UGUI/UI/Core/Button.cs:71)
UnityEngine.UI.Button:OnPointerClick (UnityEngine.EventSystems.PointerEventData) (at ./Library/PackageCache/com.unity.ugui@4f9b15fd1386/Runtime/UGUI/UI/Core/Button.cs:115)
UnityEngine.EventSystems.ExecuteEvents:Execute (UnityEngine.EventSystems.IPointerClickHandler,UnityEngine.EventSystems.BaseEventData) (at ./Library/PackageCache/com.unity.ugui@4f9b15fd1386/Runtime/UGUI/EventSystem/ExecuteEvents.cs:57)
UnityEngine.EventSystems.ExecuteEvents:Execute<UnityEngine.EventSystems.IPointerClickHandler> (UnityEngine.GameObject,UnityEngine.EventSystems.BaseEventData,UnityEngine.EventSystems.ExecuteEvents/EventFunction`1<UnityEngine.EventSystems.IPointerClickHandler>) (at ./Library/PackageCache/com.unity.ugui@4f9b15fd1386/Runtime/UGUI/EventSystem/ExecuteEvents.cs:272)
UnityEngine.InputSystem.UI.InputSystemUIInputModule:ProcessPointerButton (UnityEngine.InputSystem.UI.PointerModel/ButtonState&,UnityEngine.EventSystems.PointerEventData) (at ./Library/PackageCache/com.unity.inputsystem@21a28c3a6c83/InputSystem/Plugins/UI/InputSystemUIInputModule.cs:731)
UnityEngine.InputSystem.UI.InputSystemUIInputModule:ProcessPointer (UnityEngine.InputSystem.UI.PointerModel&) (at ./Library/PackageCache/com.unity.inputsystem@21a28c3a6c83/InputSystem/Plugins/UI/InputSystemUIInputModule.cs:490)
UnityEngine.InputSystem.UI.InputSystemUIInputModule:Process () (at ./Library/PackageCache/com.unity.inputsystem@21a28c3a6c83/InputSystem/Plugins/UI/InputSystemUIInputModule.cs:2404)
UnityEngine.EventSystems.EventSystem:Update () (at ./Library/PackageCache/com.unity.ugui@4f9b15fd1386/Runtime/UGUI/EventSystem/EventSystem.cs:516)

(Filename: Assets/Script/Skittle.cs Line: 43)

ピン 9 番を再配置します。
UnityEngine.Debug:ExtractStackTraceNoAlloc (byte*,int,string)
UnityEngine.StackTraceUtility:ExtractStackTrace ()
UnityEngine.DebugLogHandler:Internal_Log (UnityEngine.LogType,UnityEngine.LogOption,string,UnityEngine.Object)
UnityEngine.DebugLogHandler:LogFormat (UnityEngine.LogType,UnityEngine.Object,string,object[])
UnityEngine.Logger:Log (UnityEngine.LogType,object)
UnityEngine.Debug:Log (object)
Skittle:StandUp () (at Assets/Script/Skittle.cs:43)
GameManager:OnNextTurnButtonPressed () (at Assets/Script/GameManager.cs:201)
UnityEngine.Events.InvokableCall:Invoke ()
UnityEngine.Events.UnityEvent:Invoke ()
UnityEngine.UI.Button:Press () (at ./Library/PackageCache/com.unity.ugui@4f9b15fd1386/Runtime/UGUI/UI/Core/Button.cs:71)
UnityEngine.UI.Button:OnPointerClick (UnityEngine.EventSystems.PointerEventData) (at ./Library/PackageCache/com.unity.ugui@4f9b15fd1386/Runtime/UGUI/UI/Core/Button.cs:115)
UnityEngine.EventSystems.ExecuteEvents:Execute (UnityEngine.EventSystems.IPointerClickHandler,UnityEngine.EventSystems.BaseEventData) (at ./Library/PackageCache/com.unity.ugui@4f9b15fd1386/Runtime/UGUI/EventSystem/ExecuteEvents.cs:57)
UnityEngine.EventSystems.ExecuteEvents:Execute<UnityEngine.EventSystems.IPointerClickHandler> (UnityEngine.GameObject,UnityEngine.EventSystems.BaseEventData,UnityEngine.EventSystems.ExecuteEvents/EventFunction`1<UnityEngine.EventSystems.IPointerClickHandler>) (at ./Library/PackageCache/com.unity.ugui@4f9b15fd1386/Runtime/UGUI/EventSystem/ExecuteEvents.cs:272)
UnityEngine.InputSystem.UI.InputSystemUIInputModule:ProcessPointerButton (UnityEngine.InputSystem.UI.PointerModel/ButtonState&,UnityEngine.EventSystems.PointerEventData) (at ./Library/PackageCache/com.unity.inputsystem@21a28c3a6c83/InputSystem/Plugins/UI/InputSystemUIInputModule.cs:731)
UnityEngine.InputSystem.UI.InputSystemUIInputModule:ProcessPointer (UnityEngine.InputSystem.UI.PointerModel&) (at ./Library/PackageCache/com.unity.inputsystem@21a28c3a6c83/InputSystem/Plugins/UI/InputSystemUIInputModule.cs:490)
UnityEngine.InputSystem.UI.InputSystemUIInputModule:Process () (at ./Library/PackageCache/com.unity.inputsystem@21a28c3a6c83/InputSystem/Plugins/UI/InputSystemUIInputModule.cs:2404)
UnityEngine.EventSystems.EventSystem:Update () (at ./Library/PackageCache/com.unity.ugui@4f9b15fd1386/Runtime/UGUI/EventSystem/EventSystem.cs:516)

(Filename: Assets/Script/Skittle.cs Line: 43)

ピン 10 番を再配置します。
UnityEngine.Debug:ExtractStackTraceNoAlloc (byte*,int,string)
UnityEngine.StackTraceUtility:ExtractStackTrace ()
UnityEngine.DebugLogHandler:Internal_Log (UnityEngine.LogType,UnityEngine.LogOption,string,UnityEngine.Object)
UnityEngine.DebugLogHandler:LogFormat (UnityEngine.LogType,UnityEngine.Object,string,object[])
UnityEngine.Logger:Log (UnityEngine.LogType,object)
UnityEngine.Debug:Log (object)
Skittle:StandUp () (at Assets/Script/Skittle.cs:43)
GameManager:OnNextTurnButtonPressed () (at Assets/Script/GameManager.cs:201)
UnityEngine.Events.InvokableCall:Invoke ()
UnityEngine.Events.UnityEvent:Invoke ()
UnityEngine.UI.Button:Press () (at ./Library/PackageCache/com.unity.ugui@4f9b15fd1386/Runtime/UGUI/UI/Core/Button.cs:71)
UnityEngine.UI.Button:OnPointerClick (UnityEngine.EventSystems.PointerEventData) (at ./Library/PackageCache/com.unity.ugui@4f9b15fd1386/Runtime/UGUI/UI/Core/Button.cs:115)
UnityEngine.EventSystems.ExecuteEvents:Execute (UnityEngine.EventSystems.IPointerClickHandler,UnityEngine.EventSystems.BaseEventData) (at ./Library/PackageCache/com.unity.ugui@4f9b15fd1386/Runtime/UGUI/EventSystem/ExecuteEvents.cs:57)
UnityEngine.EventSystems.ExecuteEvents:Execute<UnityEngine.EventSystems.IPointerClickHandler> (UnityEngine.GameObject,UnityEngine.EventSystems.BaseEventData,UnityEngine.EventSystems.ExecuteEvents/EventFunction`1<UnityEngine.EventSystems.IPointerClickHandler>) (at ./Library/PackageCache/com.unity.ugui@4f9b15fd1386/Runtime/UGUI/EventSystem/ExecuteEvents.cs:272)
UnityEngine.InputSystem.UI.InputSystemUIInputModule:ProcessPointerButton (UnityEngine.InputSystem.UI.PointerModel/ButtonState&,UnityEngine.EventSystems.PointerEventData) (at ./Library/PackageCache/com.unity.inputsystem@21a28c3a6c83/InputSystem/Plugins/UI/InputSystemUIInputModule.cs:731)
UnityEngine.InputSystem.UI.InputSystemUIInputModule:ProcessPointer (UnityEngine.InputSystem.UI.PointerModel&) (at ./Library/PackageCache/com.unity.inputsystem@21a28c3a6c83/InputSystem/Plugins/UI/InputSystemUIInputModule.cs:490)
UnityEngine.InputSystem.UI.InputSystemUIInputModule:Process () (at ./Library/PackageCache/com.unity.inputsystem@21a28c3a6c83/InputSystem/Plugins/UI/InputSystemUIInputModule.cs:2404)
UnityEngine.EventSystems.EventSystem:Update () (at ./Library/PackageCache/com.unity.ugui@4f9b15fd1386/Runtime/UGUI/EventSystem/EventSystem.cs:516)

(Filename: Assets/Script/Skittle.cs Line: 43)

ピン 11 番を再配置します。
UnityEngine.Debug:ExtractStackTraceNoAlloc (byte*,int,string)
UnityEngine.StackTraceUtility:ExtractStackTrace ()
UnityEngine.DebugLogHandler:Internal_Log (UnityEngine.LogType,UnityEngine.LogOption,string,UnityEngine.Object)
UnityEngine.DebugLogHandler:LogFormat (UnityEngine.LogType,UnityEngine.Object,string,object[])
UnityEngine.Logger:Log (UnityEngine.LogType,object)
UnityEngine.Debug:Log (object)
Skittle:StandUp () (at Assets/Script/Skittle.cs:43)
GameManager:OnNextTurnButtonPressed () (at Assets/Script/GameManager.cs:201)
UnityEngine.Events.InvokableCall:Invoke ()
UnityEngine.Events.UnityEvent:Invoke ()
UnityEngine.UI.Button:Press () (at ./Library/PackageCache/com.unity.ugui@4f9b15fd1386/Runtime/UGUI/UI/Core/Button.cs:71)
UnityEngine.UI.Button:OnPointerClick (UnityEngine.EventSystems.PointerEventData) (at ./Library/PackageCache/com.unity.ugui@4f9b15fd1386/Runtime/UGUI/UI/Core/Button.cs:115)
UnityEngine.EventSystems.ExecuteEvents:Execute (UnityEngine.EventSystems.IPointerClickHandler,UnityEngine.EventSystems.BaseEventData) (at ./Library/PackageCache/com.unity.ugui@4f9b15fd1386/Runtime/UGUI/EventSystem/ExecuteEvents.cs:57)
UnityEngine.EventSystems.ExecuteEvents:Execute<UnityEngine.EventSystems.IPointerClickHandler> (UnityEngine.GameObject,UnityEngine.EventSystems.BaseEventData,UnityEngine.EventSystems.ExecuteEvents/EventFunction`1<UnityEngine.EventSystems.IPointerClickHandler>) (at ./Library/PackageCache/com.unity.ugui@4f9b15fd1386/Runtime/UGUI/EventSystem/ExecuteEvents.cs:272)
UnityEngine.InputSystem.UI.InputSystemUIInputModule:ProcessPointerButton (UnityEngine.InputSystem.UI.PointerModel/ButtonState&,UnityEngine.EventSystems.PointerEventData) (at ./Library/PackageCache/com.unity.inputsystem@21a28c3a6c83/InputSystem/Plugins/UI/InputSystemUIInputModule.cs:731)
UnityEngine.InputSystem.UI.InputSystemUIInputModule:ProcessPointer (UnityEngine.InputSystem.UI.PointerModel&) (at ./Library/PackageCache/com.unity.inputsystem@21a28c3a6c83/InputSystem/Plugins/UI/InputSystemUIInputModule.cs:490)
UnityEngine.InputSystem.UI.InputSystemUIInputModule:Process () (at ./Library/PackageCache/com.unity.inputsystem@21a28c3a6c83/InputSystem/Plugins/UI/InputSystemUIInputModule.cs:2404)
UnityEngine.EventSystems.EventSystem:Update () (at ./Library/PackageCache/com.unity.ugui@4f9b15fd1386/Runtime/UGUI/EventSystem/EventSystem.cs:516)

(Filename: Assets/Script/Skittle.cs Line: 43)

ピン 12 番を再配置します。
UnityEngine.Debug:ExtractStackTraceNoAlloc (byte*,int,string)
UnityEngine.StackTraceUtility:ExtractStackTrace ()
UnityEngine.DebugLogHandler:Internal_Log (UnityEngine.LogType,UnityEngine.LogOption,string,UnityEngine.Object)
UnityEngine.DebugLogHandler:LogFormat (UnityEngine.LogType,UnityEngine.Object,string,object[])
UnityEngine.Logger:Log (UnityEngine.LogType,object)
UnityEngine.Debug:Log (object)
Skittle:StandUp () (at Assets/Script/Skittle.cs:43)
GameManager:OnNextTurnButtonPressed () (at Assets/Script/GameManager.cs:201)
UnityEngine.Events.InvokableCall:Invoke ()
UnityEngine.Events.UnityEvent:Invoke ()
UnityEngine.UI.Button:Press () (at ./Library/PackageCache/com.unity.ugui@4f9b15fd1386/Runtime/UGUI/UI/Core/Button.cs:71)
UnityEngine.UI.Button:OnPointerClick (UnityEngine.EventSystems.PointerEventData) (at ./Library/PackageCache/com.unity.ugui@4f9b15fd1386/Runtime/UGUI/UI/Core/Button.cs:115)
UnityEngine.EventSystems.ExecuteEvents:Execute (UnityEngine.EventSystems.IPointerClickHandler,UnityEngine.EventSystems.BaseEventData) (at ./Library/PackageCache/com.unity.ugui@4f9b15fd1386/Runtime/UGUI/EventSystem/ExecuteEvents.cs:57)
UnityEngine.EventSystems.ExecuteEvents:Execute<UnityEngine.EventSystems.IPointerClickHandler> (UnityEngine.GameObject,UnityEngine.EventSystems.BaseEventData,UnityEngine.EventSystems.ExecuteEvents/EventFunction`1<UnityEngine.EventSystems.IPointerClickHandler>) (at ./Library/PackageCache/com.unity.ugui@4f9b15fd1386/Runtime/UGUI/EventSystem/ExecuteEvents.cs:272)
UnityEngine.InputSystem.UI.InputSystemUIInputModule:ProcessPointerButton (UnityEngine.InputSystem.UI.PointerModel/ButtonState&,UnityEngine.EventSystems.PointerEventData) (at ./Library/PackageCache/com.unity.inputsystem@21a28c3a6c83/InputSystem/Plugins/UI/InputSystemUIInputModule.cs:731)
UnityEngine.InputSystem.UI.InputSystemUIInputModule:ProcessPointer (UnityEngine.InputSystem.UI.PointerModel&) (at ./Library/PackageCache/com.unity.inputsystem@21a28c3a6c83/InputSystem/Plugins/UI/InputSystemUIInputModule.cs:490)
UnityEngine.InputSystem.UI.InputSystemUIInputModule:Process () (at ./Library/PackageCache/com.unity.inputsystem@21a28c3a6c83/InputSystem/Plugins/UI/InputSystemUIInputModule.cs:2404)
UnityEngine.EventSystems.EventSystem:Update () (at ./Library/PackageCache/com.unity.ugui@4f9b15fd1386/Runtime/UGUI/EventSystem/EventSystem.cs:516)

(Filename: Assets/Script/Skittle.cs Line: 43)

ターン交代完了！次のプレイヤー: Player 1
UnityEngine.Debug:ExtractStackTraceNoAlloc (byte*,int,string)
UnityEngine.StackTraceUtility:ExtractStackTrace ()
UnityEngine.DebugLogHandler:Internal_Log (UnityEngine.LogType,UnityEngine.LogOption,string,UnityEngine.Object)
UnityEngine.DebugLogHandler:LogFormat (UnityEngine.LogType,UnityEngine.Object,string,object[])
UnityEngine.Logger:Log (UnityEngine.LogType,object)
UnityEngine.Debug:Log (object)
GameManager:OnNextTurnButtonPressed () (at Assets/Script/GameManager.cs:215)
UnityEngine.Events.InvokableCall:Invoke ()
UnityEngine.Events.UnityEvent:Invoke ()
UnityEngine.UI.Button:Press () (at ./Library/PackageCache/com.unity.ugui@4f9b15fd1386/Runtime/UGUI/UI/Core/Button.cs:71)
UnityEngine.UI.Button:OnPointerClick (UnityEngine.EventSystems.PointerEventData) (at ./Library/PackageCache/com.unity.ugui@4f9b15fd1386/Runtime/UGUI/UI/Core/Button.cs:115)
UnityEngine.EventSystems.ExecuteEvents:Execute (UnityEngine.EventSystems.IPointerClickHandler,UnityEngine.EventSystems.BaseEventData) (at ./Library/PackageCache/com.unity.ugui@4f9b15fd1386/Runtime/UGUI/EventSystem/ExecuteEvents.cs:57)
UnityEngine.EventSystems.ExecuteEvents:Execute<UnityEngine.EventSystems.IPointerClickHandler> (UnityEngine.GameObject,UnityEngine.EventSystems.BaseEventData,UnityEngine.EventSystems.ExecuteEvents/EventFunction`1<UnityEngine.EventSystems.IPointerClickHandler>) (at ./Library/PackageCache/com.unity.ugui@4f9b15fd1386/Runtime/UGUI/EventSystem/ExecuteEvents.cs:272)
UnityEngine.InputSystem.UI.InputSystemUIInputModule:ProcessPointerButton (UnityEngine.InputSystem.UI.PointerModel/ButtonState&,UnityEngine.EventSystems.PointerEventData) (at ./Library/PackageCache/com.unity.inputsystem@21a28c3a6c83/InputSystem/Plugins/UI/InputSystemUIInputModule.cs:731)
UnityEngine.InputSystem.UI.InputSystemUIInputModule:ProcessPointer (UnityEngine.InputSystem.UI.PointerModel&) (at ./Library/PackageCache/com.unity.inputsystem@21a28c3a6c83/InputSystem/Plugins/UI/InputSystemUIInputModule.cs:490)
UnityEngine.InputSystem.UI.InputSystemUIInputModule:Process () (at ./Library/PackageCache/com.unity.inputsystem@21a28c3a6c83/InputSystem/Plugins/UI/InputSystemUIInputModule.cs:2404)
UnityEngine.EventSystems.EventSystem:Update () (at ./Library/PackageCache/com.unity.ugui@4f9b15fd1386/Runtime/UGUI/EventSystem/EventSystem.cs:516)

(Filename: Assets/Script/GameManager.cs Line: 215)

--- Player 1 の投擲終了：得点計算開始 ---
UnityEngine.Debug:ExtractStackTraceNoAlloc (byte*,int,string)
UnityEngine.StackTraceUtility:ExtractStackTrace ()
UnityEngine.DebugLogHandler:Internal_Log (UnityEngine.LogType,UnityEngine.LogOption,string,UnityEngine.Object)
UnityEngine.DebugLogHandler:LogFormat (UnityEngine.LogType,UnityEngine.Object,string,object[])
UnityEngine.Logger:Log (UnityEngine.LogType,object)
UnityEngine.Debug:Log (object)
GameManager/<TurnEndRoutine>d__20:MoveNext () (at Assets/Script/GameManager.cs:106)
UnityEngine.SetupCoroutine:InvokeMoveNext (System.Collections.IEnumerator,intptr)

(Filename: Assets/Script/GameManager.cs Line: 106)

Player 1: ミス！1本も倒せませんでした。
UnityEngine.Debug:ExtractStackTraceNoAlloc (byte*,int,string)
UnityEngine.StackTraceUtility:ExtractStackTrace ()
UnityEngine.DebugLogHandler:Internal_Log (UnityEngine.LogType,UnityEngine.LogOption,string,UnityEngine.Object)
UnityEngine.DebugLogHandler:LogFormat (UnityEngine.LogType,UnityEngine.Object,string,object[])
UnityEngine.Logger:Log (UnityEngine.LogType,object)
UnityEngine.Debug:Log (object)
GameManager/<TurnEndRoutine>d__20:MoveNext () (at Assets/Script/GameManager.cs:138)
UnityEngine.SetupCoroutine:InvokeMoveNext (System.Collections.IEnumerator,intptr)

(Filename: Assets/Script/GameManager.cs Line: 138)

ピン 1 番を再配置します。
UnityEngine.Debug:ExtractStackTraceNoAlloc (byte*,int,string)
UnityEngine.StackTraceUtility:ExtractStackTrace ()
UnityEngine.DebugLogHandler:Internal_Log (UnityEngine.LogType,UnityEngine.LogOption,string,UnityEngine.Object)
UnityEngine.DebugLogHandler:LogFormat (UnityEngine.LogType,UnityEngine.Object,string,object[])
UnityEngine.Logger:Log (UnityEngine.LogType,object)
UnityEngine.Debug:Log (object)
Skittle:StandUp () (at Assets/Script/Skittle.cs:43)
GameManager:OnNextTurnButtonPressed () (at Assets/Script/GameManager.cs:201)
UnityEngine.Events.InvokableCall:Invoke ()
UnityEngine.Events.UnityEvent:Invoke ()
UnityEngine.UI.Button:Press () (at ./Library/PackageCache/com.unity.ugui@4f9b15fd1386/Runtime/UGUI/UI/Core/Button.cs:71)
UnityEngine.UI.Button:OnPointerClick (UnityEngine.EventSystems.PointerEventData) (at ./Library/PackageCache/com.unity.ugui@4f9b15fd1386/Runtime/UGUI/UI/Core/Button.cs:115)
UnityEngine.EventSystems.ExecuteEvents:Execute (UnityEngine.EventSystems.IPointerClickHandler,UnityEngine.EventSystems.BaseEventData) (at ./Library/PackageCache/com.unity.ugui@4f9b15fd1386/Runtime/UGUI/EventSystem/ExecuteEvents.cs:57)
UnityEngine.EventSystems.ExecuteEvents:Execute<UnityEngine.EventSystems.IPointerClickHandler> (UnityEngine.GameObject,UnityEngine.EventSystems.BaseEventData,UnityEngine.EventSystems.ExecuteEvents/EventFunction`1<UnityEngine.EventSystems.IPointerClickHandler>) (at ./Library/PackageCache/com.unity.ugui@4f9b15fd1386/Runtime/UGUI/EventSystem/ExecuteEvents.cs:272)
UnityEngine.InputSystem.UI.InputSystemUIInputModule:ProcessPointerButton (UnityEngine.InputSystem.UI.PointerModel/ButtonState&,UnityEngine.EventSystems.PointerEventData) (at ./Library/PackageCache/com.unity.inputsystem@21a28c3a6c83/InputSystem/Plugins/UI/InputSystemUIInputModule.cs:731)
UnityEngine.InputSystem.UI.InputSystemUIInputModule:ProcessPointer (UnityEngine.InputSystem.UI.PointerModel&) (at ./Library/PackageCache/com.unity.inputsystem@21a28c3a6c83/InputSystem/Plugins/UI/InputSystemUIInputModule.cs:490)
UnityEngine.InputSystem.UI.InputSystemUIInputModule:Process () (at ./Library/PackageCache/com.unity.inputsystem@21a28c3a6c83/InputSystem/Plugins/UI/InputSystemUIInputModule.cs:2404)
UnityEngine.EventSystems.EventSystem:Update () (at ./Library/PackageCache/com.unity.ugui@4f9b15fd1386/Runtime/UGUI/EventSystem/EventSystem.cs:516)

(Filename: Assets/Script/Skittle.cs Line: 43)

ピン 2 番を再配置します。
UnityEngine.Debug:ExtractStackTraceNoAlloc (byte*,int,string)
UnityEngine.StackTraceUtility:ExtractStackTrace ()
UnityEngine.DebugLogHandler:Internal_Log (UnityEngine.LogType,UnityEngine.LogOption,string,UnityEngine.Object)
UnityEngine.DebugLogHandler:LogFormat (UnityEngine.LogType,UnityEngine.Object,string,object[])
UnityEngine.Logger:Log (UnityEngine.LogType,object)
UnityEngine.Debug:Log (object)
Skittle:StandUp () (at Assets/Script/Skittle.cs:43)
GameManager:OnNextTurnButtonPressed () (at Assets/Script/GameManager.cs:201)
UnityEngine.Events.InvokableCall:Invoke ()
UnityEngine.Events.UnityEvent:Invoke ()
UnityEngine.UI.Button:Press () (at ./Library/PackageCache/com.unity.ugui@4f9b15fd1386/Runtime/UGUI/UI/Core/Button.cs:71)
UnityEngine.UI.Button:OnPointerClick (UnityEngine.EventSystems.PointerEventData) (at ./Library/PackageCache/com.unity.ugui@4f9b15fd1386/Runtime/UGUI/UI/Core/Button.cs:115)
UnityEngine.EventSystems.ExecuteEvents:Execute (UnityEngine.EventSystems.IPointerClickHandler,UnityEngine.EventSystems.BaseEventData) (at ./Library/PackageCache/com.unity.ugui@4f9b15fd1386/Runtime/UGUI/EventSystem/ExecuteEvents.cs:57)
UnityEngine.EventSystems.ExecuteEvents:Execute<UnityEngine.EventSystems.IPointerClickHandler> (UnityEngine.GameObject,UnityEngine.EventSystems.BaseEventData,UnityEngine.EventSystems.ExecuteEvents/EventFunction`1<UnityEngine.EventSystems.IPointerClickHandler>) (at ./Library/PackageCache/com.unity.ugui@4f9b15fd1386/Runtime/UGUI/EventSystem/ExecuteEvents.cs:272)
UnityEngine.InputSystem.UI.InputSystemUIInputModule:ProcessPointerButton (UnityEngine.InputSystem.UI.PointerModel/ButtonState&,UnityEngine.EventSystems.PointerEventData) (at ./Library/PackageCache/com.unity.inputsystem@21a28c3a6c83/InputSystem/Plugins/UI/InputSystemUIInputModule.cs:731)
UnityEngine.InputSystem.UI.InputSystemUIInputModule:ProcessPointer (UnityEngine.InputSystem.UI.PointerModel&) (at ./Library/PackageCache/com.unity.inputsystem@21a28c3a6c83/InputSystem/Plugins/UI/InputSystemUIInputModule.cs:490)
UnityEngine.InputSystem.UI.InputSystemUIInputModule:Process () (at ./Library/PackageCache/com.unity.inputsystem@21a28c3a6c83/InputSystem/Plugins/UI/InputSystemUIInputModule.cs:2404)
UnityEngine.EventSystems.EventSystem:Update () (at ./Library/PackageCache/com.unity.ugui@4f9b15fd1386/Runtime/UGUI/EventSystem/EventSystem.cs:516)

(Filename: Assets/Script/Skittle.cs Line: 43)

ピン 3 番を再配置します。
UnityEngine.Debug:ExtractStackTraceNoAlloc (byte*,int,string)
UnityEngine.StackTraceUtility:ExtractStackTrace ()
UnityEngine.DebugLogHandler:Internal_Log (UnityEngine.LogType,UnityEngine.LogOption,string,UnityEngine.Object)
UnityEngine.DebugLogHandler:LogFormat (UnityEngine.LogType,UnityEngine.Object,string,object[])
UnityEngine.Logger:Log (UnityEngine.LogType,object)
UnityEngine.Debug:Log (object)
Skittle:StandUp () (at Assets/Script/Skittle.cs:43)
GameManager:OnNextTurnButtonPressed () (at Assets/Script/GameManager.cs:201)
UnityEngine.Events.InvokableCall:Invoke ()
UnityEngine.Events.UnityEvent:Invoke ()
UnityEngine.UI.Button:Press () (at ./Library/PackageCache/com.unity.ugui@4f9b15fd1386/Runtime/UGUI/UI/Core/Button.cs:71)
UnityEngine.UI.Button:OnPointerClick (UnityEngine.EventSystems.PointerEventData) (at ./Library/PackageCache/com.unity.ugui@4f9b15fd1386/Runtime/UGUI/UI/Core/Button.cs:115)
UnityEngine.EventSystems.ExecuteEvents:Execute (UnityEngine.EventSystems.IPointerClickHandler,UnityEngine.EventSystems.BaseEventData) (at ./Library/PackageCache/com.unity.ugui@4f9b15fd1386/Runtime/UGUI/EventSystem/ExecuteEvents.cs:57)
UnityEngine.EventSystems.ExecuteEvents:Execute<UnityEngine.EventSystems.IPointerClickHandler> (UnityEngine.GameObject,UnityEngine.EventSystems.BaseEventData,UnityEngine.EventSystems.ExecuteEvents/EventFunction`1<UnityEngine.EventSystems.IPointerClickHandler>) (at ./Library/PackageCache/com.unity.ugui@4f9b15fd1386/Runtime/UGUI/EventSystem/ExecuteEvents.cs:272)
UnityEngine.InputSystem.UI.InputSystemUIInputModule:ProcessPointerButton (UnityEngine.InputSystem.UI.PointerModel/ButtonState&,UnityEngine.EventSystems.PointerEventData) (at ./Library/PackageCache/com.unity.inputsystem@21a28c3a6c83/InputSystem/Plugins/UI/InputSystemUIInputModule.cs:731)
UnityEngine.InputSystem.UI.InputSystemUIInputModule:ProcessPointer (UnityEngine.InputSystem.UI.PointerModel&) (at ./Library/PackageCache/com.unity.inputsystem@21a28c3a6c83/InputSystem/Plugins/UI/InputSystemUIInputModule.cs:490)
UnityEngine.InputSystem.UI.InputSystemUIInputModule:Process () (at ./Library/PackageCache/com.unity.inputsystem@21a28c3a6c83/InputSystem/Plugins/UI/InputSystemUIInputModule.cs:2404)
UnityEngine.EventSystems.EventSystem:Update () (at ./Library/PackageCache/com.unity.ugui@4f9b15fd1386/Runtime/UGUI/EventSystem/EventSystem.cs:516)

(Filename: Assets/Script/Skittle.cs Line: 43)

ピン 4 番を再配置します。
UnityEngine.Debug:ExtractStackTraceNoAlloc (byte*,int,string)
UnityEngine.StackTraceUtility:ExtractStackTrace ()
UnityEngine.DebugLogHandler:Internal_Log (UnityEngine.LogType,UnityEngine.LogOption,string,UnityEngine.Object)
UnityEngine.DebugLogHandler:LogFormat (UnityEngine.LogType,UnityEngine.Object,string,object[])
UnityEngine.Logger:Log (UnityEngine.LogType,object)
UnityEngine.Debug:Log (object)
Skittle:StandUp () (at Assets/Script/Skittle.cs:43)
GameManager:OnNextTurnButtonPressed () (at Assets/Script/GameManager.cs:201)
UnityEngine.Events.InvokableCall:Invoke ()
UnityEngine.Events.UnityEvent:Invoke ()
UnityEngine.UI.Button:Press () (at ./Library/PackageCache/com.unity.ugui@4f9b15fd1386/Runtime/UGUI/UI/Core/Button.cs:71)
UnityEngine.UI.Button:OnPointerClick (UnityEngine.EventSystems.PointerEventData) (at ./Library/PackageCache/com.unity.ugui@4f9b15fd1386/Runtime/UGUI/UI/Core/Button.cs:115)
UnityEngine.EventSystems.ExecuteEvents:Execute (UnityEngine.EventSystems.IPointerClickHandler,UnityEngine.EventSystems.BaseEventData) (at ./Library/PackageCache/com.unity.ugui@4f9b15fd1386/Runtime/UGUI/EventSystem/ExecuteEvents.cs:57)
UnityEngine.EventSystems.ExecuteEvents:Execute<UnityEngine.EventSystems.IPointerClickHandler> (UnityEngine.GameObject,UnityEngine.EventSystems.BaseEventData,UnityEngine.EventSystems.ExecuteEvents/EventFunction`1<UnityEngine.EventSystems.IPointerClickHandler>) (at ./Library/PackageCache/com.unity.ugui@4f9b15fd1386/Runtime/UGUI/EventSystem/ExecuteEvents.cs:272)
UnityEngine.InputSystem.UI.InputSystemUIInputModule:ProcessPointerButton (UnityEngine.InputSystem.UI.PointerModel/ButtonState&,UnityEngine.EventSystems.PointerEventData) (at ./Library/PackageCache/com.unity.inputsystem@21a28c3a6c83/InputSystem/Plugins/UI/InputSystemUIInputModule.cs:731)
UnityEngine.InputSystem.UI.InputSystemUIInputModule:ProcessPointer (UnityEngine.InputSystem.UI.PointerModel&) (at ./Library/PackageCache/com.unity.inputsystem@21a28c3a6c83/InputSystem/Plugins/UI/InputSystemUIInputModule.cs:490)
UnityEngine.InputSystem.UI.InputSystemUIInputModule:Process () (at ./Library/PackageCache/com.unity.inputsystem@21a28c3a6c83/InputSystem/Plugins/UI/InputSystemUIInputModule.cs:2404)
UnityEngine.EventSystems.EventSystem:Update () (at ./Library/PackageCache/com.unity.ugui@4f9b15fd1386/Runtime/UGUI/EventSystem/EventSystem.cs:516)

(Filename: Assets/Script/Skittle.cs Line: 43)

ピン 5 番を再配置します。
UnityEngine.Debug:ExtractStackTraceNoAlloc (byte*,int,string)
UnityEngine.StackTraceUtility:ExtractStackTrace ()
UnityEngine.DebugLogHandler:Internal_Log (UnityEngine.LogType,UnityEngine.LogOption,string,UnityEngine.Object)
UnityEngine.DebugLogHandler:LogFormat (UnityEngine.LogType,UnityEngine.Object,string,object[])
UnityEngine.Logger:Log (UnityEngine.LogType,object)
UnityEngine.Debug:Log (object)
Skittle:StandUp () (at Assets/Script/Skittle.cs:43)
GameManager:OnNextTurnButtonPressed () (at Assets/Script/GameManager.cs:201)
UnityEngine.Events.InvokableCall:Invoke ()
UnityEngine.Events.UnityEvent:Invoke ()
UnityEngine.UI.Button:Press () (at ./Library/PackageCache/com.unity.ugui@4f9b15fd1386/Runtime/UGUI/UI/Core/Button.cs:71)
UnityEngine.UI.Button:OnPointerClick (UnityEngine.EventSystems.PointerEventData) (at ./Library/PackageCache/com.unity.ugui@4f9b15fd1386/Runtime/UGUI/UI/Core/Button.cs:115)
UnityEngine.EventSystems.ExecuteEvents:Execute (UnityEngine.EventSystems.IPointerClickHandler,UnityEngine.EventSystems.BaseEventData) (at ./Library/PackageCache/com.unity.ugui@4f9b15fd1386/Runtime/UGUI/EventSystem/ExecuteEvents.cs:57)
UnityEngine.EventSystems.ExecuteEvents:Execute<UnityEngine.EventSystems.IPointerClickHandler> (UnityEngine.GameObject,UnityEngine.EventSystems.BaseEventData,UnityEngine.EventSystems.ExecuteEvents/EventFunction`1<UnityEngine.EventSystems.IPointerClickHandler>) (at ./Library/PackageCache/com.unity.ugui@4f9b15fd1386/Runtime/UGUI/EventSystem/ExecuteEvents.cs:272)
UnityEngine.InputSystem.UI.InputSystemUIInputModule:ProcessPointerButton (UnityEngine.InputSystem.UI.PointerModel/ButtonState&,UnityEngine.EventSystems.PointerEventData) (at ./Library/PackageCache/com.unity.inputsystem@21a28c3a6c83/InputSystem/Plugins/UI/InputSystemUIInputModule.cs:731)
UnityEngine.InputSystem.UI.InputSystemUIInputModule:ProcessPointer (UnityEngine.InputSystem.UI.PointerModel&) (at ./Library/PackageCache/com.unity.inputsystem@21a28c3a6c83/InputSystem/Plugins/UI/InputSystemUIInputModule.cs:490)
UnityEngine.InputSystem.UI.InputSystemUIInputModule:Process () (at ./Library/PackageCache/com.unity.inputsystem@21a28c3a6c83/InputSystem/Plugins/UI/InputSystemUIInputModule.cs:2404)
UnityEngine.EventSystems.EventSystem:Update () (at ./Library/PackageCache/com.unity.ugui@4f9b15fd1386/Runtime/UGUI/EventSystem/EventSystem.cs:516)

(Filename: Assets/Script/Skittle.cs Line: 43)

ピン 6 番を再配置します。
UnityEngine.Debug:ExtractStackTraceNoAlloc (byte*,int,string)
UnityEngine.StackTraceUtility:ExtractStackTrace ()
UnityEngine.DebugLogHandler:Internal_Log (UnityEngine.LogType,UnityEngine.LogOption,string,UnityEngine.Object)
UnityEngine.DebugLogHandler:LogFormat (UnityEngine.LogType,UnityEngine.Object,string,object[])
UnityEngine.Logger:Log (UnityEngine.LogType,object)
UnityEngine.Debug:Log (object)
Skittle:StandUp () (at Assets/Script/Skittle.cs:43)
GameManager:OnNextTurnButtonPressed () (at Assets/Script/GameManager.cs:201)
UnityEngine.Events.InvokableCall:Invoke ()
UnityEngine.Events.UnityEvent:Invoke ()
UnityEngine.UI.Button:Press () (at ./Library/PackageCache/com.unity.ugui@4f9b15fd1386/Runtime/UGUI/UI/Core/Button.cs:71)
UnityEngine.UI.Button:OnPointerClick (UnityEngine.EventSystems.PointerEventData) (at ./Library/PackageCache/com.unity.ugui@4f9b15fd1386/Runtime/UGUI/UI/Core/Button.cs:115)
UnityEngine.EventSystems.ExecuteEvents:Execute (UnityEngine.EventSystems.IPointerClickHandler,UnityEngine.EventSystems.BaseEventData) (at ./Library/PackageCache/com.unity.ugui@4f9b15fd1386/Runtime/UGUI/EventSystem/ExecuteEvents.cs:57)
UnityEngine.EventSystems.ExecuteEvents:Execute<UnityEngine.EventSystems.IPointerClickHandler> (UnityEngine.GameObject,UnityEngine.EventSystems.BaseEventData,UnityEngine.EventSystems.ExecuteEvents/EventFunction`1<UnityEngine.EventSystems.IPointerClickHandler>) (at ./Library/PackageCache/com.unity.ugui@4f9b15fd1386/Runtime/UGUI/EventSystem/ExecuteEvents.cs:272)
UnityEngine.InputSystem.UI.InputSystemUIInputModule:ProcessPointerButton (UnityEngine.InputSystem.UI.PointerModel/ButtonState&,UnityEngine.EventSystems.PointerEventData) (at ./Library/PackageCache/com.unity.inputsystem@21a28c3a6c83/InputSystem/Plugins/UI/InputSystemUIInputModule.cs:731)
UnityEngine.InputSystem.UI.InputSystemUIInputModule:ProcessPointer (UnityEngine.InputSystem.UI.PointerModel&) (at ./Library/PackageCache/com.unity.inputsystem@21a28c3a6c83/InputSystem/Plugins/UI/InputSystemUIInputModule.cs:490)
UnityEngine.InputSystem.UI.InputSystemUIInputModule:Process () (at ./Library/PackageCache/com.unity.inputsystem@21a28c3a6c83/InputSystem/Plugins/UI/InputSystemUIInputModule.cs:2404)
UnityEngine.EventSystems.EventSystem:Update () (at ./Library/PackageCache/com.unity.ugui@4f9b15fd1386/Runtime/UGUI/EventSystem/EventSystem.cs:516)

(Filename: Assets/Script/Skittle.cs Line: 43)

ピン 7 番を再配置します。
UnityEngine.Debug:ExtractStackTraceNoAlloc (byte*,int,string)
UnityEngine.StackTraceUtility:ExtractStackTrace ()
UnityEngine.DebugLogHandler:Internal_Log (UnityEngine.LogType,UnityEngine.LogOption,string,UnityEngine.Object)
UnityEngine.DebugLogHandler:LogFormat (UnityEngine.LogType,UnityEngine.Object,string,object[])
UnityEngine.Logger:Log (UnityEngine.LogType,object)
UnityEngine.Debug:Log (object)
Skittle:StandUp () (at Assets/Script/Skittle.cs:43)
GameManager:OnNextTurnButtonPressed () (at Assets/Script/GameManager.cs:201)
UnityEngine.Events.InvokableCall:Invoke ()
UnityEngine.Events.UnityEvent:Invoke ()
UnityEngine.UI.Button:Press () (at ./Library/PackageCache/com.unity.ugui@4f9b15fd1386/Runtime/UGUI/UI/Core/Button.cs:71)
UnityEngine.UI.Button:OnPointerClick (UnityEngine.EventSystems.PointerEventData) (at ./Library/PackageCache/com.unity.ugui@4f9b15fd1386/Runtime/UGUI/UI/Core/Button.cs:115)
UnityEngine.EventSystems.ExecuteEvents:Execute (UnityEngine.EventSystems.IPointerClickHandler,UnityEngine.EventSystems.BaseEventData) (at ./Library/PackageCache/com.unity.ugui@4f9b15fd1386/Runtime/UGUI/EventSystem/ExecuteEvents.cs:57)
UnityEngine.EventSystems.ExecuteEvents:Execute<UnityEngine.EventSystems.IPointerClickHandler> (UnityEngine.GameObject,UnityEngine.EventSystems.BaseEventData,UnityEngine.EventSystems.ExecuteEvents/EventFunction`1<UnityEngine.EventSystems.IPointerClickHandler>) (at ./Library/PackageCache/com.unity.ugui@4f9b15fd1386/Runtime/UGUI/EventSystem/ExecuteEvents.cs:272)
UnityEngine.InputSystem.UI.InputSystemUIInputModule:ProcessPointerButton (UnityEngine.InputSystem.UI.PointerModel/ButtonState&,UnityEngine.EventSystems.PointerEventData) (at ./Library/PackageCache/com.unity.inputsystem@21a28c3a6c83/InputSystem/Plugins/UI/InputSystemUIInputModule.cs:731)
UnityEngine.InputSystem.UI.InputSystemUIInputModule:ProcessPointer (UnityEngine.InputSystem.UI.PointerModel&) (at ./Library/PackageCache/com.unity.inputsystem@21a28c3a6c83/InputSystem/Plugins/UI/InputSystemUIInputModule.cs:490)
UnityEngine.InputSystem.UI.InputSystemUIInputModule:Process () (at ./Library/PackageCache/com.unity.inputsystem@21a28c3a6c83/InputSystem/Plugins/UI/InputSystemUIInputModule.cs:2404)
UnityEngine.EventSystems.EventSystem:Update () (at ./Library/PackageCache/com.unity.ugui@4f9b15fd1386/Runtime/UGUI/EventSystem/EventSystem.cs:516)

(Filename: Assets/Script/Skittle.cs Line: 43)

ピン 8 番を再配置します。
UnityEngine.Debug:ExtractStackTraceNoAlloc (byte*,int,string)
UnityEngine.StackTraceUtility:ExtractStackTrace ()
UnityEngine.DebugLogHandler:Internal_Log (UnityEngine.LogType,UnityEngine.LogOption,string,UnityEngine.Object)
UnityEngine.DebugLogHandler:LogFormat (UnityEngine.LogType,UnityEngine.Object,string,object[])
UnityEngine.Logger:Log (UnityEngine.LogType,object)
UnityEngine.Debug:Log (object)
Skittle:StandUp () (at Assets/Script/Skittle.cs:43)
GameManager:OnNextTurnButtonPressed () (at Assets/Script/GameManager.cs:201)
UnityEngine.Events.InvokableCall:Invoke ()
UnityEngine.Events.UnityEvent:Invoke ()
UnityEngine.UI.Button:Press () (at ./Library/PackageCache/com.unity.ugui@4f9b15fd1386/Runtime/UGUI/UI/Core/Button.cs:71)
UnityEngine.UI.Button:OnPointerClick (UnityEngine.EventSystems.PointerEventData) (at ./Library/PackageCache/com.unity.ugui@4f9b15fd1386/Runtime/UGUI/UI/Core/Button.cs:115)
UnityEngine.EventSystems.ExecuteEvents:Execute (UnityEngine.EventSystems.IPointerClickHandler,UnityEngine.EventSystems.BaseEventData) (at ./Library/PackageCache/com.unity.ugui@4f9b15fd1386/Runtime/UGUI/EventSystem/ExecuteEvents.cs:57)
UnityEngine.EventSystems.ExecuteEvents:Execute<UnityEngine.EventSystems.IPointerClickHandler> (UnityEngine.GameObject,UnityEngine.EventSystems.BaseEventData,UnityEngine.EventSystems.ExecuteEvents/EventFunction`1<UnityEngine.EventSystems.IPointerClickHandler>) (at ./Library/PackageCache/com.unity.ugui@4f9b15fd1386/Runtime/UGUI/EventSystem/ExecuteEvents.cs:272)
UnityEngine.InputSystem.UI.InputSystemUIInputModule:ProcessPointerButton (UnityEngine.InputSystem.UI.PointerModel/ButtonState&,UnityEngine.EventSystems.PointerEventData) (at ./Library/PackageCache/com.unity.inputsystem@21a28c3a6c83/InputSystem/Plugins/UI/InputSystemUIInputModule.cs:731)
UnityEngine.InputSystem.UI.InputSystemUIInputModule:ProcessPointer (UnityEngine.InputSystem.UI.PointerModel&) (at ./Library/PackageCache/com.unity.inputsystem@21a28c3a6c83/InputSystem/Plugins/UI/InputSystemUIInputModule.cs:490)
UnityEngine.InputSystem.UI.InputSystemUIInputModule:Process () (at ./Library/PackageCache/com.unity.inputsystem@21a28c3a6c83/InputSystem/Plugins/UI/InputSystemUIInputModule.cs:2404)
UnityEngine.EventSystems.EventSystem:Update () (at ./Library/PackageCache/com.unity.ugui@4f9b15fd1386/Runtime/UGUI/EventSystem/EventSystem.cs:516)

(Filename: Assets/Script/Skittle.cs Line: 43)

ピン 9 番を再配置します。
UnityEngine.Debug:ExtractStackTraceNoAlloc (byte*,int,string)
UnityEngine.StackTraceUtility:ExtractStackTrace ()
UnityEngine.DebugLogHandler:Internal_Log (UnityEngine.LogType,UnityEngine.LogOption,string,UnityEngine.Object)
UnityEngine.DebugLogHandler:LogFormat (UnityEngine.LogType,UnityEngine.Object,string,object[])
UnityEngine.Logger:Log (UnityEngine.LogType,object)
UnityEngine.Debug:Log (object)
Skittle:StandUp () (at Assets/Script/Skittle.cs:43)
GameManager:OnNextTurnButtonPressed () (at Assets/Script/GameManager.cs:201)
UnityEngine.Events.InvokableCall:Invoke ()
UnityEngine.Events.UnityEvent:Invoke ()
UnityEngine.UI.Button:Press () (at ./Library/PackageCache/com.unity.ugui@4f9b15fd1386/Runtime/UGUI/UI/Core/Button.cs:71)
UnityEngine.UI.Button:OnPointerClick (UnityEngine.EventSystems.PointerEventData) (at ./Library/PackageCache/com.unity.ugui@4f9b15fd1386/Runtime/UGUI/UI/Core/Button.cs:115)
UnityEngine.EventSystems.ExecuteEvents:Execute (UnityEngine.EventSystems.IPointerClickHandler,UnityEngine.EventSystems.BaseEventData) (at ./Library/PackageCache/com.unity.ugui@4f9b15fd1386/Runtime/UGUI/EventSystem/ExecuteEvents.cs:57)
UnityEngine.EventSystems.ExecuteEvents:Execute<UnityEngine.EventSystems.IPointerClickHandler> (UnityEngine.GameObject,UnityEngine.EventSystems.BaseEventData,UnityEngine.EventSystems.ExecuteEvents/EventFunction`1<UnityEngine.EventSystems.IPointerClickHandler>) (at ./Library/PackageCache/com.unity.ugui@4f9b15fd1386/Runtime/UGUI/EventSystem/ExecuteEvents.cs:272)
UnityEngine.InputSystem.UI.InputSystemUIInputModule:ProcessPointerButton (UnityEngine.InputSystem.UI.PointerModel/ButtonState&,UnityEngine.EventSystems.PointerEventData) (at ./Library/PackageCache/com.unity.inputsystem@21a28c3a6c83/InputSystem/Plugins/UI/InputSystemUIInputModule.cs:731)
UnityEngine.InputSystem.UI.InputSystemUIInputModule:ProcessPointer (UnityEngine.InputSystem.UI.PointerModel&) (at ./Library/PackageCache/com.unity.inputsystem@21a28c3a6c83/InputSystem/Plugins/UI/InputSystemUIInputModule.cs:490)
UnityEngine.InputSystem.UI.InputSystemUIInputModule:Process () (at ./Library/PackageCache/com.unity.inputsystem@21a28c3a6c83/InputSystem/Plugins/UI/InputSystemUIInputModule.cs:2404)
UnityEngine.EventSystems.EventSystem:Update () (at ./Library/PackageCache/com.unity.ugui@4f9b15fd1386/Runtime/UGUI/EventSystem/EventSystem.cs:516)

(Filename: Assets/Script/Skittle.cs Line: 43)

ピン 10 番を再配置します。
UnityEngine.Debug:ExtractStackTraceNoAlloc (byte*,int,string)
UnityEngine.StackTraceUtility:ExtractStackTrace ()
UnityEngine.DebugLogHandler:Internal_Log (UnityEngine.LogType,UnityEngine.LogOption,string,UnityEngine.Object)
UnityEngine.DebugLogHandler:LogFormat (UnityEngine.LogType,UnityEngine.Object,string,object[])
UnityEngine.Logger:Log (UnityEngine.LogType,object)
UnityEngine.Debug:Log (object)
Skittle:StandUp () (at Assets/Script/Skittle.cs:43)
GameManager:OnNextTurnButtonPressed () (at Assets/Script/GameManager.cs:201)
UnityEngine.Events.InvokableCall:Invoke ()
UnityEngine.Events.UnityEvent:Invoke ()
UnityEngine.UI.Button:Press () (at ./Library/PackageCache/com.unity.ugui@4f9b15fd1386/Runtime/UGUI/UI/Core/Button.cs:71)
UnityEngine.UI.Button:OnPointerClick (UnityEngine.EventSystems.PointerEventData) (at ./Library/PackageCache/com.unity.ugui@4f9b15fd1386/Runtime/UGUI/UI/Core/Button.cs:115)
UnityEngine.EventSystems.ExecuteEvents:Execute (UnityEngine.EventSystems.IPointerClickHandler,UnityEngine.EventSystems.BaseEventData) (at ./Library/PackageCache/com.unity.ugui@4f9b15fd1386/Runtime/UGUI/EventSystem/ExecuteEvents.cs:57)
UnityEngine.EventSystems.ExecuteEvents:Execute<UnityEngine.EventSystems.IPointerClickHandler> (UnityEngine.GameObject,UnityEngine.EventSystems.BaseEventData,UnityEngine.EventSystems.ExecuteEvents/EventFunction`1<UnityEngine.EventSystems.IPointerClickHandler>) (at ./Library/PackageCache/com.unity.ugui@4f9b15fd1386/Runtime/UGUI/EventSystem/ExecuteEvents.cs:272)
UnityEngine.InputSystem.UI.InputSystemUIInputModule:ProcessPointerButton (UnityEngine.InputSystem.UI.PointerModel/ButtonState&,UnityEngine.EventSystems.PointerEventData) (at ./Library/PackageCache/com.unity.inputsystem@21a28c3a6c83/InputSystem/Plugins/UI/InputSystemUIInputModule.cs:731)
UnityEngine.InputSystem.UI.InputSystemUIInputModule:ProcessPointer (UnityEngine.InputSystem.UI.PointerModel&) (at ./Library/PackageCache/com.unity.inputsystem@21a28c3a6c83/InputSystem/Plugins/UI/InputSystemUIInputModule.cs:490)
UnityEngine.InputSystem.UI.InputSystemUIInputModule:Process () (at ./Library/PackageCache/com.unity.inputsystem@21a28c3a6c83/InputSystem/Plugins/UI/InputSystemUIInputModule.cs:2404)
UnityEngine.EventSystems.EventSystem:Update () (at ./Library/PackageCache/com.unity.ugui@4f9b15fd1386/Runtime/UGUI/EventSystem/EventSystem.cs:516)

(Filename: Assets/Script/Skittle.cs Line: 43)

ピン 11 番を再配置します。
UnityEngine.Debug:ExtractStackTraceNoAlloc (byte*,int,string)
UnityEngine.StackTraceUtility:ExtractStackTrace ()
UnityEngine.DebugLogHandler:Internal_Log (UnityEngine.LogType,UnityEngine.LogOption,string,UnityEngine.Object)
UnityEngine.DebugLogHandler:LogFormat (UnityEngine.LogType,UnityEngine.Object,string,object[])
UnityEngine.Logger:Log (UnityEngine.LogType,object)
UnityEngine.Debug:Log (object)
Skittle:StandUp () (at Assets/Script/Skittle.cs:43)
GameManager:OnNextTurnButtonPressed () (at Assets/Script/GameManager.cs:201)
UnityEngine.Events.InvokableCall:Invoke ()
UnityEngine.Events.UnityEvent:Invoke ()
UnityEngine.UI.Button:Press () (at ./Library/PackageCache/com.unity.ugui@4f9b15fd1386/Runtime/UGUI/UI/Core/Button.cs:71)
UnityEngine.UI.Button:OnPointerClick (UnityEngine.EventSystems.PointerEventData) (at ./Library/PackageCache/com.unity.ugui@4f9b15fd1386/Runtime/UGUI/UI/Core/Button.cs:115)
UnityEngine.EventSystems.ExecuteEvents:Execute (UnityEngine.EventSystems.IPointerClickHandler,UnityEngine.EventSystems.BaseEventData) (at ./Library/PackageCache/com.unity.ugui@4f9b15fd1386/Runtime/UGUI/EventSystem/ExecuteEvents.cs:57)
UnityEngine.EventSystems.ExecuteEvents:Execute<UnityEngine.EventSystems.IPointerClickHandler> (UnityEngine.GameObject,UnityEngine.EventSystems.BaseEventData,UnityEngine.EventSystems.ExecuteEvents/EventFunction`1<UnityEngine.EventSystems.IPointerClickHandler>) (at ./Library/PackageCache/com.unity.ugui@4f9b15fd1386/Runtime/UGUI/EventSystem/ExecuteEvents.cs:272)
UnityEngine.InputSystem.UI.InputSystemUIInputModule:ProcessPointerButton (UnityEngine.InputSystem.UI.PointerModel/ButtonState&,UnityEngine.EventSystems.PointerEventData) (at ./Library/PackageCache/com.unity.inputsystem@21a28c3a6c83/InputSystem/Plugins/UI/InputSystemUIInputModule.cs:731)
UnityEngine.InputSystem.UI.InputSystemUIInputModule:ProcessPointer (UnityEngine.InputSystem.UI.PointerModel&) (at ./Library/PackageCache/com.unity.inputsystem@21a28c3a6c83/InputSystem/Plugins/UI/InputSystemUIInputModule.cs:490)
UnityEngine.InputSystem.UI.InputSystemUIInputModule:Process () (at ./Library/PackageCache/com.unity.inputsystem@21a28c3a6c83/InputSystem/Plugins/UI/InputSystemUIInputModule.cs:2404)
UnityEngine.EventSystems.EventSystem:Update () (at ./Library/PackageCache/com.unity.ugui@4f9b15fd1386/Runtime/UGUI/EventSystem/EventSystem.cs:516)

(Filename: Assets/Script/Skittle.cs Line: 43)

ピン 12 番を再配置します。
UnityEngine.Debug:ExtractStackTraceNoAlloc (byte*,int,string)
UnityEngine.StackTraceUtility:ExtractStackTrace ()
UnityEngine.DebugLogHandler:Internal_Log (UnityEngine.LogType,UnityEngine.LogOption,string,UnityEngine.Object)
UnityEngine.DebugLogHandler:LogFormat (UnityEngine.LogType,UnityEngine.Object,string,object[])
UnityEngine.Logger:Log (UnityEngine.LogType,object)
UnityEngine.Debug:Log (object)
Skittle:StandUp () (at Assets/Script/Skittle.cs:43)
GameManager:OnNextTurnButtonPressed () (at Assets/Script/GameManager.cs:201)
UnityEngine.Events.InvokableCall:Invoke ()
UnityEngine.Events.UnityEvent:Invoke ()
UnityEngine.UI.Button:Press () (at ./Library/PackageCache/com.unity.ugui@4f9b15fd1386/Runtime/UGUI/UI/Core/Button.cs:71)
UnityEngine.UI.Button:OnPointerClick (UnityEngine.EventSystems.PointerEventData) (at ./Library/PackageCache/com.unity.ugui@4f9b15fd1386/Runtime/UGUI/UI/Core/Button.cs:115)
UnityEngine.EventSystems.ExecuteEvents:Execute (UnityEngine.EventSystems.IPointerClickHandler,UnityEngine.EventSystems.BaseEventData) (at ./Library/PackageCache/com.unity.ugui@4f9b15fd1386/Runtime/UGUI/EventSystem/ExecuteEvents.cs:57)
UnityEngine.EventSystems.ExecuteEvents:Execute<UnityEngine.EventSystems.IPointerClickHandler> (UnityEngine.GameObject,UnityEngine.EventSystems.BaseEventData,UnityEngine.EventSystems.ExecuteEvents/EventFunction`1<UnityEngine.EventSystems.IPointerClickHandler>) (at ./Library/PackageCache/com.unity.ugui@4f9b15fd1386/Runtime/UGUI/EventSystem/ExecuteEvents.cs:272)
UnityEngine.InputSystem.UI.InputSystemUIInputModule:ProcessPointerButton (UnityEngine.InputSystem.UI.PointerModel/ButtonState&,UnityEngine.EventSystems.PointerEventData) (at ./Library/PackageCache/com.unity.inputsystem@21a28c3a6c83/InputSystem/Plugins/UI/InputSystemUIInputModule.cs:731)
UnityEngine.InputSystem.UI.InputSystemUIInputModule:ProcessPointer (UnityEngine.InputSystem.UI.PointerModel&) (at ./Library/PackageCache/com.unity.inputsystem@21a28c3a6c83/InputSystem/Plugins/UI/InputSystemUIInputModule.cs:490)
UnityEngine.InputSystem.UI.InputSystemUIInputModule:Process () (at ./Library/PackageCache/com.unity.inputsystem@21a28c3a6c83/InputSystem/Plugins/UI/InputSystemUIInputModule.cs:2404)
UnityEngine.EventSystems.EventSystem:Update () (at ./Library/PackageCache/com.unity.ugui@4f9b15fd1386/Runtime/UGUI/EventSystem/EventSystem.cs:516)

(Filename: Assets/Script/Skittle.cs Line: 43)

ターン交代完了！次のプレイヤー: Player 2
UnityEngine.Debug:ExtractStackTraceNoAlloc (byte*,int,string)
UnityEngine.StackTraceUtility:ExtractStackTrace ()
UnityEngine.DebugLogHandler:Internal_Log (UnityEngine.LogType,UnityEngine.LogOption,string,UnityEngine.Object)
UnityEngine.DebugLogHandler:LogFormat (UnityEngine.LogType,UnityEngine.Object,string,object[])
UnityEngine.Logger:Log (UnityEngine.LogType,object)
UnityEngine.Debug:Log (object)
GameManager:OnNextTurnButtonPressed () (at Assets/Script/GameManager.cs:215)
UnityEngine.Events.InvokableCall:Invoke ()
UnityEngine.Events.UnityEvent:Invoke ()
UnityEngine.UI.Button:Press () (at ./Library/PackageCache/com.unity.ugui@4f9b15fd1386/Runtime/UGUI/UI/Core/Button.cs:71)
UnityEngine.UI.Button:OnPointerClick (UnityEngine.EventSystems.PointerEventData) (at ./Library/PackageCache/com.unity.ugui@4f9b15fd1386/Runtime/UGUI/UI/Core/Button.cs:115)
UnityEngine.EventSystems.ExecuteEvents:Execute (UnityEngine.EventSystems.IPointerClickHandler,UnityEngine.EventSystems.BaseEventData) (at ./Library/PackageCache/com.unity.ugui@4f9b15fd1386/Runtime/UGUI/EventSystem/ExecuteEvents.cs:57)
UnityEngine.EventSystems.ExecuteEvents:Execute<UnityEngine.EventSystems.IPointerClickHandler> (UnityEngine.GameObject,UnityEngine.EventSystems.BaseEventData,UnityEngine.EventSystems.ExecuteEvents/EventFunction`1<UnityEngine.EventSystems.IPointerClickHandler>) (at ./Library/PackageCache/com.unity.ugui@4f9b15fd1386/Runtime/UGUI/EventSystem/ExecuteEvents.cs:272)
UnityEngine.InputSystem.UI.InputSystemUIInputModule:ProcessPointerButton (UnityEngine.InputSystem.UI.PointerModel/ButtonState&,UnityEngine.EventSystems.PointerEventData) (at ./Library/PackageCache/com.unity.inputsystem@21a28c3a6c83/InputSystem/Plugins/UI/InputSystemUIInputModule.cs:731)
UnityEngine.InputSystem.UI.InputSystemUIInputModule:ProcessPointer (UnityEngine.InputSystem.UI.PointerModel&) (at ./Library/PackageCache/com.unity.inputsystem@21a28c3a6c83/InputSystem/Plugins/UI/InputSystemUIInputModule.cs:490)
UnityEngine.InputSystem.UI.InputSystemUIInputModule:Process () (at ./Library/PackageCache/com.unity.inputsystem@21a28c3a6c83/InputSystem/Plugins/UI/InputSystemUIInputModule.cs:2404)
UnityEngine.EventSystems.EventSystem:Update () (at ./Library/PackageCache/com.unity.ugui@4f9b15fd1386/Runtime/UGUI/EventSystem/EventSystem.cs:516)

(Filename: Assets/Script/GameManager.cs Line: 215)

--- Player 2 の投擲終了：得点計算開始 ---
UnityEngine.Debug:ExtractStackTraceNoAlloc (byte*,int,string)
UnityEngine.StackTraceUtility:ExtractStackTrace ()
UnityEngine.DebugLogHandler:Internal_Log (UnityEngine.LogType,UnityEngine.LogOption,string,UnityEngine.Object)
UnityEngine.DebugLogHandler:LogFormat (UnityEngine.LogType,UnityEngine.Object,string,object[])
UnityEngine.Logger:Log (UnityEngine.LogType,object)
UnityEngine.Debug:Log (object)
GameManager/<TurnEndRoutine>d__20:MoveNext () (at Assets/Script/GameManager.cs:106)
UnityEngine.SetupCoroutine:InvokeMoveNext (System.Collections.IEnumerator,intptr)

(Filename: Assets/Script/GameManager.cs Line: 106)

Player 2: ピン 1 番を倒して 1 点獲得！
UnityEngine.Debug:ExtractStackTraceNoAlloc (byte*,int,string)
UnityEngine.StackTraceUtility:ExtractStackTrace ()
UnityEngine.DebugLogHandler:Internal_Log (UnityEngine.LogType,UnityEngine.LogOption,string,UnityEngine.Object)
UnityEngine.DebugLogHandler:LogFormat (UnityEngine.LogType,UnityEngine.Object,string,object[])
UnityEngine.Logger:Log (UnityEngine.LogType,object)
UnityEngine.Debug:Log (object)
GameManager/<TurnEndRoutine>d__20:MoveNext () (at Assets/Script/GameManager.cs:128)
UnityEngine.SetupCoroutine:InvokeMoveNext (System.Collections.IEnumerator,intptr)

(Filename: Assets/Script/GameManager.cs Line: 128)

ピン 1 番を再配置します。
UnityEngine.Debug:ExtractStackTraceNoAlloc (byte*,int,string)
UnityEngine.StackTraceUtility:ExtractStackTrace ()
UnityEngine.DebugLogHandler:Internal_Log (UnityEngine.LogType,UnityEngine.LogOption,string,UnityEngine.Object)
UnityEngine.DebugLogHandler:LogFormat (UnityEngine.LogType,UnityEngine.Object,string,object[])
UnityEngine.Logger:Log (UnityEngine.LogType,object)
UnityEngine.Debug:Log (object)
Skittle:StandUp () (at Assets/Script/Skittle.cs:43)
GameManager:OnNextTurnButtonPressed () (at Assets/Script/GameManager.cs:201)
UnityEngine.Events.InvokableCall:Invoke ()
UnityEngine.Events.UnityEvent:Invoke ()
UnityEngine.UI.Button:Press () (at ./Library/PackageCache/com.unity.ugui@4f9b15fd1386/Runtime/UGUI/UI/Core/Button.cs:71)
UnityEngine.UI.Button:OnPointerClick (UnityEngine.EventSystems.PointerEventData) (at ./Library/PackageCache/com.unity.ugui@4f9b15fd1386/Runtime/UGUI/UI/Core/Button.cs:115)
UnityEngine.EventSystems.ExecuteEvents:Execute (UnityEngine.EventSystems.IPointerClickHandler,UnityEngine.EventSystems.BaseEventData) (at ./Library/PackageCache/com.unity.ugui@4f9b15fd1386/Runtime/UGUI/EventSystem/ExecuteEvents.cs:57)
UnityEngine.EventSystems.ExecuteEvents:Execute<UnityEngine.EventSystems.IPointerClickHandler> (UnityEngine.GameObject,UnityEngine.EventSystems.BaseEventData,UnityEngine.EventSystems.ExecuteEvents/EventFunction`1<UnityEngine.EventSystems.IPointerClickHandler>) (at ./Library/PackageCache/com.unity.ugui@4f9b15fd1386/Runtime/UGUI/EventSystem/ExecuteEvents.cs:272)
UnityEngine.InputSystem.UI.InputSystemUIInputModule:ProcessPointerButton (UnityEngine.InputSystem.UI.PointerModel/ButtonState&,UnityEngine.EventSystems.PointerEventData) (at ./Library/PackageCache/com.unity.inputsystem@21a28c3a6c83/InputSystem/Plugins/UI/InputSystemUIInputModule.cs:731)
UnityEngine.InputSystem.UI.InputSystemUIInputModule:ProcessPointer (UnityEngine.InputSystem.UI.PointerModel&) (at ./Library/PackageCache/com.unity.inputsystem@21a28c3a6c83/InputSystem/Plugins/UI/InputSystemUIInputModule.cs:490)
UnityEngine.InputSystem.UI.InputSystemUIInputModule:Process () (at ./Library/PackageCache/com.unity.inputsystem@21a28c3a6c83/InputSystem/Plugins/UI/InputSystemUIInputModule.cs:2404)
UnityEngine.EventSystems.EventSystem:Update () (at ./Library/PackageCache/com.unity.ugui@4f9b15fd1386/Runtime/UGUI/EventSystem/EventSystem.cs:516)

(Filename: Assets/Script/Skittle.cs Line: 43)

ピン 2 番を再配置します。
UnityEngine.Debug:ExtractStackTraceNoAlloc (byte*,int,string)
UnityEngine.StackTraceUtility:ExtractStackTrace ()
UnityEngine.DebugLogHandler:Internal_Log (UnityEngine.LogType,UnityEngine.LogOption,string,UnityEngine.Object)
UnityEngine.DebugLogHandler:LogFormat (UnityEngine.LogType,UnityEngine.Object,string,object[])
UnityEngine.Logger:Log (UnityEngine.LogType,object)
UnityEngine.Debug:Log (object)
Skittle:StandUp () (at Assets/Script/Skittle.cs:43)
GameManager:OnNextTurnButtonPressed () (at Assets/Script/GameManager.cs:201)
UnityEngine.Events.InvokableCall:Invoke ()
UnityEngine.Events.UnityEvent:Invoke ()
UnityEngine.UI.Button:Press () (at ./Library/PackageCache/com.unity.ugui@4f9b15fd1386/Runtime/UGUI/UI/Core/Button.cs:71)
UnityEngine.UI.Button:OnPointerClick (UnityEngine.EventSystems.PointerEventData) (at ./Library/PackageCache/com.unity.ugui@4f9b15fd1386/Runtime/UGUI/UI/Core/Button.cs:115)
UnityEngine.EventSystems.ExecuteEvents:Execute (UnityEngine.EventSystems.IPointerClickHandler,UnityEngine.EventSystems.BaseEventData) (at ./Library/PackageCache/com.unity.ugui@4f9b15fd1386/Runtime/UGUI/EventSystem/ExecuteEvents.cs:57)
UnityEngine.EventSystems.ExecuteEvents:Execute<UnityEngine.EventSystems.IPointerClickHandler> (UnityEngine.GameObject,UnityEngine.EventSystems.BaseEventData,UnityEngine.EventSystems.ExecuteEvents/EventFunction`1<UnityEngine.EventSystems.IPointerClickHandler>) (at ./Library/PackageCache/com.unity.ugui@4f9b15fd1386/Runtime/UGUI/EventSystem/ExecuteEvents.cs:272)
UnityEngine.InputSystem.UI.InputSystemUIInputModule:ProcessPointerButton (UnityEngine.InputSystem.UI.PointerModel/ButtonState&,UnityEngine.EventSystems.PointerEventData) (at ./Library/PackageCache/com.unity.inputsystem@21a28c3a6c83/InputSystem/Plugins/UI/InputSystemUIInputModule.cs:731)
UnityEngine.InputSystem.UI.InputSystemUIInputModule:ProcessPointer (UnityEngine.InputSystem.UI.PointerModel&) (at ./Library/PackageCache/com.unity.inputsystem@21a28c3a6c83/InputSystem/Plugins/UI/InputSystemUIInputModule.cs:490)
UnityEngine.InputSystem.UI.InputSystemUIInputModule:Process () (at ./Library/PackageCache/com.unity.inputsystem@21a28c3a6c83/InputSystem/Plugins/UI/InputSystemUIInputModule.cs:2404)
UnityEngine.EventSystems.EventSystem:Update () (at ./Library/PackageCache/com.unity.ugui@4f9b15fd1386/Runtime/UGUI/EventSystem/EventSystem.cs:516)

(Filename: Assets/Script/Skittle.cs Line: 43)

ピン 3 番を再配置します。
UnityEngine.Debug:ExtractStackTraceNoAlloc (byte*,int,string)
UnityEngine.StackTraceUtility:ExtractStackTrace ()
UnityEngine.DebugLogHandler:Internal_Log (UnityEngine.LogType,UnityEngine.LogOption,string,UnityEngine.Object)
UnityEngine.DebugLogHandler:LogFormat (UnityEngine.LogType,UnityEngine.Object,string,object[])
UnityEngine.Logger:Log (UnityEngine.LogType,object)
UnityEngine.Debug:Log (object)
Skittle:StandUp () (at Assets/Script/Skittle.cs:43)
GameManager:OnNextTurnButtonPressed () (at Assets/Script/GameManager.cs:201)
UnityEngine.Events.InvokableCall:Invoke ()
UnityEngine.Events.UnityEvent:Invoke ()
UnityEngine.UI.Button:Press () (at ./Library/PackageCache/com.unity.ugui@4f9b15fd1386/Runtime/UGUI/UI/Core/Button.cs:71)
UnityEngine.UI.Button:OnPointerClick (UnityEngine.EventSystems.PointerEventData) (at ./Library/PackageCache/com.unity.ugui@4f9b15fd1386/Runtime/UGUI/UI/Core/Button.cs:115)
UnityEngine.EventSystems.ExecuteEvents:Execute (UnityEngine.EventSystems.IPointerClickHandler,UnityEngine.EventSystems.BaseEventData) (at ./Library/PackageCache/com.unity.ugui@4f9b15fd1386/Runtime/UGUI/EventSystem/ExecuteEvents.cs:57)
UnityEngine.EventSystems.ExecuteEvents:Execute<UnityEngine.EventSystems.IPointerClickHandler> (UnityEngine.GameObject,UnityEngine.EventSystems.BaseEventData,UnityEngine.EventSystems.ExecuteEvents/EventFunction`1<UnityEngine.EventSystems.IPointerClickHandler>) (at ./Library/PackageCache/com.unity.ugui@4f9b15fd1386/Runtime/UGUI/EventSystem/ExecuteEvents.cs:272)
UnityEngine.InputSystem.UI.InputSystemUIInputModule:ProcessPointerButton (UnityEngine.InputSystem.UI.PointerModel/ButtonState&,UnityEngine.EventSystems.PointerEventData) (at ./Library/PackageCache/com.unity.inputsystem@21a28c3a6c83/InputSystem/Plugins/UI/InputSystemUIInputModule.cs:731)
UnityEngine.InputSystem.UI.InputSystemUIInputModule:ProcessPointer (UnityEngine.InputSystem.UI.PointerModel&) (at ./Library/PackageCache/com.unity.inputsystem@21a28c3a6c83/InputSystem/Plugins/UI/InputSystemUIInputModule.cs:490)
UnityEngine.InputSystem.UI.InputSystemUIInputModule:Process () (at ./Library/PackageCache/com.unity.inputsystem@21a28c3a6c83/InputSystem/Plugins/UI/InputSystemUIInputModule.cs:2404)
UnityEngine.EventSystems.EventSystem:Update () (at ./Library/PackageCache/com.unity.ugui@4f9b15fd1386/Runtime/UGUI/EventSystem/EventSystem.cs:516)

(Filename: Assets/Script/Skittle.cs Line: 43)

ピン 4 番を再配置します。
UnityEngine.Debug:ExtractStackTraceNoAlloc (byte*,int,string)
UnityEngine.StackTraceUtility:ExtractStackTrace ()
UnityEngine.DebugLogHandler:Internal_Log (UnityEngine.LogType,UnityEngine.LogOption,string,UnityEngine.Object)
UnityEngine.DebugLogHandler:LogFormat (UnityEngine.LogType,UnityEngine.Object,string,object[])
UnityEngine.Logger:Log (UnityEngine.LogType,object)
UnityEngine.Debug:Log (object)
Skittle:StandUp () (at Assets/Script/Skittle.cs:43)
GameManager:OnNextTurnButtonPressed () (at Assets/Script/GameManager.cs:201)
UnityEngine.Events.InvokableCall:Invoke ()
UnityEngine.Events.UnityEvent:Invoke ()
UnityEngine.UI.Button:Press () (at ./Library/PackageCache/com.unity.ugui@4f9b15fd1386/Runtime/UGUI/UI/Core/Button.cs:71)
UnityEngine.UI.Button:OnPointerClick (UnityEngine.EventSystems.PointerEventData) (at ./Library/PackageCache/com.unity.ugui@4f9b15fd1386/Runtime/UGUI/UI/Core/Button.cs:115)
UnityEngine.EventSystems.ExecuteEvents:Execute (UnityEngine.EventSystems.IPointerClickHandler,UnityEngine.EventSystems.BaseEventData) (at ./Library/PackageCache/com.unity.ugui@4f9b15fd1386/Runtime/UGUI/EventSystem/ExecuteEvents.cs:57)
UnityEngine.EventSystems.ExecuteEvents:Execute<UnityEngine.EventSystems.IPointerClickHandler> (UnityEngine.GameObject,UnityEngine.EventSystems.BaseEventData,UnityEngine.EventSystems.ExecuteEvents/EventFunction`1<UnityEngine.EventSystems.IPointerClickHandler>) (at ./Library/PackageCache/com.unity.ugui@4f9b15fd1386/Runtime/UGUI/EventSystem/ExecuteEvents.cs:272)
UnityEngine.InputSystem.UI.InputSystemUIInputModule:ProcessPointerButton (UnityEngine.InputSystem.UI.PointerModel/ButtonState&,UnityEngine.EventSystems.PointerEventData) (at ./Library/PackageCache/com.unity.inputsystem@21a28c3a6c83/InputSystem/Plugins/UI/InputSystemUIInputModule.cs:731)
UnityEngine.InputSystem.UI.InputSystemUIInputModule:ProcessPointer (UnityEngine.InputSystem.UI.PointerModel&) (at ./Library/PackageCache/com.unity.inputsystem@21a28c3a6c83/InputSystem/Plugins/UI/InputSystemUIInputModule.cs:490)
UnityEngine.InputSystem.UI.InputSystemUIInputModule:Process () (at ./Library/PackageCache/com.unity.inputsystem@21a28c3a6c83/InputSystem/Plugins/UI/InputSystemUIInputModule.cs:2404)
UnityEngine.EventSystems.EventSystem:Update () (at ./Library/PackageCache/com.unity.ugui@4f9b15fd1386/Runtime/UGUI/EventSystem/EventSystem.cs:516)

(Filename: Assets/Script/Skittle.cs Line: 43)

ピン 5 番を再配置します。
UnityEngine.Debug:ExtractStackTraceNoAlloc (byte*,int,string)
UnityEngine.StackTraceUtility:ExtractStackTrace ()
UnityEngine.DebugLogHandler:Internal_Log (UnityEngine.LogType,UnityEngine.LogOption,string,UnityEngine.Object)
UnityEngine.DebugLogHandler:LogFormat (UnityEngine.LogType,UnityEngine.Object,string,object[])
UnityEngine.Logger:Log (UnityEngine.LogType,object)
UnityEngine.Debug:Log (object)
Skittle:StandUp () (at Assets/Script/Skittle.cs:43)
GameManager:OnNextTurnButtonPressed () (at Assets/Script/GameManager.cs:201)
UnityEngine.Events.InvokableCall:Invoke ()
UnityEngine.Events.UnityEvent:Invoke ()
UnityEngine.UI.Button:Press () (at ./Library/PackageCache/com.unity.ugui@4f9b15fd1386/Runtime/UGUI/UI/Core/Button.cs:71)
UnityEngine.UI.Button:OnPointerClick (UnityEngine.EventSystems.PointerEventData) (at ./Library/PackageCache/com.unity.ugui@4f9b15fd1386/Runtime/UGUI/UI/Core/Button.cs:115)
UnityEngine.EventSystems.ExecuteEvents:Execute (UnityEngine.EventSystems.IPointerClickHandler,UnityEngine.EventSystems.BaseEventData) (at ./Library/PackageCache/com.unity.ugui@4f9b15fd1386/Runtime/UGUI/EventSystem/ExecuteEvents.cs:57)
UnityEngine.EventSystems.ExecuteEvents:Execute<UnityEngine.EventSystems.IPointerClickHandler> (UnityEngine.GameObject,UnityEngine.EventSystems.BaseEventData,UnityEngine.EventSystems.ExecuteEvents/EventFunction`1<UnityEngine.EventSystems.IPointerClickHandler>) (at ./Library/PackageCache/com.unity.ugui@4f9b15fd1386/Runtime/UGUI/EventSystem/ExecuteEvents.cs:272)
UnityEngine.InputSystem.UI.InputSystemUIInputModule:ProcessPointerButton (UnityEngine.InputSystem.UI.PointerModel/ButtonState&,UnityEngine.EventSystems.PointerEventData) (at ./Library/PackageCache/com.unity.inputsystem@21a28c3a6c83/InputSystem/Plugins/UI/InputSystemUIInputModule.cs:731)
UnityEngine.InputSystem.UI.InputSystemUIInputModule:ProcessPointer (UnityEngine.InputSystem.UI.PointerModel&) (at ./Library/PackageCache/com.unity.inputsystem@21a28c3a6c83/InputSystem/Plugins/UI/InputSystemUIInputModule.cs:490)
UnityEngine.InputSystem.UI.InputSystemUIInputModule:Process () (at ./Library/PackageCache/com.unity.inputsystem@21a28c3a6c83/InputSystem/Plugins/UI/InputSystemUIInputModule.cs:2404)
UnityEngine.EventSystems.EventSystem:Update () (at ./Library/PackageCache/com.unity.ugui@4f9b15fd1386/Runtime/UGUI/EventSystem/EventSystem.cs:516)

(Filename: Assets/Script/Skittle.cs Line: 43)

ピン 6 番を再配置します。
UnityEngine.Debug:ExtractStackTraceNoAlloc (byte*,int,string)
UnityEngine.StackTraceUtility:ExtractStackTrace ()
UnityEngine.DebugLogHandler:Internal_Log (UnityEngine.LogType,UnityEngine.LogOption,string,UnityEngine.Object)
UnityEngine.DebugLogHandler:LogFormat (UnityEngine.LogType,UnityEngine.Object,string,object[])
UnityEngine.Logger:Log (UnityEngine.LogType,object)
UnityEngine.Debug:Log (object)
Skittle:StandUp () (at Assets/Script/Skittle.cs:43)
GameManager:OnNextTurnButtonPressed () (at Assets/Script/GameManager.cs:201)
UnityEngine.Events.InvokableCall:Invoke ()
UnityEngine.Events.UnityEvent:Invoke ()
UnityEngine.UI.Button:Press () (at ./Library/PackageCache/com.unity.ugui@4f9b15fd1386/Runtime/UGUI/UI/Core/Button.cs:71)
UnityEngine.UI.Button:OnPointerClick (UnityEngine.EventSystems.PointerEventData) (at ./Library/PackageCache/com.unity.ugui@4f9b15fd1386/Runtime/UGUI/UI/Core/Button.cs:115)
UnityEngine.EventSystems.ExecuteEvents:Execute (UnityEngine.EventSystems.IPointerClickHandler,UnityEngine.EventSystems.BaseEventData) (at ./Library/PackageCache/com.unity.ugui@4f9b15fd1386/Runtime/UGUI/EventSystem/ExecuteEvents.cs:57)
UnityEngine.EventSystems.ExecuteEvents:Execute<UnityEngine.EventSystems.IPointerClickHandler> (UnityEngine.GameObject,UnityEngine.EventSystems.BaseEventData,UnityEngine.EventSystems.ExecuteEvents/EventFunction`1<UnityEngine.EventSystems.IPointerClickHandler>) (at ./Library/PackageCache/com.unity.ugui@4f9b15fd1386/Runtime/UGUI/EventSystem/ExecuteEvents.cs:272)
UnityEngine.InputSystem.UI.InputSystemUIInputModule:ProcessPointerButton (UnityEngine.InputSystem.UI.PointerModel/ButtonState&,UnityEngine.EventSystems.PointerEventData) (at ./Library/PackageCache/com.unity.inputsystem@21a28c3a6c83/InputSystem/Plugins/UI/InputSystemUIInputModule.cs:731)
UnityEngine.InputSystem.UI.InputSystemUIInputModule:ProcessPointer (UnityEngine.InputSystem.UI.PointerModel&) (at ./Library/PackageCache/com.unity.inputsystem@21a28c3a6c83/InputSystem/Plugins/UI/InputSystemUIInputModule.cs:490)
UnityEngine.InputSystem.UI.InputSystemUIInputModule:Process () (at ./Library/PackageCache/com.unity.inputsystem@21a28c3a6c83/InputSystem/Plugins/UI/InputSystemUIInputModule.cs:2404)
UnityEngine.EventSystems.EventSystem:Update () (at ./Library/PackageCache/com.unity.ugui@4f9b15fd1386/Runtime/UGUI/EventSystem/EventSystem.cs:516)

(Filename: Assets/Script/Skittle.cs Line: 43)

ピン 7 番を再配置します。
UnityEngine.Debug:ExtractStackTraceNoAlloc (byte*,int,string)
UnityEngine.StackTraceUtility:ExtractStackTrace ()
UnityEngine.DebugLogHandler:Internal_Log (UnityEngine.LogType,UnityEngine.LogOption,string,UnityEngine.Object)
UnityEngine.DebugLogHandler:LogFormat (UnityEngine.LogType,UnityEngine.Object,string,object[])
UnityEngine.Logger:Log (UnityEngine.LogType,object)
UnityEngine.Debug:Log (object)
Skittle:StandUp () (at Assets/Script/Skittle.cs:43)
GameManager:OnNextTurnButtonPressed () (at Assets/Script/GameManager.cs:201)
UnityEngine.Events.InvokableCall:Invoke ()
UnityEngine.Events.UnityEvent:Invoke ()
UnityEngine.UI.Button:Press () (at ./Library/PackageCache/com.unity.ugui@4f9b15fd1386/Runtime/UGUI/UI/Core/Button.cs:71)
UnityEngine.UI.Button:OnPointerClick (UnityEngine.EventSystems.PointerEventData) (at ./Library/PackageCache/com.unity.ugui@4f9b15fd1386/Runtime/UGUI/UI/Core/Button.cs:115)
UnityEngine.EventSystems.ExecuteEvents:Execute (UnityEngine.EventSystems.IPointerClickHandler,UnityEngine.EventSystems.BaseEventData) (at ./Library/PackageCache/com.unity.ugui@4f9b15fd1386/Runtime/UGUI/EventSystem/ExecuteEvents.cs:57)
UnityEngine.EventSystems.ExecuteEvents:Execute<UnityEngine.EventSystems.IPointerClickHandler> (UnityEngine.GameObject,UnityEngine.EventSystems.BaseEventData,UnityEngine.EventSystems.ExecuteEvents/EventFunction`1<UnityEngine.EventSystems.IPointerClickHandler>) (at ./Library/PackageCache/com.unity.ugui@4f9b15fd1386/Runtime/UGUI/EventSystem/ExecuteEvents.cs:272)
UnityEngine.InputSystem.UI.InputSystemUIInputModule:ProcessPointerButton (UnityEngine.InputSystem.UI.PointerModel/ButtonState&,UnityEngine.EventSystems.PointerEventData) (at ./Library/PackageCache/com.unity.inputsystem@21a28c3a6c83/InputSystem/Plugins/UI/InputSystemUIInputModule.cs:731)
UnityEngine.InputSystem.UI.InputSystemUIInputModule:ProcessPointer (UnityEngine.InputSystem.UI.PointerModel&) (at ./Library/PackageCache/com.unity.inputsystem@21a28c3a6c83/InputSystem/Plugins/UI/InputSystemUIInputModule.cs:490)
UnityEngine.InputSystem.UI.InputSystemUIInputModule:Process () (at ./Library/PackageCache/com.unity.inputsystem@21a28c3a6c83/InputSystem/Plugins/UI/InputSystemUIInputModule.cs:2404)
UnityEngine.EventSystems.EventSystem:Update () (at ./Library/PackageCache/com.unity.ugui@4f9b15fd1386/Runtime/UGUI/EventSystem/EventSystem.cs:516)

(Filename: Assets/Script/Skittle.cs Line: 43)

ピン 8 番を再配置します。
UnityEngine.Debug:ExtractStackTraceNoAlloc (byte*,int,string)
UnityEngine.StackTraceUtility:ExtractStackTrace ()
UnityEngine.DebugLogHandler:Internal_Log (UnityEngine.LogType,UnityEngine.LogOption,string,UnityEngine.Object)
UnityEngine.DebugLogHandler:LogFormat (UnityEngine.LogType,UnityEngine.Object,string,object[])
UnityEngine.Logger:Log (UnityEngine.LogType,object)
UnityEngine.Debug:Log (object)
Skittle:StandUp () (at Assets/Script/Skittle.cs:43)
GameManager:OnNextTurnButtonPressed () (at Assets/Script/GameManager.cs:201)
UnityEngine.Events.InvokableCall:Invoke ()
UnityEngine.Events.UnityEvent:Invoke ()
UnityEngine.UI.Button:Press () (at ./Library/PackageCache/com.unity.ugui@4f9b15fd1386/Runtime/UGUI/UI/Core/Button.cs:71)
UnityEngine.UI.Button:OnPointerClick (UnityEngine.EventSystems.PointerEventData) (at ./Library/PackageCache/com.unity.ugui@4f9b15fd1386/Runtime/UGUI/UI/Core/Button.cs:115)
UnityEngine.EventSystems.ExecuteEvents:Execute (UnityEngine.EventSystems.IPointerClickHandler,UnityEngine.EventSystems.BaseEventData) (at ./Library/PackageCache/com.unity.ugui@4f9b15fd1386/Runtime/UGUI/EventSystem/ExecuteEvents.cs:57)
UnityEngine.EventSystems.ExecuteEvents:Execute<UnityEngine.EventSystems.IPointerClickHandler> (UnityEngine.GameObject,UnityEngine.EventSystems.BaseEventData,UnityEngine.EventSystems.ExecuteEvents/EventFunction`1<UnityEngine.EventSystems.IPointerClickHandler>) (at ./Library/PackageCache/com.unity.ugui@4f9b15fd1386/Runtime/UGUI/EventSystem/ExecuteEvents.cs:272)
UnityEngine.InputSystem.UI.InputSystemUIInputModule:ProcessPointerButton (UnityEngine.InputSystem.UI.PointerModel/ButtonState&,UnityEngine.EventSystems.PointerEventData) (at ./Library/PackageCache/com.unity.inputsystem@21a28c3a6c83/InputSystem/Plugins/UI/InputSystemUIInputModule.cs:731)
UnityEngine.InputSystem.UI.InputSystemUIInputModule:ProcessPointer (UnityEngine.InputSystem.UI.PointerModel&) (at ./Library/PackageCache/com.unity.inputsystem@21a28c3a6c83/InputSystem/Plugins/UI/InputSystemUIInputModule.cs:490)
UnityEngine.InputSystem.UI.InputSystemUIInputModule:Process () (at ./Library/PackageCache/com.unity.inputsystem@21a28c3a6c83/InputSystem/Plugins/UI/InputSystemUIInputModule.cs:2404)
UnityEngine.EventSystems.EventSystem:Update () (at ./Library/PackageCache/com.unity.ugui@4f9b15fd1386/Runtime/UGUI/EventSystem/EventSystem.cs:516)

(Filename: Assets/Script/Skittle.cs Line: 43)

ピン 9 番を再配置します。
UnityEngine.Debug:ExtractStackTraceNoAlloc (byte*,int,string)
UnityEngine.StackTraceUtility:ExtractStackTrace ()
UnityEngine.DebugLogHandler:Internal_Log (UnityEngine.LogType,UnityEngine.LogOption,string,UnityEngine.Object)
UnityEngine.DebugLogHandler:LogFormat (UnityEngine.LogType,UnityEngine.Object,string,object[])
UnityEngine.Logger:Log (UnityEngine.LogType,object)
UnityEngine.Debug:Log (object)
Skittle:StandUp () (at Assets/Script/Skittle.cs:43)
GameManager:OnNextTurnButtonPressed () (at Assets/Script/GameManager.cs:201)
UnityEngine.Events.InvokableCall:Invoke ()
UnityEngine.Events.UnityEvent:Invoke ()
UnityEngine.UI.Button:Press () (at ./Library/PackageCache/com.unity.ugui@4f9b15fd1386/Runtime/UGUI/UI/Core/Button.cs:71)
UnityEngine.UI.Button:OnPointerClick (UnityEngine.EventSystems.PointerEventData) (at ./Library/PackageCache/com.unity.ugui@4f9b15fd1386/Runtime/UGUI/UI/Core/Button.cs:115)
UnityEngine.EventSystems.ExecuteEvents:Execute (UnityEngine.EventSystems.IPointerClickHandler,UnityEngine.EventSystems.BaseEventData) (at ./Library/PackageCache/com.unity.ugui@4f9b15fd1386/Runtime/UGUI/EventSystem/ExecuteEvents.cs:57)
UnityEngine.EventSystems.ExecuteEvents:Execute<UnityEngine.EventSystems.IPointerClickHandler> (UnityEngine.GameObject,UnityEngine.EventSystems.BaseEventData,UnityEngine.EventSystems.ExecuteEvents/EventFunction`1<UnityEngine.EventSystems.IPointerClickHandler>) (at ./Library/PackageCache/com.unity.ugui@4f9b15fd1386/Runtime/UGUI/EventSystem/ExecuteEvents.cs:272)
UnityEngine.InputSystem.UI.InputSystemUIInputModule:ProcessPointerButton (UnityEngine.InputSystem.UI.PointerModel/ButtonState&,UnityEngine.EventSystems.PointerEventData) (at ./Library/PackageCache/com.unity.inputsystem@21a28c3a6c83/InputSystem/Plugins/UI/InputSystemUIInputModule.cs:731)
UnityEngine.InputSystem.UI.InputSystemUIInputModule:ProcessPointer (UnityEngine.InputSystem.UI.PointerModel&) (at ./Library/PackageCache/com.unity.inputsystem@21a28c3a6c83/InputSystem/Plugins/UI/InputSystemUIInputModule.cs:490)
UnityEngine.InputSystem.UI.InputSystemUIInputModule:Process () (at ./Library/PackageCache/com.unity.inputsystem@21a28c3a6c83/InputSystem/Plugins/UI/InputSystemUIInputModule.cs:2404)
UnityEngine.EventSystems.EventSystem:Update () (at ./Library/PackageCache/com.unity.ugui@4f9b15fd1386/Runtime/UGUI/EventSystem/EventSystem.cs:516)

(Filename: Assets/Script/Skittle.cs Line: 43)

ピン 10 番を再配置します。
UnityEngine.Debug:ExtractStackTraceNoAlloc (byte*,int,string)
UnityEngine.StackTraceUtility:ExtractStackTrace ()
UnityEngine.DebugLogHandler:Internal_Log (UnityEngine.LogType,UnityEngine.LogOption,string,UnityEngine.Object)
UnityEngine.DebugLogHandler:LogFormat (UnityEngine.LogType,UnityEngine.Object,string,object[])
UnityEngine.Logger:Log (UnityEngine.LogType,object)
UnityEngine.Debug:Log (object)
Skittle:StandUp () (at Assets/Script/Skittle.cs:43)
GameManager:OnNextTurnButtonPressed () (at Assets/Script/GameManager.cs:201)
UnityEngine.Events.InvokableCall:Invoke ()
UnityEngine.Events.UnityEvent:Invoke ()
UnityEngine.UI.Button:Press () (at ./Library/PackageCache/com.unity.ugui@4f9b15fd1386/Runtime/UGUI/UI/Core/Button.cs:71)
UnityEngine.UI.Button:OnPointerClick (UnityEngine.EventSystems.PointerEventData) (at ./Library/PackageCache/com.unity.ugui@4f9b15fd1386/Runtime/UGUI/UI/Core/Button.cs:115)
UnityEngine.EventSystems.ExecuteEvents:Execute (UnityEngine.EventSystems.IPointerClickHandler,UnityEngine.EventSystems.BaseEventData) (at ./Library/PackageCache/com.unity.ugui@4f9b15fd1386/Runtime/UGUI/EventSystem/ExecuteEvents.cs:57)
UnityEngine.EventSystems.ExecuteEvents:Execute<UnityEngine.EventSystems.IPointerClickHandler> (UnityEngine.GameObject,UnityEngine.EventSystems.BaseEventData,UnityEngine.EventSystems.ExecuteEvents/EventFunction`1<UnityEngine.EventSystems.IPointerClickHandler>) (at ./Library/PackageCache/com.unity.ugui@4f9b15fd1386/Runtime/UGUI/EventSystem/ExecuteEvents.cs:272)
UnityEngine.InputSystem.UI.InputSystemUIInputModule:ProcessPointerButton (UnityEngine.InputSystem.UI.PointerModel/ButtonState&,UnityEngine.EventSystems.PointerEventData) (at ./Library/PackageCache/com.unity.inputsystem@21a28c3a6c83/InputSystem/Plugins/UI/InputSystemUIInputModule.cs:731)
UnityEngine.InputSystem.UI.InputSystemUIInputModule:ProcessPointer (UnityEngine.InputSystem.UI.PointerModel&) (at ./Library/PackageCache/com.unity.inputsystem@21a28c3a6c83/InputSystem/Plugins/UI/InputSystemUIInputModule.cs:490)
UnityEngine.InputSystem.UI.InputSystemUIInputModule:Process () (at ./Library/PackageCache/com.unity.inputsystem@21a28c3a6c83/InputSystem/Plugins/UI/InputSystemUIInputModule.cs:2404)
UnityEngine.EventSystems.EventSystem:Update () (at ./Library/PackageCache/com.unity.ugui@4f9b15fd1386/Runtime/UGUI/EventSystem/EventSystem.cs:516)

(Filename: Assets/Script/Skittle.cs Line: 43)

ピン 11 番を再配置します。
UnityEngine.Debug:ExtractStackTraceNoAlloc (byte*,int,string)
UnityEngine.StackTraceUtility:ExtractStackTrace ()
UnityEngine.DebugLogHandler:Internal_Log (UnityEngine.LogType,UnityEngine.LogOption,string,UnityEngine.Object)
UnityEngine.DebugLogHandler:LogFormat (UnityEngine.LogType,UnityEngine.Object,string,object[])
UnityEngine.Logger:Log (UnityEngine.LogType,object)
UnityEngine.Debug:Log (object)
Skittle:StandUp () (at Assets/Script/Skittle.cs:43)
GameManager:OnNextTurnButtonPressed () (at Assets/Script/GameManager.cs:201)
UnityEngine.Events.InvokableCall:Invoke ()
UnityEngine.Events.UnityEvent:Invoke ()
UnityEngine.UI.Button:Press () (at ./Library/PackageCache/com.unity.ugui@4f9b15fd1386/Runtime/UGUI/UI/Core/Button.cs:71)
UnityEngine.UI.Button:OnPointerClick (UnityEngine.EventSystems.PointerEventData) (at ./Library/PackageCache/com.unity.ugui@4f9b15fd1386/Runtime/UGUI/UI/Core/Button.cs:115)
UnityEngine.EventSystems.ExecuteEvents:Execute (UnityEngine.EventSystems.IPointerClickHandler,UnityEngine.EventSystems.BaseEventData) (at ./Library/PackageCache/com.unity.ugui@4f9b15fd1386/Runtime/UGUI/EventSystem/ExecuteEvents.cs:57)
UnityEngine.EventSystems.ExecuteEvents:Execute<UnityEngine.EventSystems.IPointerClickHandler> (UnityEngine.GameObject,UnityEngine.EventSystems.BaseEventData,UnityEngine.EventSystems.ExecuteEvents/EventFunction`1<UnityEngine.EventSystems.IPointerClickHandler>) (at ./Library/PackageCache/com.unity.ugui@4f9b15fd1386/Runtime/UGUI/EventSystem/ExecuteEvents.cs:272)
UnityEngine.InputSystem.UI.InputSystemUIInputModule:ProcessPointerButton (UnityEngine.InputSystem.UI.PointerModel/ButtonState&,UnityEngine.EventSystems.PointerEventData) (at ./Library/PackageCache/com.unity.inputsystem@21a28c3a6c83/InputSystem/Plugins/UI/InputSystemUIInputModule.cs:731)
UnityEngine.InputSystem.UI.InputSystemUIInputModule:ProcessPointer (UnityEngine.InputSystem.UI.PointerModel&) (at ./Library/PackageCache/com.unity.inputsystem@21a28c3a6c83/InputSystem/Plugins/UI/InputSystemUIInputModule.cs:490)
UnityEngine.InputSystem.UI.InputSystemUIInputModule:Process () (at ./Library/PackageCache/com.unity.inputsystem@21a28c3a6c83/InputSystem/Plugins/UI/InputSystemUIInputModule.cs:2404)
UnityEngine.EventSystems.EventSystem:Update () (at ./Library/PackageCache/com.unity.ugui@4f9b15fd1386/Runtime/UGUI/EventSystem/EventSystem.cs:516)

(Filename: Assets/Script/Skittle.cs Line: 43)

ピン 12 番を再配置します。
UnityEngine.Debug:ExtractStackTraceNoAlloc (byte*,int,string)
UnityEngine.StackTraceUtility:ExtractStackTrace ()
UnityEngine.DebugLogHandler:Internal_Log (UnityEngine.LogType,UnityEngine.LogOption,string,UnityEngine.Object)
UnityEngine.DebugLogHandler:LogFormat (UnityEngine.LogType,UnityEngine.Object,string,object[])
UnityEngine.Logger:Log (UnityEngine.LogType,object)
UnityEngine.Debug:Log (object)
Skittle:StandUp () (at Assets/Script/Skittle.cs:43)
GameManager:OnNextTurnButtonPressed () (at Assets/Script/GameManager.cs:201)
UnityEngine.Events.InvokableCall:Invoke ()
UnityEngine.Events.UnityEvent:Invoke ()
UnityEngine.UI.Button:Press () (at ./Library/PackageCache/com.unity.ugui@4f9b15fd1386/Runtime/UGUI/UI/Core/Button.cs:71)
UnityEngine.UI.Button:OnPointerClick (UnityEngine.EventSystems.PointerEventData) (at ./Library/PackageCache/com.unity.ugui@4f9b15fd1386/Runtime/UGUI/UI/Core/Button.cs:115)
UnityEngine.EventSystems.ExecuteEvents:Execute (UnityEngine.EventSystems.IPointerClickHandler,UnityEngine.EventSystems.BaseEventData) (at ./Library/PackageCache/com.unity.ugui@4f9b15fd1386/Runtime/UGUI/EventSystem/ExecuteEvents.cs:57)
UnityEngine.EventSystems.ExecuteEvents:Execute<UnityEngine.EventSystems.IPointerClickHandler> (UnityEngine.GameObject,UnityEngine.EventSystems.BaseEventData,UnityEngine.EventSystems.ExecuteEvents/EventFunction`1<UnityEngine.EventSystems.IPointerClickHandler>) (at ./Library/PackageCache/com.unity.ugui@4f9b15fd1386/Runtime/UGUI/EventSystem/ExecuteEvents.cs:272)
UnityEngine.InputSystem.UI.InputSystemUIInputModule:ProcessPointerButton (UnityEngine.InputSystem.UI.PointerModel/ButtonState&,UnityEngine.EventSystems.PointerEventData) (at ./Library/PackageCache/com.unity.inputsystem@21a28c3a6c83/InputSystem/Plugins/UI/InputSystemUIInputModule.cs:731)
UnityEngine.InputSystem.UI.InputSystemUIInputModule:ProcessPointer (UnityEngine.InputSystem.UI.PointerModel&) (at ./Library/PackageCache/com.unity.inputsystem@21a28c3a6c83/InputSystem/Plugins/UI/InputSystemUIInputModule.cs:490)
UnityEngine.InputSystem.UI.InputSystemUIInputModule:Process () (at ./Library/PackageCache/com.unity.inputsystem@21a28c3a6c83/InputSystem/Plugins/UI/InputSystemUIInputModule.cs:2404)
UnityEngine.EventSystems.EventSystem:Update () (at ./Library/PackageCache/com.unity.ugui@4f9b15fd1386/Runtime/UGUI/EventSystem/EventSystem.cs:516)

(Filename: Assets/Script/Skittle.cs Line: 43)

ターン交代完了！次のプレイヤー: Player 1
UnityEngine.Debug:ExtractStackTraceNoAlloc (byte*,int,string)
UnityEngine.StackTraceUtility:ExtractStackTrace ()
UnityEngine.DebugLogHandler:Internal_Log (UnityEngine.LogType,UnityEngine.LogOption,string,UnityEngine.Object)
UnityEngine.DebugLogHandler:LogFormat (UnityEngine.LogType,UnityEngine.Object,string,object[])
UnityEngine.Logger:Log (UnityEngine.LogType,object)
UnityEngine.Debug:Log (object)
GameManager:OnNextTurnButtonPressed () (at Assets/Script/GameManager.cs:215)
UnityEngine.Events.InvokableCall:Invoke ()
UnityEngine.Events.UnityEvent:Invoke ()
UnityEngine.UI.Button:Press () (at ./Library/PackageCache/com.unity.ugui@4f9b15fd1386/Runtime/UGUI/UI/Core/Button.cs:71)
UnityEngine.UI.Button:OnPointerClick (UnityEngine.EventSystems.PointerEventData) (at ./Library/PackageCache/com.unity.ugui@4f9b15fd1386/Runtime/UGUI/UI/Core/Button.cs:115)
UnityEngine.EventSystems.ExecuteEvents:Execute (UnityEngine.EventSystems.IPointerClickHandler,UnityEngine.EventSystems.BaseEventData) (at ./Library/PackageCache/com.unity.ugui@4f9b15fd1386/Runtime/UGUI/EventSystem/ExecuteEvents.cs:57)
UnityEngine.EventSystems.ExecuteEvents:Execute<UnityEngine.EventSystems.IPointerClickHandler> (UnityEngine.GameObject,UnityEngine.EventSystems.BaseEventData,UnityEngine.EventSystems.ExecuteEvents/EventFunction`1<UnityEngine.EventSystems.IPointerClickHandler>) (at ./Library/PackageCache/com.unity.ugui@4f9b15fd1386/Runtime/UGUI/EventSystem/ExecuteEvents.cs:272)
UnityEngine.InputSystem.UI.InputSystemUIInputModule:ProcessPointerButton (UnityEngine.InputSystem.UI.PointerModel/ButtonState&,UnityEngine.EventSystems.PointerEventData) (at ./Library/PackageCache/com.unity.inputsystem@21a28c3a6c83/InputSystem/Plugins/UI/InputSystemUIInputModule.cs:731)
UnityEngine.InputSystem.UI.InputSystemUIInputModule:ProcessPointer (UnityEngine.InputSystem.UI.PointerModel&) (at ./Library/PackageCache/com.unity.inputsystem@21a28c3a6c83/InputSystem/Plugins/UI/InputSystemUIInputModule.cs:490)
UnityEngine.InputSystem.UI.InputSystemUIInputModule:Process () (at ./Library/PackageCache/com.unity.inputsystem@21a28c3a6c83/InputSystem/Plugins/UI/InputSystemUIInputModule.cs:2404)
UnityEngine.EventSystems.EventSystem:Update () (at ./Library/PackageCache/com.unity.ugui@4f9b15fd1386/Runtime/UGUI/EventSystem/EventSystem.cs:516)

(Filename: Assets/Script/GameManager.cs Line: 215)

--- Player 1 の投擲終了：得点計算開始 ---
UnityEngine.Debug:ExtractStackTraceNoAlloc (byte*,int,string)
UnityEngine.StackTraceUtility:ExtractStackTrace ()
UnityEngine.DebugLogHandler:Internal_Log (UnityEngine.LogType,UnityEngine.LogOption,string,UnityEngine.Object)
UnityEngine.DebugLogHandler:LogFormat (UnityEngine.LogType,UnityEngine.Object,string,object[])
UnityEngine.Logger:Log (UnityEngine.LogType,object)
UnityEngine.Debug:Log (object)
GameManager/<TurnEndRoutine>d__20:MoveNext () (at Assets/Script/GameManager.cs:106)
UnityEngine.SetupCoroutine:InvokeMoveNext (System.Collections.IEnumerator,intptr)

(Filename: Assets/Script/GameManager.cs Line: 106)

Player 1: ミス！1本も倒せませんでした。
UnityEngine.Debug:ExtractStackTraceNoAlloc (byte*,int,string)
UnityEngine.StackTraceUtility:ExtractStackTrace ()
UnityEngine.DebugLogHandler:Internal_Log (UnityEngine.LogType,UnityEngine.LogOption,string,UnityEngine.Object)
UnityEngine.DebugLogHandler:LogFormat (UnityEngine.LogType,UnityEngine.Object,string,object[])
UnityEngine.Logger:Log (UnityEngine.LogType,object)
UnityEngine.Debug:Log (object)
GameManager/<TurnEndRoutine>d__20:MoveNext () (at Assets/Script/GameManager.cs:138)
UnityEngine.SetupCoroutine:InvokeMoveNext (System.Collections.IEnumerator,intptr)

(Filename: Assets/Script/GameManager.cs Line: 138)

Unloading 1 Unused Serialized files (Serialized files now loaded: 0)
Loaded scene 'Temp/__Backupscenes/0.backup'
	Deserialize:            12.263 ms
	Integration:            600.550 ms
	Integration of assets:  0.311 ms
	Thread Wait Time:       -0.282 ms
	Total Operation Time:   612.841 ms
Unloading 284 unused Assets / (1.6 MB). Loaded Objects now: 12932.
Memory consumption went from 0.83 GB to 0.83 GB.
Total: 60.116800 ms (FindLiveObjects: 1.630500 ms CreateObjectMapping: 5.427600 ms MarkObjects: 49.104500 ms  DeleteObjects: 3.950500 ms)

[Licensing::Client] Successfully resolved entitlement details
[Licensing::Module] License group:
  Id: F4-S82E-258Q-RRPW-KWCH-XXXX
  Product: Unity Personal
  Type: ULF
  Expiration: Unlimited
[Licensing::Module] License group:
  Id: 15669559352791-UnityPersXXXX
  Product: Unity Personal
  Type: Assigned
  Expiration: Unlimited
Reloading assemblies for play mode.
Reloading assemblies after forced synchronous recompile.
[Licensing::Client] Successfully resolved entitlement details
[Licensing::Module] License group:
  Id: F4-S82E-258Q-RRPW-KWCH-XXXX
  Product: Unity Personal
  Type: ULF
  Expiration: Unlimited
[Licensing::Module] License group:
  Id: 15669559352791-UnityPersXXXX
  Product: Unity Personal
  Type: Assigned
  Expiration: Unlimited
Begin MonoManager ReloadAssembly
Symbol file LoadedFromMemory is not a mono symbol file
Symbol file LoadedFromMemory is not a mono symbol file
Refreshing native plugins compatible for Editor in 15.04 ms, found 5 plugins.
Native extension for WindowsStandalone target not found
Native extension for WebGL target not found
Refreshing native plugins compatible for Editor in 17.17 ms, found 5 plugins.
[MODES] ModeService[none].Initialize
[MODES] ModeService[none].LoadModes
[Licensing::Client] Error: Code 404 while processing request (status: Found 0 entitlement groups and 0 free entitlements matching requested entitlement ids)
ScheduleIndexationOnStartup MainProcess:True IndexOnStartup:True
Mono: successfully reloaded assembly
- Finished resetting the current domain, in  5.942 seconds
Domain Reload Profiling: 8766ms
	BeginReloadAssembly (1837ms)
		DisableScriptedObjects (210ms)
		CreateAndSetChildDomain (1181ms)
	RebuildCommonClasses (18ms)
	RebuildNativeTypeToScriptingClass (27ms)
	initialDomainReloadingComplete (350ms)
	LoadAllAssembliesAndSetupDomain (583ms)
		LoadAssemblies (467ms)
		AnalyzeDomain (50ms)
			TypeCache.Refresh (21ms)
			ResolveRequiredComponents (19ms)
	FinalizeReload (5952ms)
		SetupLoadedEditorAssemblies (0ms)
			InitializePlatformSupportModulesInManaged (4ms)
			BeforeProcessingInitializeOnLoad (279ms)
			ProcessInitializeOnLoadAttributes (2032ms)
			ProcessInitializeOnLoadMethodAttributes (1201ms)
			AfterProcessingInitializeOnLoad (10ms)
		AwakeInstancesAfterBackupRestoration (1183ms)

Asset Pipeline Refresh (id=2aa8e0891366e1349932f04c5597c85b): Total: 9.736 seconds - Initiated by StopAssetImportingV2(ForceSynchronousImport | ForceDomainReload)
	(Values over 0.05ms)
	Summary:
		Imports: total=0 (actual=0, local cache=0, cache server=0)
		Asset DB Process Time: managed=0 ms, native=6485 ms
		Asset DB Callback time: managed=88 ms, native=2 ms
		Scripting: domain reloads=1, domain reload time=3156 ms, compile time=3 ms, other=0 ms
		Project Asset Count: scripts=2160, non-scripts=5551
		Asset File Changes: new=0, changed=0, moved=0, deleted=0
		Scan Filter Count: 0
	InvokePackagesCallback: 10.913ms
	ApplyChangesToAssetFolders: 0.847ms
	Collect global state as custom dependencies: 6.541ms
	ProcessAssetsWithTransientArtifactChanges: 0.386ms
	CategorizeAssets: 198.548ms
	CompileScripts: 2.929ms
	ImportOutOfDateAssets: 6152.242ms (6020.829ms without children)
		CollectScriptTypesHashes: 1.562ms
		ReloadNativeAssets: 2.884ms
		UnloadImportedAssets: 0.515ms
		EnsureUptoDateAssetsAreRegisteredWithGuidPM: 2.322ms
		ImportSchedulerStart: 125.596ms
	PostProcessAllAssets: 88.760ms
		MonoPostProcessAllAssets: 88.749ms
			UniversalRenderPipelineGlobalSettingsPostprocessor.OnPostprocessAllAssets 25.321ms
			SyncVS.PostprocessSyncProject 21.086ms
			WindowAssetPostprocessingWatcher.OnPostprocessAllAssets 4.534ms
			GraphRefreshPostprocessor.OnPostprocessAllAssets 4.115ms
			SpeedTree9Postprocessor.OnPostprocessAllAssets 4.046ms
			AssetChangeDetector.OnPostprocessAllAssets 1.793ms
			RenderPipelineGlobalSettingsPostprocessor.OnPostprocessAllAssets 1.395ms
			ShaderReflectionAssetPostProcessor.OnPostprocessAllAssets 1.244ms
			InputActionAssetPostprocessor.OnPostprocessAllAssets 0.849ms
			AssetChangedListener.OnPostprocessAllAssets 0.746ms
			ReferencedClipsPostProcessor.OnPostprocessAllAssets 0.657ms
			ProjectSettingsPostprocessor.OnPostprocessAllAssets 0.486ms
			TerrainToolbarOverlayPostProcessor.OnPostprocessAllAssets 0.335ms
			ModelAssetProcessor.OnPostprocessAllAssets 0.315ms
			SpriteEditorTexturePostprocessor.OnPostprocessAllAssets 0.314ms
			AssetDatabaseCallbacks.OnPostprocessAllAssets 0.307ms
			ShaderGraphAssetPostProcessor.OnPostprocessAllAssets 0.186ms
			AssetPostprocessor.OnPostprocessAllAssets 0.129ms
			RetainedModeAssetPostprocessor.OnPostprocessAllAssets 0.050ms
	GatherAllCurrentPrimaryImportResultRevisions: 1.074ms
	UnloadStreamsBegin: 3.984ms
	PersistCurrentRevisions: 0.493ms
	GenerateScriptTypeHashes: 8.054ms
	GenerateScriptTypeSerializationHashes: 13.758ms
	Untracked: 3246.058ms

Loaded scene 'Temp/__Backupscenes/0.backup'
	Deserialize:            16.702 ms
	Integration:            768.128 ms
	Integration of assets:  0.832 ms
	Thread Wait Time:       -0.768 ms
	Total Operation Time:   784.894 ms
[Licensing::Client] Error: Code 404 while processing request (status: Found 0 entitlement groups and 0 free entitlements matching requested entitlement ids)
[Licensing::Client] Successfully resolved entitlement details
[Licensing::Client] Successfully resolved entitlement details
[INFO ] [relay] log Unity client connected with ID: editor-8924-eo9p9x (relay 1.0.12-build.96)
[INFO ] [relay] connection.established clientId=editor-8924-eo9p9x port=9001
[Licensing::Client] Successfully resolved entitlement details
--- Player 1 の投擲終了：得点計算開始 ---
UnityEngine.Debug:ExtractStackTraceNoAlloc (byte*,int,string)
UnityEngine.StackTraceUtility:ExtractStackTrace ()
UnityEngine.DebugLogHandler:Internal_Log (UnityEngine.LogType,UnityEngine.LogOption,string,UnityEngine.Object)
UnityEngine.DebugLogHandler:LogFormat (UnityEngine.LogType,UnityEngine.Object,string,object[])
UnityEngine.Logger:Log (UnityEngine.LogType,object)
UnityEngine.Debug:Log (object)
GameManager/<TurnEndRoutine>d__20:MoveNext () (at Assets/Script/GameManager.cs:106)
UnityEngine.SetupCoroutine:InvokeMoveNext (System.Collections.IEnumerator,intptr)

(Filename: Assets/Script/GameManager.cs Line: 106)

Player 1: ミス！1本も倒せませんでした。
UnityEngine.Debug:ExtractStackTraceNoAlloc (byte*,int,string)
UnityEngine.StackTraceUtility:ExtractStackTrace ()
UnityEngine.DebugLogHandler:Internal_Log (UnityEngine.LogType,UnityEngine.LogOption,string,UnityEngine.Object)
UnityEngine.DebugLogHandler:LogFormat (UnityEngine.LogType,UnityEngine.Object,string,object[])
UnityEngine.Logger:Log (UnityEngine.LogType,object)
UnityEngine.Debug:Log (object)
GameManager/<TurnEndRoutine>d__20:MoveNext () (at Assets/Script/GameManager.cs:138)
UnityEngine.SetupCoroutine:InvokeMoveNext (System.Collections.IEnumerator,intptr)

(Filename: Assets/Script/GameManager.cs Line: 138)

ピン 1 番を再配置します。
UnityEngine.Debug:ExtractStackTraceNoAlloc (byte*,int,string)
UnityEngine.StackTraceUtility:ExtractStackTrace ()
UnityEngine.DebugLogHandler:Internal_Log (UnityEngine.LogType,UnityEngine.LogOption,string,UnityEngine.Object)
UnityEngine.DebugLogHandler:LogFormat (UnityEngine.LogType,UnityEngine.Object,string,object[])
UnityEngine.Logger:Log (UnityEngine.LogType,object)
UnityEngine.Debug:Log (object)
Skittle:StandUp () (at Assets/Script/Skittle.cs:43)
GameManager:OnNextTurnButtonPressed () (at Assets/Script/GameManager.cs:201)
UnityEngine.Events.InvokableCall:Invoke ()
UnityEngine.Events.UnityEvent:Invoke ()
UnityEngine.UI.Button:Press () (at ./Library/PackageCache/com.unity.ugui@4f9b15fd1386/Runtime/UGUI/UI/Core/Button.cs:71)
UnityEngine.UI.Button:OnPointerClick (UnityEngine.EventSystems.PointerEventData) (at ./Library/PackageCache/com.unity.ugui@4f9b15fd1386/Runtime/UGUI/UI/Core/Button.cs:115)
UnityEngine.EventSystems.ExecuteEvents:Execute (UnityEngine.EventSystems.IPointerClickHandler,UnityEngine.EventSystems.BaseEventData) (at ./Library/PackageCache/com.unity.ugui@4f9b15fd1386/Runtime/UGUI/EventSystem/ExecuteEvents.cs:57)
UnityEngine.EventSystems.ExecuteEvents:Execute<UnityEngine.EventSystems.IPointerClickHandler> (UnityEngine.GameObject,UnityEngine.EventSystems.BaseEventData,UnityEngine.EventSystems.ExecuteEvents/EventFunction`1<UnityEngine.EventSystems.IPointerClickHandler>) (at ./Library/PackageCache/com.unity.ugui@4f9b15fd1386/Runtime/UGUI/EventSystem/ExecuteEvents.cs:272)
UnityEngine.InputSystem.UI.InputSystemUIInputModule:ProcessPointerButton (UnityEngine.InputSystem.UI.PointerModel/ButtonState&,UnityEngine.EventSystems.PointerEventData) (at ./Library/PackageCache/com.unity.inputsystem@21a28c3a6c83/InputSystem/Plugins/UI/InputSystemUIInputModule.cs:731)
UnityEngine.InputSystem.UI.InputSystemUIInputModule:ProcessPointer (UnityEngine.InputSystem.UI.PointerModel&) (at ./Library/PackageCache/com.unity.inputsystem@21a28c3a6c83/InputSystem/Plugins/UI/InputSystemUIInputModule.cs:490)
UnityEngine.InputSystem.UI.InputSystemUIInputModule:Process () (at ./Library/PackageCache/com.unity.inputsystem@21a28c3a6c83/InputSystem/Plugins/UI/InputSystemUIInputModule.cs:2404)
UnityEngine.EventSystems.EventSystem:Update () (at ./Library/PackageCache/com.unity.ugui@4f9b15fd1386/Runtime/UGUI/EventSystem/EventSystem.cs:516)

(Filename: Assets/Script/Skittle.cs Line: 43)

ピン 2 番を再配置します。
UnityEngine.Debug:ExtractStackTraceNoAlloc (byte*,int,string)
UnityEngine.StackTraceUtility:ExtractStackTrace ()
UnityEngine.DebugLogHandler:Internal_Log (UnityEngine.LogType,UnityEngine.LogOption,string,UnityEngine.Object)
UnityEngine.DebugLogHandler:LogFormat (UnityEngine.LogType,UnityEngine.Object,string,object[])
UnityEngine.Logger:Log (UnityEngine.LogType,object)
UnityEngine.Debug:Log (object)
Skittle:StandUp () (at Assets/Script/Skittle.cs:43)
GameManager:OnNextTurnButtonPressed () (at Assets/Script/GameManager.cs:201)
UnityEngine.Events.InvokableCall:Invoke ()
UnityEngine.Events.UnityEvent:Invoke ()
UnityEngine.UI.Button:Press () (at ./Library/PackageCache/com.unity.ugui@4f9b15fd1386/Runtime/UGUI/UI/Core/Button.cs:71)
UnityEngine.UI.Button:OnPointerClick (UnityEngine.EventSystems.PointerEventData) (at ./Library/PackageCache/com.unity.ugui@4f9b15fd1386/Runtime/UGUI/UI/Core/Button.cs:115)
UnityEngine.EventSystems.ExecuteEvents:Execute (UnityEngine.EventSystems.IPointerClickHandler,UnityEngine.EventSystems.BaseEventData) (at ./Library/PackageCache/com.unity.ugui@4f9b15fd1386/Runtime/UGUI/EventSystem/ExecuteEvents.cs:57)
UnityEngine.EventSystems.ExecuteEvents:Execute<UnityEngine.EventSystems.IPointerClickHandler> (UnityEngine.GameObject,UnityEngine.EventSystems.BaseEventData,UnityEngine.EventSystems.ExecuteEvents/EventFunction`1<UnityEngine.EventSystems.IPointerClickHandler>) (at ./Library/PackageCache/com.unity.ugui@4f9b15fd1386/Runtime/UGUI/EventSystem/ExecuteEvents.cs:272)
UnityEngine.InputSystem.UI.InputSystemUIInputModule:ProcessPointerButton (UnityEngine.InputSystem.UI.PointerModel/ButtonState&,UnityEngine.EventSystems.PointerEventData) (at ./Library/PackageCache/com.unity.inputsystem@21a28c3a6c83/InputSystem/Plugins/UI/InputSystemUIInputModule.cs:731)
UnityEngine.InputSystem.UI.InputSystemUIInputModule:ProcessPointer (UnityEngine.InputSystem.UI.PointerModel&) (at ./Library/PackageCache/com.unity.inputsystem@21a28c3a6c83/InputSystem/Plugins/UI/InputSystemUIInputModule.cs:490)
UnityEngine.InputSystem.UI.InputSystemUIInputModule:Process () (at ./Library/PackageCache/com.unity.inputsystem@21a28c3a6c83/InputSystem/Plugins/UI/InputSystemUIInputModule.cs:2404)
UnityEngine.EventSystems.EventSystem:Update () (at ./Library/PackageCache/com.unity.ugui@4f9b15fd1386/Runtime/UGUI/EventSystem/EventSystem.cs:516)

(Filename: Assets/Script/Skittle.cs Line: 43)

ピン 3 番を再配置します。
UnityEngine.Debug:ExtractStackTraceNoAlloc (byte*,int,string)
UnityEngine.StackTraceUtility:ExtractStackTrace ()
UnityEngine.DebugLogHandler:Internal_Log (UnityEngine.LogType,UnityEngine.LogOption,string,UnityEngine.Object)
UnityEngine.DebugLogHandler:LogFormat (UnityEngine.LogType,UnityEngine.Object,string,object[])
UnityEngine.Logger:Log (UnityEngine.LogType,object)
UnityEngine.Debug:Log (object)
Skittle:StandUp () (at Assets/Script/Skittle.cs:43)
GameManager:OnNextTurnButtonPressed () (at Assets/Script/GameManager.cs:201)
UnityEngine.Events.InvokableCall:Invoke ()
UnityEngine.Events.UnityEvent:Invoke ()
UnityEngine.UI.Button:Press () (at ./Library/PackageCache/com.unity.ugui@4f9b15fd1386/Runtime/UGUI/UI/Core/Button.cs:71)
UnityEngine.UI.Button:OnPointerClick (UnityEngine.EventSystems.PointerEventData) (at ./Library/PackageCache/com.unity.ugui@4f9b15fd1386/Runtime/UGUI/UI/Core/Button.cs:115)
UnityEngine.EventSystems.ExecuteEvents:Execute (UnityEngine.EventSystems.IPointerClickHandler,UnityEngine.EventSystems.BaseEventData) (at ./Library/PackageCache/com.unity.ugui@4f9b15fd1386/Runtime/UGUI/EventSystem/ExecuteEvents.cs:57)
UnityEngine.EventSystems.ExecuteEvents:Execute<UnityEngine.EventSystems.IPointerClickHandler> (UnityEngine.GameObject,UnityEngine.EventSystems.BaseEventData,UnityEngine.EventSystems.ExecuteEvents/EventFunction`1<UnityEngine.EventSystems.IPointerClickHandler>) (at ./Library/PackageCache/com.unity.ugui@4f9b15fd1386/Runtime/UGUI/EventSystem/ExecuteEvents.cs:272)
UnityEngine.InputSystem.UI.InputSystemUIInputModule:ProcessPointerButton (UnityEngine.InputSystem.UI.PointerModel/ButtonState&,UnityEngine.EventSystems.PointerEventData) (at ./Library/PackageCache/com.unity.inputsystem@21a28c3a6c83/InputSystem/Plugins/UI/InputSystemUIInputModule.cs:731)
UnityEngine.InputSystem.UI.InputSystemUIInputModule:ProcessPointer (UnityEngine.InputSystem.UI.PointerModel&) (at ./Library/PackageCache/com.unity.inputsystem@21a28c3a6c83/InputSystem/Plugins/UI/InputSystemUIInputModule.cs:490)
UnityEngine.InputSystem.UI.InputSystemUIInputModule:Process () (at ./Library/PackageCache/com.unity.inputsystem@21a28c3a6c83/InputSystem/Plugins/UI/InputSystemUIInputModule.cs:2404)
UnityEngine.EventSystems.EventSystem:Update () (at ./Library/PackageCache/com.unity.ugui@4f9b15fd1386/Runtime/UGUI/EventSystem/EventSystem.cs:516)

(Filename: Assets/Script/Skittle.cs Line: 43)

ピン 4 番を再配置します。
UnityEngine.Debug:ExtractStackTraceNoAlloc (byte*,int,string)
UnityEngine.StackTraceUtility:ExtractStackTrace ()
UnityEngine.DebugLogHandler:Internal_Log (UnityEngine.LogType,UnityEngine.LogOption,string,UnityEngine.Object)
UnityEngine.DebugLogHandler:LogFormat (UnityEngine.LogType,UnityEngine.Object,string,object[])
UnityEngine.Logger:Log (UnityEngine.LogType,object)
UnityEngine.Debug:Log (object)
Skittle:StandUp () (at Assets/Script/Skittle.cs:43)
GameManager:OnNextTurnButtonPressed () (at Assets/Script/GameManager.cs:201)
UnityEngine.Events.InvokableCall:Invoke ()
UnityEngine.Events.UnityEvent:Invoke ()
UnityEngine.UI.Button:Press () (at ./Library/PackageCache/com.unity.ugui@4f9b15fd1386/Runtime/UGUI/UI/Core/Button.cs:71)
UnityEngine.UI.Button:OnPointerClick (UnityEngine.EventSystems.PointerEventData) (at ./Library/PackageCache/com.unity.ugui@4f9b15fd1386/Runtime/UGUI/UI/Core/Button.cs:115)
UnityEngine.EventSystems.ExecuteEvents:Execute (UnityEngine.EventSystems.IPointerClickHandler,UnityEngine.EventSystems.BaseEventData) (at ./Library/PackageCache/com.unity.ugui@4f9b15fd1386/Runtime/UGUI/EventSystem/ExecuteEvents.cs:57)
UnityEngine.EventSystems.ExecuteEvents:Execute<UnityEngine.EventSystems.IPointerClickHandler> (UnityEngine.GameObject,UnityEngine.EventSystems.BaseEventData,UnityEngine.EventSystems.ExecuteEvents/EventFunction`1<UnityEngine.EventSystems.IPointerClickHandler>) (at ./Library/PackageCache/com.unity.ugui@4f9b15fd1386/Runtime/UGUI/EventSystem/ExecuteEvents.cs:272)
UnityEngine.InputSystem.UI.InputSystemUIInputModule:ProcessPointerButton (UnityEngine.InputSystem.UI.PointerModel/ButtonState&,UnityEngine.EventSystems.PointerEventData) (at ./Library/PackageCache/com.unity.inputsystem@21a28c3a6c83/InputSystem/Plugins/UI/InputSystemUIInputModule.cs:731)
UnityEngine.InputSystem.UI.InputSystemUIInputModule:ProcessPointer (UnityEngine.InputSystem.UI.PointerModel&) (at ./Library/PackageCache/com.unity.inputsystem@21a28c3a6c83/InputSystem/Plugins/UI/InputSystemUIInputModule.cs:490)
UnityEngine.InputSystem.UI.InputSystemUIInputModule:Process () (at ./Library/PackageCache/com.unity.inputsystem@21a28c3a6c83/InputSystem/Plugins/UI/InputSystemUIInputModule.cs:2404)
UnityEngine.EventSystems.EventSystem:Update () (at ./Library/PackageCache/com.unity.ugui@4f9b15fd1386/Runtime/UGUI/EventSystem/EventSystem.cs:516)

(Filename: Assets/Script/Skittle.cs Line: 43)

ピン 5 番を再配置します。
UnityEngine.Debug:ExtractStackTraceNoAlloc (byte*,int,string)
UnityEngine.StackTraceUtility:ExtractStackTrace ()
UnityEngine.DebugLogHandler:Internal_Log (UnityEngine.LogType,UnityEngine.LogOption,string,UnityEngine.Object)
UnityEngine.DebugLogHandler:LogFormat (UnityEngine.LogType,UnityEngine.Object,string,object[])
UnityEngine.Logger:Log (UnityEngine.LogType,object)
UnityEngine.Debug:Log (object)
Skittle:StandUp () (at Assets/Script/Skittle.cs:43)
GameManager:OnNextTurnButtonPressed () (at Assets/Script/GameManager.cs:201)
UnityEngine.Events.InvokableCall:Invoke ()
UnityEngine.Events.UnityEvent:Invoke ()
UnityEngine.UI.Button:Press () (at ./Library/PackageCache/com.unity.ugui@4f9b15fd1386/Runtime/UGUI/UI/Core/Button.cs:71)
UnityEngine.UI.Button:OnPointerClick (UnityEngine.EventSystems.PointerEventData) (at ./Library/PackageCache/com.unity.ugui@4f9b15fd1386/Runtime/UGUI/UI/Core/Button.cs:115)
UnityEngine.EventSystems.ExecuteEvents:Execute (UnityEngine.EventSystems.IPointerClickHandler,UnityEngine.EventSystems.BaseEventData) (at ./Library/PackageCache/com.unity.ugui@4f9b15fd1386/Runtime/UGUI/EventSystem/ExecuteEvents.cs:57)
UnityEngine.EventSystems.ExecuteEvents:Execute<UnityEngine.EventSystems.IPointerClickHandler> (UnityEngine.GameObject,UnityEngine.EventSystems.BaseEventData,UnityEngine.EventSystems.ExecuteEvents/EventFunction`1<UnityEngine.EventSystems.IPointerClickHandler>) (at ./Library/PackageCache/com.unity.ugui@4f9b15fd1386/Runtime/UGUI/EventSystem/ExecuteEvents.cs:272)
UnityEngine.InputSystem.UI.InputSystemUIInputModule:ProcessPointerButton (UnityEngine.InputSystem.UI.PointerModel/ButtonState&,UnityEngine.EventSystems.PointerEventData) (at ./Library/PackageCache/com.unity.inputsystem@21a28c3a6c83/InputSystem/Plugins/UI/InputSystemUIInputModule.cs:731)
UnityEngine.InputSystem.UI.InputSystemUIInputModule:ProcessPointer (UnityEngine.InputSystem.UI.PointerModel&) (at ./Library/PackageCache/com.unity.inputsystem@21a28c3a6c83/InputSystem/Plugins/UI/InputSystemUIInputModule.cs:490)
UnityEngine.InputSystem.UI.InputSystemUIInputModule:Process () (at ./Library/PackageCache/com.unity.inputsystem@21a28c3a6c83/InputSystem/Plugins/UI/InputSystemUIInputModule.cs:2404)
UnityEngine.EventSystems.EventSystem:Update () (at ./Library/PackageCache/com.unity.ugui@4f9b15fd1386/Runtime/UGUI/EventSystem/EventSystem.cs:516)

(Filename: Assets/Script/Skittle.cs Line: 43)

ピン 6 番を再配置します。
UnityEngine.Debug:ExtractStackTraceNoAlloc (byte*,int,string)
UnityEngine.StackTraceUtility:ExtractStackTrace ()
UnityEngine.DebugLogHandler:Internal_Log (UnityEngine.LogType,UnityEngine.LogOption,string,UnityEngine.Object)
UnityEngine.DebugLogHandler:LogFormat (UnityEngine.LogType,UnityEngine.Object,string,object[])
UnityEngine.Logger:Log (UnityEngine.LogType,object)
UnityEngine.Debug:Log (object)
Skittle:StandUp () (at Assets/Script/Skittle.cs:43)
GameManager:OnNextTurnButtonPressed () (at Assets/Script/GameManager.cs:201)
UnityEngine.Events.InvokableCall:Invoke ()
UnityEngine.Events.UnityEvent:Invoke ()
UnityEngine.UI.Button:Press () (at ./Library/PackageCache/com.unity.ugui@4f9b15fd1386/Runtime/UGUI/UI/Core/Button.cs:71)
UnityEngine.UI.Button:OnPointerClick (UnityEngine.EventSystems.PointerEventData) (at ./Library/PackageCache/com.unity.ugui@4f9b15fd1386/Runtime/UGUI/UI/Core/Button.cs:115)
UnityEngine.EventSystems.ExecuteEvents:Execute (UnityEngine.EventSystems.IPointerClickHandler,UnityEngine.EventSystems.BaseEventData) (at ./Library/PackageCache/com.unity.ugui@4f9b15fd1386/Runtime/UGUI/EventSystem/ExecuteEvents.cs:57)
UnityEngine.EventSystems.ExecuteEvents:Execute<UnityEngine.EventSystems.IPointerClickHandler> (UnityEngine.GameObject,UnityEngine.EventSystems.BaseEventData,UnityEngine.EventSystems.ExecuteEvents/EventFunction`1<UnityEngine.EventSystems.IPointerClickHandler>) (at ./Library/PackageCache/com.unity.ugui@4f9b15fd1386/Runtime/UGUI/EventSystem/ExecuteEvents.cs:272)
UnityEngine.InputSystem.UI.InputSystemUIInputModule:ProcessPointerButton (UnityEngine.InputSystem.UI.PointerModel/ButtonState&,UnityEngine.EventSystems.PointerEventData) (at ./Library/PackageCache/com.unity.inputsystem@21a28c3a6c83/InputSystem/Plugins/UI/InputSystemUIInputModule.cs:731)
UnityEngine.InputSystem.UI.InputSystemUIInputModule:ProcessPointer (UnityEngine.InputSystem.UI.PointerModel&) (at ./Library/PackageCache/com.unity.inputsystem@21a28c3a6c83/InputSystem/Plugins/UI/InputSystemUIInputModule.cs:490)
UnityEngine.InputSystem.UI.InputSystemUIInputModule:Process () (at ./Library/PackageCache/com.unity.inputsystem@21a28c3a6c83/InputSystem/Plugins/UI/InputSystemUIInputModule.cs:2404)
UnityEngine.EventSystems.EventSystem:Update () (at ./Library/PackageCache/com.unity.ugui@4f9b15fd1386/Runtime/UGUI/EventSystem/EventSystem.cs:516)

(Filename: Assets/Script/Skittle.cs Line: 43)

ピン 7 番を再配置します。
UnityEngine.Debug:ExtractStackTraceNoAlloc (byte*,int,string)
UnityEngine.StackTraceUtility:ExtractStackTrace ()
UnityEngine.DebugLogHandler:Internal_Log (UnityEngine.LogType,UnityEngine.LogOption,string,UnityEngine.Object)
UnityEngine.DebugLogHandler:LogFormat (UnityEngine.LogType,UnityEngine.Object,string,object[])
UnityEngine.Logger:Log (UnityEngine.LogType,object)
UnityEngine.Debug:Log (object)
Skittle:StandUp () (at Assets/Script/Skittle.cs:43)
GameManager:OnNextTurnButtonPressed () (at Assets/Script/GameManager.cs:201)
UnityEngine.Events.InvokableCall:Invoke ()
UnityEngine.Events.UnityEvent:Invoke ()
UnityEngine.UI.Button:Press () (at ./Library/PackageCache/com.unity.ugui@4f9b15fd1386/Runtime/UGUI/UI/Core/Button.cs:71)
UnityEngine.UI.Button:OnPointerClick (UnityEngine.EventSystems.PointerEventData) (at ./Library/PackageCache/com.unity.ugui@4f9b15fd1386/Runtime/UGUI/UI/Core/Button.cs:115)
UnityEngine.EventSystems.ExecuteEvents:Execute (UnityEngine.EventSystems.IPointerClickHandler,UnityEngine.EventSystems.BaseEventData) (at ./Library/PackageCache/com.unity.ugui@4f9b15fd1386/Runtime/UGUI/EventSystem/ExecuteEvents.cs:57)
UnityEngine.EventSystems.ExecuteEvents:Execute<UnityEngine.EventSystems.IPointerClickHandler> (UnityEngine.GameObject,UnityEngine.EventSystems.BaseEventData,UnityEngine.EventSystems.ExecuteEvents/EventFunction`1<UnityEngine.EventSystems.IPointerClickHandler>) (at ./Library/PackageCache/com.unity.ugui@4f9b15fd1386/Runtime/UGUI/EventSystem/ExecuteEvents.cs:272)
UnityEngine.InputSystem.UI.InputSystemUIInputModule:ProcessPointerButton (UnityEngine.InputSystem.UI.PointerModel/ButtonState&,UnityEngine.EventSystems.PointerEventData) (at ./Library/PackageCache/com.unity.inputsystem@21a28c3a6c83/InputSystem/Plugins/UI/InputSystemUIInputModule.cs:731)
UnityEngine.InputSystem.UI.InputSystemUIInputModule:ProcessPointer (UnityEngine.InputSystem.UI.PointerModel&) (at ./Library/PackageCache/com.unity.inputsystem@21a28c3a6c83/InputSystem/Plugins/UI/InputSystemUIInputModule.cs:490)
UnityEngine.InputSystem.UI.InputSystemUIInputModule:Process () (at ./Library/PackageCache/com.unity.inputsystem@21a28c3a6c83/InputSystem/Plugins/UI/InputSystemUIInputModule.cs:2404)
UnityEngine.EventSystems.EventSystem:Update () (at ./Library/PackageCache/com.unity.ugui@4f9b15fd1386/Runtime/UGUI/EventSystem/EventSystem.cs:516)

(Filename: Assets/Script/Skittle.cs Line: 43)

ピン 8 番を再配置します。
UnityEngine.Debug:ExtractStackTraceNoAlloc (byte*,int,string)
UnityEngine.StackTraceUtility:ExtractStackTrace ()
UnityEngine.DebugLogHandler:Internal_Log (UnityEngine.LogType,UnityEngine.LogOption,string,UnityEngine.Object)
UnityEngine.DebugLogHandler:LogFormat (UnityEngine.LogType,UnityEngine.Object,string,object[])
UnityEngine.Logger:Log (UnityEngine.LogType,object)
UnityEngine.Debug:Log (object)
Skittle:StandUp () (at Assets/Script/Skittle.cs:43)
GameManager:OnNextTurnButtonPressed () (at Assets/Script/GameManager.cs:201)
UnityEngine.Events.InvokableCall:Invoke ()
UnityEngine.Events.UnityEvent:Invoke ()
UnityEngine.UI.Button:Press () (at ./Library/PackageCache/com.unity.ugui@4f9b15fd1386/Runtime/UGUI/UI/Core/Button.cs:71)
UnityEngine.UI.Button:OnPointerClick (UnityEngine.EventSystems.PointerEventData) (at ./Library/PackageCache/com.unity.ugui@4f9b15fd1386/Runtime/UGUI/UI/Core/Button.cs:115)
UnityEngine.EventSystems.ExecuteEvents:Execute (UnityEngine.EventSystems.IPointerClickHandler,UnityEngine.EventSystems.BaseEventData) (at ./Library/PackageCache/com.unity.ugui@4f9b15fd1386/Runtime/UGUI/EventSystem/ExecuteEvents.cs:57)
UnityEngine.EventSystems.ExecuteEvents:Execute<UnityEngine.EventSystems.IPointerClickHandler> (UnityEngine.GameObject,UnityEngine.EventSystems.BaseEventData,UnityEngine.EventSystems.ExecuteEvents/EventFunction`1<UnityEngine.EventSystems.IPointerClickHandler>) (at ./Library/PackageCache/com.unity.ugui@4f9b15fd1386/Runtime/UGUI/EventSystem/ExecuteEvents.cs:272)
UnityEngine.InputSystem.UI.InputSystemUIInputModule:ProcessPointerButton (UnityEngine.InputSystem.UI.PointerModel/ButtonState&,UnityEngine.EventSystems.PointerEventData) (at ./Library/PackageCache/com.unity.inputsystem@21a28c3a6c83/InputSystem/Plugins/UI/InputSystemUIInputModule.cs:731)
UnityEngine.InputSystem.UI.InputSystemUIInputModule:ProcessPointer (UnityEngine.InputSystem.UI.PointerModel&) (at ./Library/PackageCache/com.unity.inputsystem@21a28c3a6c83/InputSystem/Plugins/UI/InputSystemUIInputModule.cs:490)
UnityEngine.InputSystem.UI.InputSystemUIInputModule:Process () (at ./Library/PackageCache/com.unity.inputsystem@21a28c3a6c83/InputSystem/Plugins/UI/InputSystemUIInputModule.cs:2404)
UnityEngine.EventSystems.EventSystem:Update () (at ./Library/PackageCache/com.unity.ugui@4f9b15fd1386/Runtime/UGUI/EventSystem/EventSystem.cs:516)

(Filename: Assets/Script/Skittle.cs Line: 43)

ピン 9 番を再配置します。
UnityEngine.Debug:ExtractStackTraceNoAlloc (byte*,int,string)
UnityEngine.StackTraceUtility:ExtractStackTrace ()
UnityEngine.DebugLogHandler:Internal_Log (UnityEngine.LogType,UnityEngine.LogOption,string,UnityEngine.Object)
UnityEngine.DebugLogHandler:LogFormat (UnityEngine.LogType,UnityEngine.Object,string,object[])
UnityEngine.Logger:Log (UnityEngine.LogType,object)
UnityEngine.Debug:Log (object)
Skittle:StandUp () (at Assets/Script/Skittle.cs:43)
GameManager:OnNextTurnButtonPressed () (at Assets/Script/GameManager.cs:201)
UnityEngine.Events.InvokableCall:Invoke ()
UnityEngine.Events.UnityEvent:Invoke ()
UnityEngine.UI.Button:Press () (at ./Library/PackageCache/com.unity.ugui@4f9b15fd1386/Runtime/UGUI/UI/Core/Button.cs:71)
UnityEngine.UI.Button:OnPointerClick (UnityEngine.EventSystems.PointerEventData) (at ./Library/PackageCache/com.unity.ugui@4f9b15fd1386/Runtime/UGUI/UI/Core/Button.cs:115)
UnityEngine.EventSystems.ExecuteEvents:Execute (UnityEngine.EventSystems.IPointerClickHandler,UnityEngine.EventSystems.BaseEventData) (at ./Library/PackageCache/com.unity.ugui@4f9b15fd1386/Runtime/UGUI/EventSystem/ExecuteEvents.cs:57)
UnityEngine.EventSystems.ExecuteEvents:Execute<UnityEngine.EventSystems.IPointerClickHandler> (UnityEngine.GameObject,UnityEngine.EventSystems.BaseEventData,UnityEngine.EventSystems.ExecuteEvents/EventFunction`1<UnityEngine.EventSystems.IPointerClickHandler>) (at ./Library/PackageCache/com.unity.ugui@4f9b15fd1386/Runtime/UGUI/EventSystem/ExecuteEvents.cs:272)
UnityEngine.InputSystem.UI.InputSystemUIInputModule:ProcessPointerButton (UnityEngine.InputSystem.UI.PointerModel/ButtonState&,UnityEngine.EventSystems.PointerEventData) (at ./Library/PackageCache/com.unity.inputsystem@21a28c3a6c83/InputSystem/Plugins/UI/InputSystemUIInputModule.cs:731)
UnityEngine.InputSystem.UI.InputSystemUIInputModule:ProcessPointer (UnityEngine.InputSystem.UI.PointerModel&) (at ./Library/PackageCache/com.unity.inputsystem@21a28c3a6c83/InputSystem/Plugins/UI/InputSystemUIInputModule.cs:490)
UnityEngine.InputSystem.UI.InputSystemUIInputModule:Process () (at ./Library/PackageCache/com.unity.inputsystem@21a28c3a6c83/InputSystem/Plugins/UI/InputSystemUIInputModule.cs:2404)
UnityEngine.EventSystems.EventSystem:Update () (at ./Library/PackageCache/com.unity.ugui@4f9b15fd1386/Runtime/UGUI/EventSystem/EventSystem.cs:516)

(Filename: Assets/Script/Skittle.cs Line: 43)

ピン 10 番を再配置します。
UnityEngine.Debug:ExtractStackTraceNoAlloc (byte*,int,string)
UnityEngine.StackTraceUtility:ExtractStackTrace ()
UnityEngine.DebugLogHandler:Internal_Log (UnityEngine.LogType,UnityEngine.LogOption,string,UnityEngine.Object)
UnityEngine.DebugLogHandler:LogFormat (UnityEngine.LogType,UnityEngine.Object,string,object[])
UnityEngine.Logger:Log (UnityEngine.LogType,object)
UnityEngine.Debug:Log (object)
Skittle:StandUp () (at Assets/Script/Skittle.cs:43)
GameManager:OnNextTurnButtonPressed () (at Assets/Script/GameManager.cs:201)
UnityEngine.Events.InvokableCall:Invoke ()
UnityEngine.Events.UnityEvent:Invoke ()
UnityEngine.UI.Button:Press () (at ./Library/PackageCache/com.unity.ugui@4f9b15fd1386/Runtime/UGUI/UI/Core/Button.cs:71)
UnityEngine.UI.Button:OnPointerClick (UnityEngine.EventSystems.PointerEventData) (at ./Library/PackageCache/com.unity.ugui@4f9b15fd1386/Runtime/UGUI/UI/Core/Button.cs:115)
UnityEngine.EventSystems.ExecuteEvents:Execute (UnityEngine.EventSystems.IPointerClickHandler,UnityEngine.EventSystems.BaseEventData) (at ./Library/PackageCache/com.unity.ugui@4f9b15fd1386/Runtime/UGUI/EventSystem/ExecuteEvents.cs:57)
UnityEngine.EventSystems.ExecuteEvents:Execute<UnityEngine.EventSystems.IPointerClickHandler> (UnityEngine.GameObject,UnityEngine.EventSystems.BaseEventData,UnityEngine.EventSystems.ExecuteEvents/EventFunction`1<UnityEngine.EventSystems.IPointerClickHandler>) (at ./Library/PackageCache/com.unity.ugui@4f9b15fd1386/Runtime/UGUI/EventSystem/ExecuteEvents.cs:272)
UnityEngine.InputSystem.UI.InputSystemUIInputModule:ProcessPointerButton (UnityEngine.InputSystem.UI.PointerModel/ButtonState&,UnityEngine.EventSystems.PointerEventData) (at ./Library/PackageCache/com.unity.inputsystem@21a28c3a6c83/InputSystem/Plugins/UI/InputSystemUIInputModule.cs:731)
UnityEngine.InputSystem.UI.InputSystemUIInputModule:ProcessPointer (UnityEngine.InputSystem.UI.PointerModel&) (at ./Library/PackageCache/com.unity.inputsystem@21a28c3a6c83/InputSystem/Plugins/UI/InputSystemUIInputModule.cs:490)
UnityEngine.InputSystem.UI.InputSystemUIInputModule:Process () (at ./Library/PackageCache/com.unity.inputsystem@21a28c3a6c83/InputSystem/Plugins/UI/InputSystemUIInputModule.cs:2404)
UnityEngine.EventSystems.EventSystem:Update () (at ./Library/PackageCache/com.unity.ugui@4f9b15fd1386/Runtime/UGUI/EventSystem/EventSystem.cs:516)

(Filename: Assets/Script/Skittle.cs Line: 43)

ピン 11 番を再配置します。
UnityEngine.Debug:ExtractStackTraceNoAlloc (byte*,int,string)
UnityEngine.StackTraceUtility:ExtractStackTrace ()
UnityEngine.DebugLogHandler:Internal_Log (UnityEngine.LogType,UnityEngine.LogOption,string,UnityEngine.Object)
UnityEngine.DebugLogHandler:LogFormat (UnityEngine.LogType,UnityEngine.Object,string,object[])
UnityEngine.Logger:Log (UnityEngine.LogType,object)
UnityEngine.Debug:Log (object)
Skittle:StandUp () (at Assets/Script/Skittle.cs:43)
GameManager:OnNextTurnButtonPressed () (at Assets/Script/GameManager.cs:201)
UnityEngine.Events.InvokableCall:Invoke ()
UnityEngine.Events.UnityEvent:Invoke ()
UnityEngine.UI.Button:Press () (at ./Library/PackageCache/com.unity.ugui@4f9b15fd1386/Runtime/UGUI/UI/Core/Button.cs:71)
UnityEngine.UI.Button:OnPointerClick (UnityEngine.EventSystems.PointerEventData) (at ./Library/PackageCache/com.unity.ugui@4f9b15fd1386/Runtime/UGUI/UI/Core/Button.cs:115)
UnityEngine.EventSystems.ExecuteEvents:Execute (UnityEngine.EventSystems.IPointerClickHandler,UnityEngine.EventSystems.BaseEventData) (at ./Library/PackageCache/com.unity.ugui@4f9b15fd1386/Runtime/UGUI/EventSystem/ExecuteEvents.cs:57)
UnityEngine.EventSystems.ExecuteEvents:Execute<UnityEngine.EventSystems.IPointerClickHandler> (UnityEngine.GameObject,UnityEngine.EventSystems.BaseEventData,UnityEngine.EventSystems.ExecuteEvents/EventFunction`1<UnityEngine.EventSystems.IPointerClickHandler>) (at ./Library/PackageCache/com.unity.ugui@4f9b15fd1386/Runtime/UGUI/EventSystem/ExecuteEvents.cs:272)
UnityEngine.InputSystem.UI.InputSystemUIInputModule:ProcessPointerButton (UnityEngine.InputSystem.UI.PointerModel/ButtonState&,UnityEngine.EventSystems.PointerEventData) (at ./Library/PackageCache/com.unity.inputsystem@21a28c3a6c83/InputSystem/Plugins/UI/InputSystemUIInputModule.cs:731)
UnityEngine.InputSystem.UI.InputSystemUIInputModule:ProcessPointer (UnityEngine.InputSystem.UI.PointerModel&) (at ./Library/PackageCache/com.unity.inputsystem@21a28c3a6c83/InputSystem/Plugins/UI/InputSystemUIInputModule.cs:490)
UnityEngine.InputSystem.UI.InputSystemUIInputModule:Process () (at ./Library/PackageCache/com.unity.inputsystem@21a28c3a6c83/InputSystem/Plugins/UI/InputSystemUIInputModule.cs:2404)
UnityEngine.EventSystems.EventSystem:Update () (at ./Library/PackageCache/com.unity.ugui@4f9b15fd1386/Runtime/UGUI/EventSystem/EventSystem.cs:516)

(Filename: Assets/Script/Skittle.cs Line: 43)

ピン 12 番を再配置します。
UnityEngine.Debug:ExtractStackTraceNoAlloc (byte*,int,string)
UnityEngine.StackTraceUtility:ExtractStackTrace ()
UnityEngine.DebugLogHandler:Internal_Log (UnityEngine.LogType,UnityEngine.LogOption,string,UnityEngine.Object)
UnityEngine.DebugLogHandler:LogFormat (UnityEngine.LogType,UnityEngine.Object,string,object[])
UnityEngine.Logger:Log (UnityEngine.LogType,object)
UnityEngine.Debug:Log (object)
Skittle:StandUp () (at Assets/Script/Skittle.cs:43)
GameManager:OnNextTurnButtonPressed () (at Assets/Script/GameManager.cs:201)
UnityEngine.Events.InvokableCall:Invoke ()
UnityEngine.Events.UnityEvent:Invoke ()
UnityEngine.UI.Button:Press () (at ./Library/PackageCache/com.unity.ugui@4f9b15fd1386/Runtime/UGUI/UI/Core/Button.cs:71)
UnityEngine.UI.Button:OnPointerClick (UnityEngine.EventSystems.PointerEventData) (at ./Library/PackageCache/com.unity.ugui@4f9b15fd1386/Runtime/UGUI/UI/Core/Button.cs:115)
UnityEngine.EventSystems.ExecuteEvents:Execute (UnityEngine.EventSystems.IPointerClickHandler,UnityEngine.EventSystems.BaseEventData) (at ./Library/PackageCache/com.unity.ugui@4f9b15fd1386/Runtime/UGUI/EventSystem/ExecuteEvents.cs:57)
UnityEngine.EventSystems.ExecuteEvents:Execute<UnityEngine.EventSystems.IPointerClickHandler> (UnityEngine.GameObject,UnityEngine.EventSystems.BaseEventData,UnityEngine.EventSystems.ExecuteEvents/EventFunction`1<UnityEngine.EventSystems.IPointerClickHandler>) (at ./Library/PackageCache/com.unity.ugui@4f9b15fd1386/Runtime/UGUI/EventSystem/ExecuteEvents.cs:272)
UnityEngine.InputSystem.UI.InputSystemUIInputModule:ProcessPointerButton (UnityEngine.InputSystem.UI.PointerModel/ButtonState&,UnityEngine.EventSystems.PointerEventData) (at ./Library/PackageCache/com.unity.inputsystem@21a28c3a6c83/InputSystem/Plugins/UI/InputSystemUIInputModule.cs:731)
UnityEngine.InputSystem.UI.InputSystemUIInputModule:ProcessPointer (UnityEngine.InputSystem.UI.PointerModel&) (at ./Library/PackageCache/com.unity.inputsystem@21a28c3a6c83/InputSystem/Plugins/UI/InputSystemUIInputModule.cs:490)
UnityEngine.InputSystem.UI.InputSystemUIInputModule:Process () (at ./Library/PackageCache/com.unity.inputsystem@21a28c3a6c83/InputSystem/Plugins/UI/InputSystemUIInputModule.cs:2404)
UnityEngine.EventSystems.EventSystem:Update () (at ./Library/PackageCache/com.unity.ugui@4f9b15fd1386/Runtime/UGUI/EventSystem/EventSystem.cs:516)

(Filename: Assets/Script/Skittle.cs Line: 43)

ターン交代完了！次のプレイヤー: Player 2
UnityEngine.Debug:ExtractStackTraceNoAlloc (byte*,int,string)
UnityEngine.StackTraceUtility:ExtractStackTrace ()
UnityEngine.DebugLogHandler:Internal_Log (UnityEngine.LogType,UnityEngine.LogOption,string,UnityEngine.Object)
UnityEngine.DebugLogHandler:LogFormat (UnityEngine.LogType,UnityEngine.Object,string,object[])
UnityEngine.Logger:Log (UnityEngine.LogType,object)
UnityEngine.Debug:Log (object)
GameManager:OnNextTurnButtonPressed () (at Assets/Script/GameManager.cs:215)
UnityEngine.Events.InvokableCall:Invoke ()
UnityEngine.Events.UnityEvent:Invoke ()
UnityEngine.UI.Button:Press () (at ./Library/PackageCache/com.unity.ugui@4f9b15fd1386/Runtime/UGUI/UI/Core/Button.cs:71)
UnityEngine.UI.Button:OnPointerClick (UnityEngine.EventSystems.PointerEventData) (at ./Library/PackageCache/com.unity.ugui@4f9b15fd1386/Runtime/UGUI/UI/Core/Button.cs:115)
UnityEngine.EventSystems.ExecuteEvents:Execute (UnityEngine.EventSystems.IPointerClickHandler,UnityEngine.EventSystems.BaseEventData) (at ./Library/PackageCache/com.unity.ugui@4f9b15fd1386/Runtime/UGUI/EventSystem/ExecuteEvents.cs:57)
UnityEngine.EventSystems.ExecuteEvents:Execute<UnityEngine.EventSystems.IPointerClickHandler> (UnityEngine.GameObject,UnityEngine.EventSystems.BaseEventData,UnityEngine.EventSystems.ExecuteEvents/EventFunction`1<UnityEngine.EventSystems.IPointerClickHandler>) (at ./Library/PackageCache/com.unity.ugui@4f9b15fd1386/Runtime/UGUI/EventSystem/ExecuteEvents.cs:272)
UnityEngine.InputSystem.UI.InputSystemUIInputModule:ProcessPointerButton (UnityEngine.InputSystem.UI.PointerModel/ButtonState&,UnityEngine.EventSystems.PointerEventData) (at ./Library/PackageCache/com.unity.inputsystem@21a28c3a6c83/InputSystem/Plugins/UI/InputSystemUIInputModule.cs:731)
UnityEngine.InputSystem.UI.InputSystemUIInputModule:ProcessPointer (UnityEngine.InputSystem.UI.PointerModel&) (at ./Library/PackageCache/com.unity.inputsystem@21a28c3a6c83/InputSystem/Plugins/UI/InputSystemUIInputModule.cs:490)
UnityEngine.InputSystem.UI.InputSystemUIInputModule:Process () (at ./Library/PackageCache/com.unity.inputsystem@21a28c3a6c83/InputSystem/Plugins/UI/InputSystemUIInputModule.cs:2404)
UnityEngine.EventSystems.EventSystem:Update () (at ./Library/PackageCache/com.unity.ugui@4f9b15fd1386/Runtime/UGUI/EventSystem/EventSystem.cs:516)

(Filename: Assets/Script/GameManager.cs Line: 215)

Unloading 28 Unused Serialized files (Serialized files now loaded: 0)
Loaded scene 'Temp/__Backupscenes/0.backup'
	Deserialize:            10.639 ms
	Integration:            575.400 ms
	Integration of assets:  0.188 ms
	Thread Wait Time:       -0.070 ms
	Total Operation Time:   586.157 ms
Unloading 101 unused Assets / (5.6 MB). Loaded Objects now: 12925.
Memory consumption went from 0.81 GB to 0.81 GB.
Total: 69.597200 ms (FindLiveObjects: 2.060200 ms CreateObjectMapping: 5.286500 ms MarkObjects: 61.635700 ms  DeleteObjects: 0.611900 ms)

[Licensing::Client] Successfully resolved entitlement details
[Licensing::Module] License group:
  Id: F4-S82E-258Q-RRPW-KWCH-XXXX
  Product: Unity Personal
  Type: ULF
  Expiration: Unlimited
[Licensing::Module] License group:
  Id: 15669559352791-UnityPersXXXX
  Product: Unity Personal
  Type: Assigned
  Expiration: Unlimited
Asset Pipeline Refresh (id=206e828ff6c78e84dacb4005c10154ab): Total: 0.113 seconds - Initiated by RefreshV2(AllowForceSynchronousImport)
[Licensing::Client] Error: Code 404 while processing request (status: Found 0 entitlement groups and 0 free entitlements matching requested entitlement ids)
Importing 'GUID: 0000000000000000b000000000000000 - Path: ProjectSettings/EditorBuildSettings.asset' with importer (LibraryAssetImporter)
Imported 'GUID: 0000000000000000b000000000000000' -> (Import Result ID: '541f0aa03b4be460d0fe9007ce7a638d') in 0.014 seconds [static dependencies only]. Details - ImportResultOutputID=4647dd083cfc32cebcd7526e8846440c DependenciesID=1079207d88d50fb71db1e1182d3de812 StaticDependenciesID=e92df6a8cdf153797870494d84f2c9d1 
Refreshing native plugins compatible for Editor in 18.89 ms, found 5 plugins.

Asset Pipeline Refresh (id=1ce0c7462c63cc440874460c874bd3b2): Total: 0.862 seconds - Initiated by StopAssetImportingV2(NoUpdateAssetOptions)
	(Values over 0.05ms)
	Summary:
		Imports: total=1 (actual=1, local cache=0, cache server=0)
		Asset DB Process Time: managed=2 ms, native=254 ms
		Asset DB Callback time: managed=558 ms, native=45 ms
		Scripting: domain reloads=0, domain reload time=0 ms, compile time=0 ms, other=0 ms
		Project Asset Count: scripts=2160, non-scripts=5551
		Asset File Changes: new=0, changed=0, moved=0, deleted=0
		Scan Filter Count: 1
	ApplyChangesToAssetFolders: 0.380ms
	Scan: 52.677ms
	Collect global state as custom dependencies: 0.128ms
	ProcessAssetsWithTransientArtifactChanges: 0.487ms
	CategorizeAssets: 7.007ms
	ImportOutOfDateAssets: 182.960ms (31.492ms without children)
		ImportManagerImport: 16.862ms (2.753ms without children)
		ReloadNativeAssets: 0.125ms
		UnloadImportedAssets: 0.450ms
		EnsureUptoDateAssetsAreRegisteredWithGuidPM: 2.197ms
		ImportSchedulerStart: 131.824ms
	PostProcessAllAssets: 582.538ms
		XRBuildSystem.XRAssetImported 22.721ms
		MonoPostProcessAllAssets: 558.584ms
			AssetReferenceReimportMonitor.OnPostprocessAllAssets 75.917ms
			BuilderAssetPostprocessor.OnPostprocessAllAssets 15.588ms
			AssetPostprocessor.OnPostprocessAllAssets 12.510ms
			AssetChangedListener.OnPostprocessAllAssets 9.147ms
			SpriteSlicePostprocessor.OnPostprocessAllAssets 7.243ms
			SyncVS.PostprocessSyncProject 5.843ms
			ShaderGraphAssetPostProcessor.OnPostprocessAllAssets 5.843ms
			RetainedModeAssetPostprocessor.OnPostprocessAllAssets 2.739ms
			SpriteEditorTexturePostprocessor.OnPostprocessAllAssets 2.331ms
			PostProcessor.OnPostprocessAllAssets 1.477ms
			ArtifactBrowserPostProcessor.OnPostprocessAllAssets 1.209ms
			MaterialPostprocessor.OnPostprocessAllAssets 1.172ms
			ModelAssetProcessor.OnPostprocessAllAssets 1.165ms
			TextAssetPostProcessor.OnPostprocessAllAssets 1.079ms
			SkillsProjectAssetPostprocessor.OnPostprocessAllAssets 1.078ms
			TMPro_TexturePostProcessor.OnPostprocessAllAssets 0.979ms
			SampleDependencyImporterPostProcessor.OnPostprocessAllAssets 0.870ms
			UVCSAssetPostprocessor.OnPostprocessAllAssets 0.852ms
			AudioMixerPostprocessor.OnPostprocessAllAssets 0.755ms
			InputActionJsonNameModifierAssetProcessor.OnPostprocessAllAssets 0.685ms
			SamplePostprocessor.OnPostprocessAllAssets 0.637ms
			SpeedTreePostProcessor.OnPostprocessAllAssets 0.585ms
			StyleCatalogPostProcessor.OnPostprocessAllAssets 0.476ms
			AssetEvents.OnPostprocessAllAssets 0.472ms
			ScenarioDriftAssetsTracker.OnPostprocessAllAssets 0.417ms
			ConfigAssetsTracker.OnPostprocessAllAssets 0.374ms
			RenderPipelineGlobalSettingsPostprocessor.OnPostprocessAllAssets 0.314ms
			InputActionAssetPostprocessor.OnPostprocessAllAssets 0.286ms
			GraphRefreshPostprocessor.OnPostprocessAllAssets 0.275ms
			TrackSelectedAssetsProcessor.OnPostprocessAllAssets 0.185ms
			AudioContainerPostProcessor.OnPostprocessAllAssets 0.124ms
			SpeedTree9Postprocessor.OnPostprocessAllAssets 0.053ms
	PostAssetChangesProfiler: 21.743ms
	GatherAllCurrentPrimaryImportResultRevisions: 0.579ms
	UnloadStreamsBegin: 4.358ms
	PersistCurrentRevisions: 0.447ms
	Untracked: 8.082ms

Importing 'GUID: 99c9720ab356a0642a771bea13969a05 - Path: Assets/Scenes/GameScene.unity' with importer (DefaultImporter)
Imported 'GUID: 99c9720ab356a0642a771bea13969a05' -> (Import Result ID: '58c7d3d66de053aa651141c50bc1bb69') in 0.005 seconds [static dependencies only]. Details - ImportResultOutputID=204cd3d35d55972754313a6d1042cb8d DependenciesID=3bf12e41f19393e4bf2699c589b576a5 StaticDependenciesID=8622a67111b6808ec2a3d041f0d06847 
Refreshing native plugins compatible for Editor in 15.74 ms, found 5 plugins.
Asset Pipeline Refresh (id=8298c87b6aa61a642bb55160923b50a8): Total: 0.262 seconds - Initiated by StopAssetImportingV2(NoUpdateAssetOptions)
MonoPathRemapper: Attempts to remap: 175836; Successful remaps: 41062
Serialized file version minimum: 22, current 23
[LAYOUT] About to save layout C:\Users\ikesakutarou\t6-M6\Molkky\UserSettings\Layouts\default-6000.dwlt
[LAYOUT] About to save layout C:/Users/ikesakutarou/AppData/Roaming/Unity/Editor-5.x/Preferences\Layouts\current\default-6000.dwlt
[INFO ] [relay] log Shutdown request received from client editor-8924-eo9p9x
[INFO ] [relay] log Unity client requested immediate shutdown - shutting down now, reason: Shutdown requested by client
[INFO ] [relay] log Shutdown: Initiating graceful shutdown: Shutdown requested by client
SUCCESS: The process with PID 3128 (child process of PID 7212) has been terminated.
SUCCESS: The process with PID 7212 (child process of PID 8924) has been terminated.
Input System module state changed to: ShutdownInProgress.
Input Polling Thread exited.
Input System module state changed to: Shutdown.
[Physics::Module] Cleanup current backend.
[Physics::Module] Id: 0xf2b8ea05
[Licensing::IpcConnector] LicenseClient-ikesakutarou-6000.5.0-notifications channel disconnected successfully.
[Licensing::IpcConnector] LicenseClient-ikesakutarou-6000.5.0 channel disconnected successfully.
[main 2026-07-29T02:20:41.151Z] [UtilityProcess type: shared-process, pid: 15152]: crashed with code 1073807364 and reason 'killed'
[main 2026-07-29T02:20:41.153Z] [network process] gone - pid: 2888, exitCode: 1073807364, crashed: true, crashedPreIPC: false
[main 2026-07-29T02:20:41.209Z] [UtilityProcess type: agentHost, pid: 21752]: unable to kill the process
[main 2026-07-29T02:20:41.211Z] [UtilityProcess id: 1, type: fileWatcher, pid: 2512]: unable to kill the process
